mention_id,src,site,product_ref,need_key,polarity,strength,observed_at,month,text_ref,sentence
1,review,oliveyoung,oy:A000000248065,건조,불만,0.0,2026-08-18,2026-08,A000000248065/64415296,건조함 ㄴㅂㅈㅇ을 발랐을 때는 피부가 땡겨서 간지러울 정도로 건조하다고 느꼈는데 구달 썬비비는 전혀 건조함을 못 느꼈어요 2.
2,review,oliveyoung,oy:A000000248065,색상어두움,불만,0.0,2026-08-18,2026-08,A000000248065/64415296,"색상 색상이 어두운게 유일한 단점이었는데 라이트베이지 나오면서 그 단점마저 사라짐 ㅎㄹ 블쿠 13호, ㄴㅇㅁ 올마 쿠션 21P 쓰는데 요"
3,review,oliveyoung,oy:A000000248065,트러블,불만,0.0,2026-08-18,2026-08,A000000248065/64415296,"피부 자극, 제형 개복치 피부라 뭐 하나만 잘못 써도 뒤집어지는데 구달 썬비비는 자극도 없고 도구 없이 손으로 발라도 피부표현 예쁘게 되는 제형이에요"
4,review,oliveyoung,oy:A000000248065,밀림,만족,0.0,2026-08-18,2026-08,A000000248065/64415296,뻑뻑함이 1도 없는 촉촉한 제형이라 들뜨거나 딱히 스킨케어를 타거나 하지도 않음 또 썬비비다
5,review,oliveyoung,oy:A000000248065,답답무거움,만족,0.0,2026-08-18,2026-08,A000000248065/64415296,보니 피부에 두껍게 올라가지 않아서 답답함도 없음 원래 피부 화장만 20분 걸리는 사람인데 구달 썬비비는 신경 써서 바르지 않아도 피부 표현이 예뻐서 3분 컷임 진짜 너무 좋아서 다들 꼬옥 써보셨으면 합니다..
6,review,oliveyoung,oy:A000000248065,지속력워터,만족,0.0,2026-08-17,2026-08,A000000248065/64404712,"좀 더 띡하게 올라가긴하는데 덕분에 커버가 엄청 잘되고, 지워짐도 별로 없어서 가볍게 바르기 너무좋아용..."
7,review,oliveyoung,oy:A000000248065,밀림,만족,0.0,2026-08-17,2026-08,A000000248065/64402765,저는 뜨는것도 없었고 밀림도 없었어요
8,review,oliveyoung,oy:A000000248065,백탁,만족,0.0,2026-08-17,2026-08,A000000248065/64402765,그리고 부드럽게 잘 발리고 제가 얇게 발라서 그런지 백탁은 없었고 톤보정이 조금은 되었던거 같아요
10,review,oliveyoung,oy:A000000248065,끈적유분,불만,0.0,2026-08-17,2026-08,A000000248065/64388268,발림성: 선&비비라 무거울까 유분감 느껴질까 걱정했는데 가볍게 발리고 커버도 잘되서 만족해요.
11,review,oliveyoung,oy:A000000248065,향,만족,0.0,2026-08-17,2026-08,A000000248065/64376657,확실히 밝은 것 같고 발림성이 너무 부드럽고 향도 없어서 맘에 들어용 자연스럽게 밝아지고 가격대비 굳입니다
12,review,oliveyoung,oy:A000000248065,건조,만족,0.0,2026-08-16,2026-08,A000000248065/64359819,발림성 좋고 건조하지 않고 커버까지 좋아요
13,review,oliveyoung,oy:A000000248065,색상어두움,불만,0.0,2026-08-16,2026-08,A000000248065/64356133,제가 순하고 좋은데 색깔이 조금 어두워서 아쉬웠어요.
14,review,oliveyoung,oy:A000000248065,답답무거움,만족,0.0,2026-08-16,2026-08,A000000248065/64346398,피부가 답답해 보이지 않고 전체적으로 깔끔하게 정돈되는 느낌이라 데일리로 손이 자주 가더라고요.
17,review,oliveyoung,oy:A000000248065,밀림,만족,0.0,2026-08-15,2026-08,A000000248065/64294277,발림성이 좋구 들뜨지않아서 만족하며 사용중입니다
18,review,oliveyoung,oy:A000000248065,용량가격,만족,0.0,2026-08-15,2026-08,A000000248065/64284489,디자인이 너무 귀엽고 용량도 딱 적당해서 만족하며 사용중입니다
19,review,oliveyoung,oy:A000000248065,답답무거움,만족,0.0,2026-08-15,2026-08,A000000248065/64283467,피부가 답답하지도 않고 무너지지도 않은ㅁ 앞으로도 이거 쓸듯 대신 피부 좋은사람이 써야 피부표현이 예쁨 끼임은 있어요
21,review,oliveyoung,oy:A000000248065,끈적유분,만족,0.0,2026-08-14,2026-08,A000000248065/64232454,끈적임이 심하지 않고 발림성도 부드러워 메이크업 전에 사용해도 밀림이 거의 없었어요.
22,review,oliveyoung,oy:A000000248065,답답무거움,불만,0.0,2026-08-14,2026-08,A000000248065/64232454,"시간이 지나도 답답한 느낌이 적었고, 외출할 때 부담 없이 손이 자주 가는 제품입니다."
23,review,oliveyoung,oy:A000000248065,밀림,만족,0.0,2026-08-14,2026-08,A000000248065/64227118,다른 선크림비해서 뭉침도없고 자연스럽게 피부가 밝게 올라가는것같아요
24,review,oliveyoung,oy:A000000248065,향,불만,0.0,2026-08-14,2026-08,A000000248065/64226110,아쉬운거는 냄새가....
25,review,oliveyoung,oy:A000000248065,향,불만,0.0,2026-08-14,2026-08,A000000248065/64226110,하고 난 뒤에도 구리구리한 냄새가 계속 올라와요
26,review,oliveyoung,oy:A000000248065,향,불만,0.0,2026-08-14,2026-08,A000000248065/64226110,찰흙냄새?
27,review,oliveyoung,oy:A000000248065,향,불만,0.0,2026-08-14,2026-08,A000000248065/64226110,가루냄새?
28,review,oliveyoung,oy:A000000248065,트러블,불만,0.0,2026-08-14,2026-08,A000000248065/64226110,뭔 냄새인지는 모르겠는데 이 썬크림만 쓰면 특유의 냄새가 계속 올라오더라구요ㅠㅠㅠ
29,review,oliveyoung,oy:A000000248065,답답무거움,만족,0.0,2026-08-13,2026-08,A000000248065/64213100,"답답하거나 두껍지 않은 사용감이라 데일리로 사용하기 좋았고, 기획 구성까지 알차서 더욱 만족스러웠어요."
31,review,oliveyoung,oy:A000000248065,색상어두움,불만,0.8,2026-08-13,2026-08,A000000248065/64194047,지성이 쓰기엔 묽고 너무너무너무 어두워요
32,review,oliveyoung,oy:A000000248065,색상어두움,만족,0.8,2026-08-13,2026-08,A000000248065/64194047,어두워서 손이 안 가요
33,review,oliveyoung,oy:A000000248065,색상어두움,불만,0.8,2026-08-13,2026-08,A000000248065/64194047,피부에 맞게 맞춰진다고 그래서 샀는데 전혀 아니구 그냥 한없이 어두움
34,review,oliveyoung,oy:A000000248065,기타불만,불만,0.8,2026-08-03,2026-08,A000000248065/63721125,발림성도 별로임 차라리 이거살빠엔 핑크색 톤업썬크림 사는게 나음
36,review,oliveyoung,oy:A000000248065,트러블,불만,0.8,2026-08-02,2026-08,A000000248065/63654999,구달 처음써봤는데 피부 뒤집어져서 비비같은 순한 제품쓰려고 이거 샀는데 한번쓰고 버렸어요…….
38,review,oliveyoung,oy:A000000248065,트러블,불만,0.8,2026-08-02,2026-08,A000000248065/63654999,뒤집어졌어요….ㅆ
49,review,oliveyoung,oy:A000000248065,색상어두움,불만,0.8,2026-07-26,2026-07,A000000248065/63329146,발림성은 괜찮긴 한데 색상이 너무 어두워요ㅠㅠ
51,review,oliveyoung,oy:A000000248065,밀림,불만,0.8,2026-07-24,2026-07,A000000248065/63281216,어떤 타입에 맞는지 어떤니즈에 맞는지 잘 모르겠는 제품 덜 더운날 발라도 들뜨고 흘러내리더라고요
52,review,oliveyoung,oy:A000000248065,기타불만,불만,0.8,2026-07-24,2026-07,A000000248065/63281216,색상도 발림성도 어중간템 지속력 별로고 왜 발라야하는지 모르겠음 그냥 선크림이 간편
53,review,oliveyoung,oy:A000000248065,트러블,불만,0.8,2026-07-23,2026-07,A000000248065/63241005,구매하고서 바른 첫날 바로 온 얼굴에 트러블이 올라와서 바로 사용중단 했어요
54,review,oliveyoung,oy:A000000248065,기타불만,불만,0.8,2026-07-23,2026-07,A000000248065/63241005,겨우겨우 진정시키고 화장대 처박템이 됐습니다
55,review,oliveyoung,oy:A000000248065,트러블,불만,0.8,2026-06-28,2026-06,A000000248065/62073174,바르면 얼굴에 트러블 올라와요
56,review,oliveyoung,oy:A000000248065,톤업색상,만족,0.8,2026-06-28,2026-06,A000000248065/62073174,색상은 23호가 쓰기에 나쁘지 않은 듯해요
57,review,oliveyoung,oy:A000000248065,지속력워터,만족,0.8,2026-06-28,2026-06,A000000248065/62073174,무너짐도 안 예쁘고 스치면 벗겨집니다
58,review,oliveyoung,oy:A000000248065,기타불만,불만,0.8,2026-06-28,2026-06,A000000248065/62073174,별로에요…
65,review,oliveyoung,oy:A000000248065,기타불만,불만,0.8,2026-06-24,2026-06,A000000248065/61915655,별로임 원래도 비비선호하지 않지만 얘 제품력 별로임
67,review,oliveyoung,oy:A000000248065,답답무거움,불만,0.8,2026-06-20,2026-06,A000000248065/61753662,너무 두껍게 발리고 색도 촌스러워요ㅠㅠ
69,review,oliveyoung,oy:A000000248065,밀림,불만,0.8,2026-06-09,2026-06,A000000248065/61275219,여드름나고 뜨고 난리부르스에요...;;하...
71,review,oliveyoung,oy:A000000248065,지속력워터,만족,0.8,2026-06-08,2026-06,A000000248065/61185201,묻어나서 손이 안갑니다
73,review,oliveyoung,oy:A000000248065,밀림,만족,0.8,2026-06-08,2026-06,A000000248065/61185201,바르면 밀릴때도 있고 재구매는 없습니다
74,review,oliveyoung,oy:A000000248065,발림텍스처,만족,0.8,2026-06-05,2026-06,A000000248065/61047518,자극없고 발림셩이 좋은데 저한테는 너무너무 밝아요..테스트 해보시고 사세요
75,review,oliveyoung,oy:A000000248065,트러블,불만,0.8,2026-06-03,2026-06,A000000248065/60869436,이거 바르면 얼굴에 뭐가 나요..
76,review,oliveyoung,oy:A000000248065,자극따가움,불만,0.8,2026-06-03,2026-06,A000000248065/60869436,화농성은 아니고 알러지?처럼 간지러운 애들이 생겨서 저녁쯤엔 얼굴이 넘 간지러움 ㅜㅜ
79,review,oliveyoung,oy:A000000248065,끈적유분,불만,0.8,2026-06-02,2026-06,A000000248065/60790018,"선비비 즐겨 바르는 편이라 구달에서 나와서 좋을거 같아 구매했는데, 저한테는 색상이 어둡고 유분이 돌아요ㅠㅠ"
80,review,oliveyoung,oy:A000000248065,건조,불만,0.8,2026-05-30,2026-05,A000000248065/60417873,순하긴한데 자연스러운거 좋아해서 평소 22호 쓰는데도 너무 밝고 건조함...
81,review,oliveyoung,oy:A000000248065,색상어두움,불만,0.8,2026-05-28,2026-05,A000000248065/60309825,21호 추천이라고 했는데 제 기준 좀 어두워요..
83,review,oliveyoung,oy:A000000248065,기타불만,불만,0.8,2026-05-27,2026-05,A000000248065/60274932,진짜 별로에요..
85,review,oliveyoung,oy:A000000248065,지속력워터,만족,0.8,2026-05-27,2026-05,A000000248065/60274932,잘 쓰는데 얘는 묻어남이 너무너무 심해서 쓸 수가 없어요.
91,review,oliveyoung,oy:A000000248065,끈적유분,불만,0.8,2026-05-10,2026-05,A000000248065/59506629,얼굴에서 겉돌고 찝찝해요 ㅠㅠ
92,review,oliveyoung,oy:A000000248065,기타불만,불만,0.8,2026-05-08,2026-05,A000000248065/59394237,별로임 얼굴똥색••• 바르면 나보다
93,review,oliveyoung,oy:A000000248065,백탁,불만,0.8,2026-05-08,2026-05,A000000248065/59394237,까매지고 다크닝잇어요
95,review,oliveyoung,oy:A000000248065,끈적유분,불만,0.8,2026-05-07,2026-05,A000000248065/59359722,번들거림 대박.
96,review,oliveyoung,oy:A000000248065,색상어두움,불만,0.8,2026-05-07,2026-05,A000000248065/59359722,컬러도 너무 어두움 ㅠ
97,review,oliveyoung,oy:A000000248065,기타불만,불만,0.8,2026-05-07,2026-05,A000000248065/59359722,파데프리 절대 불가
98,review,oliveyoung,oy:A000000248065,트러블,불만,0.8,2026-05-07,2026-05,A000000248065/59354119,매일 사용하니깐 얼굴 곳곳에 왕여드름이 잔뜩 올라왔어요...
99,review,oliveyoung,oy:A000000248065,자극따가움,불만,0.8,2026-05-07,2026-05,A000000248065/59354119,아침에는 없었는데 바르고 저녁되니깐 5개가 올라왔어요....진정 효과 같은건 는없는듯....그리고 피부 간지러워요....
100,review,oliveyoung,oy:A000000248065,지속력워터,불만,0.8,2026-05-07,2026-05,A000000248065/59354119,여름에 땀나면 코부분 지워지고 찍힘 심해요..ㅠ
101,review,oliveyoung,oy:A000000248065,끈적유분,만족,0.8,2026-04-27,2026-04,A000000248065/58893835,"두껍고,,잿빛에, 기름올라오고 재구매의사 없음 남은것도 버릴기세"
102,review,oliveyoung,oy:A000000248065,색상어두움,불만,0.8,2026-04-26,2026-04,A000000248065/58864750,너무 어두워요
104,review,oliveyoung,oy:A000000248065,색상어두움,불만,0.8,2026-04-26,2026-04,A000000248065/58864750,너무 어두워
105,review,oliveyoung,oy:A000000248065,기타불만,불만,0.8,2026-04-23,2026-04,A000000248065/58741525,홍보에 속아서 2통 샀다가 진짜진짜 후회해요
108,review,oliveyoung,oy:A000000248065,답답무거움,불만,0.8,2026-04-23,2026-04,A000000248065/58741525,진짜 너무 두껍게 발려서 전화하면 핸드폰 액정에 비비가 묻어나와요..ㅋㅋㅋ
109,review,oliveyoung,oy:A000000248065,끈적유분,불만,0.8,2026-04-23,2026-04,A000000248065/58741525,그리고 얼굴에 유분 올라오기 시작하면 밀착력 없이 그냥 다
112,review,oliveyoung,oy:A000000248065,트러블,불만,0.8,2026-04-18,2026-04,A000000248065/58547437,이거 쓰고 계속 뭐가 나요 ㅠㅠㅠ
113,review,oliveyoung,oy:A000000248065,색상어두움,불만,0.8,2026-04-18,2026-04,A000000248065/58547437,그리고 색도 어두워서 23호 진짜 자연스러운 화장하는 분들만 쓰셔야 할 듯
114,review,oliveyoung,oy:A000000248065,기타불만,불만,0.8,2026-04-14,2026-04,A000000248065/58421267,규진님 영상보고 믿고산건데 최악이에요.
116,review,oliveyoung,oy:A000000248065,끈적유분,불만,0.8,2026-04-12,2026-04,A000000248065/58324136,색깔 어둡고 여드름 올라오고 시간 지나면 유분기 너무 올라와요.
118,review,oliveyoung,oy:A000000248065,트러블,불만,0.8,2026-04-11,2026-04,A000000248065/58273765,일단 다크닝 있고 이거 바르고 안나던 여드름이 많이 올라왔어요
121,review,oliveyoung,oy:A000000248065,색상어두움,불만,0.8,2026-04-04,2026-04,A000000248065/57926917,23호인데 너무 회끼가 많이 돌고 밝아서 못쓰겠어요 ㅠㅠㅜ
123,review,oliveyoung,oy:A000000248065,자극따가움,불만,0.8,2026-04-03,2026-04,A000000248065/57867456,바르니 계속 피부가 간질간질 따끔거려서 다
124,review,oliveyoung,oy:A000000248065,기타불만,불만,0.8,2026-04-03,2026-04,A000000248065/57867456,씻어냈너요ㅠㅜ돈 버렸네요...
127,review,oliveyoung,oy:A000000248065,건조,불만,0.8,2026-04-03,2026-04,A000000248065/57867456,BB 바르다가 가려워진건 처음이라 좀 충격...커버력 괜찮고 매트한 마무리지만 속건조는 못느꼈어요.피부에 맞으면 좋았을텐데 아쉽네요ㅠ
130,review,oliveyoung,oy:A000000248065,기타불만,불만,0.8,2026-03-28,2026-03,A000000248065/57598107,너무 별로에요
131,review,oliveyoung,oy:A000000248065,기타불만,불만,0.8,2026-03-28,2026-03,A000000248065/57598107,절대사지마세오 개뻑뻑 개별로 내돈이아깝다
133,review,oliveyoung,oy:A000000248065,색상어두움,불만,0.8,2026-03-20,2026-03,A000000248065/57296304,21호 톤이라고 했는데 제 기준 좀 어두워요ㅠ
136,review,oliveyoung,oy:A000000248065,백탁,만족,0.8,2026-03-19,2026-03,A000000248065/57272155,저는 21호에 얼굴이 그렇게 하얀편도 아닌데 하얘지지도 않고 회끼가 너무 심하게 돌아서 얼굴이 잿빛이 됐어요..
140,review,oliveyoung,oy:A000000248065,건조,불만,0.8,2026-03-19,2026-03,A000000248065/57272155,그리구 건조감도 있어요
141,review,oliveyoung,oy:A000000248065,건조,불만,0.8,2026-03-19,2026-03,A000000248065/57272155,그렇게 악건성은 아닌데다가 기초도 수분라인으로 엄청 꼼꼼히 하는 편인데도 심하게 뜨는건 아니지만 건조한게 느껴지더라고요..
144,review,oliveyoung,oy:A000000248065,트러블,불만,0.8,2026-03-11,2026-03,A000000248065/56963241,혹시 몰라서 코와 인중 주위에만 발라보았는데 씻고 난 이후에 코랑 인중 사이에도 개아픈 여드름 났어요
145,review,oliveyoung,oy:A000000248065,트러블,불만,0.8,2026-03-11,2026-03,A000000248065/56963241,코옆면에도 (지금은 진정되었지만) 아픈 여드름났어요
146,review,oliveyoung,oy:A000000248065,트러블,불만,0.8,2026-03-11,2026-03,A000000248065/56963241,요즘엔 여드름도 잘 안나다가 이것 때문에 뒤집어졌습뇨..
148,review,oliveyoung,oy:A000000248065,트러블,불만,0.8,2026-03-11,2026-03,A000000248065/56938118,그리고 원래 여드름 하나 없는 피부였는데 이거 3일 쓰고 눈 주위에 좁쌀 올라와서 깜짝 놀랐어요 ㅠㅠ
151,review,oliveyoung,oy:A000000248065,발림텍스처,만족,0.8,2026-03-11,2026-03,A000000248065/56938105,✔️피부타임: 수부지 ✔️제품발림성 및 색상: 선비비라 해서 조금은 가볍고 커버력 있는 제품을 기대했지만 일단 가볍게 올라가는 타입은 아니고 손으로 바르기에도 난이도가 있어요..
152,review,oliveyoung,oy:A000000248065,밀림,불만,0.8,2026-03-11,2026-03,A000000248065/56938105,퍼프를 사용해야지 그나마 바르기 편하고 개인적으로 밀림현상이 너무 심해서 매번 고생했어요..😭 색상은 21호가 쓰기에 너무 어두웠고 23호 피부가 쓰면 딱 좋을거 같습니다!
153,review,oliveyoung,oy:A000000248065,자극따가움,불만,0.8,2026-03-11,2026-03,A000000248065/56938105,"✔️커버력: 일단 홍조,붉은 여드름 자국 커버 10%정도 되는거 같아요.."
155,review,oliveyoung,oy:A000000248065,끈적유분,불만,0.8,2026-03-11,2026-03,A000000248065/56938105,✔️지속력:지속력은 굿 But 시간이 지나면서 유분기가 너무 올라옴..
156,review,oliveyoung,oy:A000000248065,발림텍스처,만족,0.8,2026-03-11,2026-03,A000000248065/56938105,"수정화장 필수 ✅총평: 피부표현이나 지속력은 괜찮은편이지만 색상,발림성,커버력 등을 기대하고 사면 알될거 같다!"
157,review,oliveyoung,oy:A000000248065,트러블,불만,0.8,2026-03-11,2026-03,A000000248065/56938105,그리고 마지막으로 저도 이 제품만 쓰면 여드름이 한 두개 올라오더라구요😭 다시는 구매안할거 같아요!
158,review,oliveyoung,oy:A000000248065,백탁,불만,0.8,2026-03-10,2026-03,A000000248065/56920049,선비비라 편하고 발림성 괜찮음 하지만 다크닝이 심한 거 같음 점심에 얼굴보니 평소보다
162,review,oliveyoung,oy:A000000248065,색상어두움,불만,0.8,2026-03-10,2026-03,A000000248065/56889830,근데 이건 제 기준에서도 어두워요 ㅋㅋㅋ
164,review,oliveyoung,oy:A000000248065,끈적유분,불만,0.8,2026-03-10,2026-03,A000000248065/56889830,제가 바르니까 홍조커버가 어느정도 되긴한데 너무 번들거리고 무엇보다
165,review,oliveyoung,oy:A000000248065,백탁,불만,0.8,2026-03-10,2026-03,A000000248065/56889830,시멘트 바른거마냥 안색이 안좋아져요...
171,review,oliveyoung,oy:A000000248065,트러블,불만,0.8,2026-03-08,2026-03,A000000248065/56776432,트러블 올라왔다는거 보니까 성분이 좋진 않은거같아요
173,review,oliveyoung,oy:A000000248065,끈적유분,불만,0.8,2026-03-08,2026-03,A000000248065/56776432,기름이 좀 많이올라오는거같아오ㅠ
176,review,oliveyoung,oy:A000000248065,트러블,불만,0.8,2026-03-07,2026-03,A000000248065/56722523,스칸케어 성분도 많고 자극적이지 않다는 유투버 담* 님 & 제작하신 규진님 영상 참고해서 구매했는데 컬러도 컬러구 왕 뾰류지 올라와서 한번 쓰고 방치중입니다 ㅠ
177,review,oliveyoung,oy:A000000248065,톤업색상,만족,0.8,2026-03-07,2026-03,A000000248065/56722523,너무 촉톡하지 않고 부드럽게.표발려지는 부분은 맘에 드눈데 컬러가 진짜 무슨 붉은 토인처럼 보이고 뽀루지도 올라와서 매우 아쉬운 제품입니다...
181,review,oliveyoung,oy:A000000257580,백탁,만족,0.0,2026-08-18,2026-08,A000000257580/64415407,백탁도 없고 여러 번 덧발라도 눈시림이 없어서 미음에 듭니다 ㅎㅎ
183,review,oliveyoung,oy:A000000257580,끈적유분,만족,0.0,2026-08-18,2026-08,A000000257580/64415403,많이 발라도 유분기가 없어서 자꾸 손이 가는거같아요~ㅎㅎ
184,review,oliveyoung,oy:A000000257580,답답무거움,불만,0.0,2026-08-18,2026-08,A000000257580/64415367,이름처럼 답답하게 막을 씌운 느낌보다는 촉촉하고 가볍게 마무리되는 느낌이라 데일리로 사용하기 좋았습니다.
185,review,oliveyoung,oy:A000000257580,백탁,만족,0.0,2026-08-18,2026-08,A000000257580/64415367,"백탁이 심하지 않고 자연스럽게 밀착돼서 목까지 함께 바르기 편했고, 메이크업 전에 사용해도 밀림이 크게 느껴지지 않았어요."
186,review,oliveyoung,oy:A000000257580,밀림,만족,0.0,2026-08-18,2026-08,A000000257580/64415326,밀림도 전혀 없어요
187,review,oliveyoung,oy:A000000257580,답답무거움,만족,0.0,2026-08-18,2026-08,A000000257580/64415004,피부에 답답하게 올라가는 느낌 없이 촉촉하게 발려서 데일리로 사용하기 좋아요.
188,review,oliveyoung,oy:A000000257580,백탁,만족,0.0,2026-08-18,2026-08,A000000257580/64415004,백탁도 심하지 않고 피부에 자연스럽게 밀착돼서 부담 없이 바를 수 있었어요.
189,review,oliveyoung,oy:A000000257580,끈적유분,만족,0.0,2026-08-18,2026-08,A000000257580/64415004,"끈적임이 심하지 않아 메이크업 전에 사용하기에도 괜찮았고, 여러 번 덧발라도 뭉침이 적어서 좋았어요."
191,review,oliveyoung,oy:A000000257580,밀림,불만,0.0,2026-08-18,2026-08,A000000257580/64414924,끈적거리지도 않고 그렇다고 건조하지도 않고 화장도 안밀려요!!
192,review,oliveyoung,oy:A000000257580,눈시림,만족,0.0,2026-08-18,2026-08,A000000257580/64414591,눈시림 없고 발림성 너무 좋은 선크림!!
193,review,oliveyoung,oy:A000000257580,끈적유분,만족,0.0,2026-08-18,2026-08,A000000257580/64414567,끈적임 없이 진짜 가볍게 발리는 선크림입니다!!
194,review,oliveyoung,oy:A000000257580,답답무거움,불만,0.0,2026-08-18,2026-08,A000000257580/64414442,여름이라 매일 선크림을 바르는데 답답하거나 끈적이는 제품은 손이 잘 안 가서 VT 피디알엔 에어 클라우드 선스크린을 사용해봤어요.
195,review,oliveyoung,oy:A000000257580,밀림,불만,0.0,2026-08-18,2026-08,A000000257580/64414442,백탁도 심하지 않고 자연스럽게 마무리돼서 메이크업 전에 발라도 밀림이 적었어요.
196,review,oliveyoung,oy:A000000257580,끈적유분,만족,0.0,2026-08-18,2026-08,A000000257580/64414442,촉촉함은 남아 있는데 끈적임은 덜해서 지성이나 복합성 피부도 부담 없이 쓸 수 있을 것 같아요.
197,review,oliveyoung,oy:A000000257580,답답무거움,만족,0.0,2026-08-18,2026-08,A000000257580/64414442,"외출 전 목까지 넉넉하게 바르기 좋고, 덧바를 때도 답답함이 덜했습니다."
199,review,oliveyoung,oy:A000000257580,백탁,만족,0.0,2026-08-18,2026-08,A000000257580/64414332,안바른듯하고 백탁없고 다
200,review,oliveyoung,oy:A000000257580,자극따가움,불만,0.0,2026-08-18,2026-08,A000000257580/64414332,좋은데 시간지남 때처럼 밀리는 단점이 화장전에는 못바를듯
201,review,oliveyoung,oy:A000000257580,건조,불만,0.0,2026-08-18,2026-08,A000000257580/64414284,날씨가 곧 건조해질 텐데 가을 되면 굉장히 잘 쓸 것 같아요.
202,review,oliveyoung,oy:A000000257580,백탁,만족,0.0,2026-08-18,2026-08,A000000257580/64414284,진짜로 아무것도 안 바른 것처럼 가볍고 세럼 바른 것처럼 백탁 현상이 전혀 없어요.
203,review,oliveyoung,oy:A000000257580,눈시림,만족,0.0,2026-08-18,2026-08,A000000257580/64414284,눈시림이 없다는 것이 제일 마음에 드네요.
204,review,oliveyoung,oy:A000000257580,끈적유분,만족,0.0,2026-08-18,2026-08,A000000257580/64414052,끈적임 없이 잘 흡수되요.
205,review,oliveyoung,oy:A000000257580,건조,불만,0.0,2026-08-18,2026-08,A000000257580/64413783,수분도 많고 건조한 피부에 적합한 화장품인거 같아요
207,review,oliveyoung,oy:A000000257580,백탁,만족,0.0,2026-08-18,2026-08,A000000257580/64412993,엄청 묽고 백탁현상 하나도 없이 잘 발리네요.
208,review,oliveyoung,oy:A000000257580,자극따가움,만족,0.0,2026-08-18,2026-08,A000000257580/64412993,흡수가 느리다거나 냄새가 이상하거나 피부에 자극이 갔었는데 이 제품은 진짜 완벽한 것 같습니다.
209,review,oliveyoung,oy:A000000257580,끈적유분,만족,0.0,2026-08-18,2026-08,A000000257580/64412436,개좋음 하나도 안끈적이고 그냥 로션 바르는거 같아서 이것저것 쌓을때 최고
210,review,oliveyoung,oy:A000000257580,끈적유분,만족,0.0,2026-08-18,2026-08,A000000257580/64412314,밀착되면서 피부에 안착되는 로션제형이라 촉촉한데 아무것도 안바른듯 가벼움만 남아서 끈적임이나 잔여감 없어서 좋았어요!
211,review,oliveyoung,oy:A000000257580,백탁,만족,0.0,2026-08-18,2026-08,A000000257580/64412314,백탁이나 번들거림 없는 제형이라 운동갈때나 가볍게 산책할때 손이 젤 많이 가는템!
212,review,oliveyoung,oy:A000000257580,끈적유분,만족,0.0,2026-08-18,2026-08,A000000257580/64410071,끈적임이 전혀 없고 공기처럼 가볍게 밀착돼서 아침마다
213,review,oliveyoung,oy:A000000257580,밀림,만족,0.0,2026-08-18,2026-08,A000000257580/64410071,산뜻한 마무리감 덕분에 바로 메이크업을 해도 밀리거나 들뜨지 않아서 너무 만족스럽습니다.
214,review,oliveyoung,oy:A000000257580,답답무거움,불만,0.0,2026-08-18,2026-08,A000000257580/64410071,답답한 선크림 싫어하시는 분들께 정말 강추합니다
215,review,oliveyoung,oy:A000000257580,용량가격,만족,0.0,2026-08-18,2026-08,A000000257580/64409970,가격대비 만족스럽습니다
216,review,oliveyoung,oy:A000000257580,끈적유분,만족,0.0,2026-08-18,2026-08,A000000257580/64409679,가볍고 밀림없이 발린다는게 제일 기대됐었는데 진짜 수분감 촉촉하고 미끌거림없이 산뜻하게 발려요
217,review,oliveyoung,oy:A000000257580,발림텍스처,만족,0.0,2026-08-18,2026-08,A000000257580/64409679,썬크림은 보통 기름지고 무거운 느낌인데 이 제품은 보통의 썬크림을 떠올렸을때 그런 제형과는 완전 반대로 가볍고 수분감이 느껴졌어요!
218,review,oliveyoung,oy:A000000257580,용량가격,만족,0.0,2026-08-18,2026-08,A000000257580/64409679,"용량이 작아서 금방 쓸것 같긴한데, 재구매할것 같아요"
219,review,oliveyoung,oy:A000000257580,백탁,만족,0.0,2026-08-18,2026-08,A000000257580/64409511,피부에 촉촉하게 밀착되면서 백탁이 눈에 띄지 않아 데일리로 사용하기 좋았어요.
220,review,oliveyoung,oy:A000000257580,답답무거움,만족,0.0,2026-08-18,2026-08,A000000257580/64409511,저는 선크림을 바른 뒤 쿠션까지 사용하는 편인데 베이스가 답답하게 느껴지지 않아서 마음에 들었어요.
221,review,oliveyoung,oy:A000000257580,답답무거움,불만,0.0,2026-08-18,2026-08,A000000257580/64409511,특히 더운 날에도 무거운 선크림보다는 이런 가벼운 제형이 손이 많이 가더라고요.
223,review,oliveyoung,oy:A000000257580,눈시림,만족,0.0,2026-08-18,2026-08,A000000257580/64409326,땀이 많이 나도 눈시림 없는 선크림이라 야외활동 시에도 안심하고 편하게 바르고 있습니다!!
224,review,oliveyoung,oy:A000000257580,백탁,만족,0.0,2026-08-18,2026-08,A000000257580/64408995,"백탁 없이 깔끔하고 촉촉하게 스며드는데, PDRN 성분 때문인지 다"
225,review,oliveyoung,oy:A000000257580,답답무거움,만족,0.0,2026-08-18,2026-08,A000000257580/64408995,선크림 특유의 끈적임이나 답답함이 전혀 없어서 요즘 아침마다
226,review,oliveyoung,oy:A000000257580,눈시림,만족,0.0,2026-08-18,2026-08,A000000257580/64408206,((혹시 몰라서 수정 키트까지 챙겼는데 전혀 사용하지 않았다는 사실~!)) 그리고 가장 칭찬하고 싶은 건 눈시림이 없다는거!!
227,review,oliveyoung,oy:A000000257580,백탁,만족,0.0,2026-08-18,2026-08,A000000257580/64408206,백탁도 없어서 다음 단계를 방해하지 않는다는 점도 칭찬할만해요.
228,review,oliveyoung,oy:A000000257580,눈시림,만족,0.0,2026-08-18,2026-08,A000000257580/64408120,가볍고 눈시림없는 선크림이라 순해서 좋았어요!
231,review,oliveyoung,oy:A000000257580,끈적유분,불만,0.0,2026-08-18,2026-08,A000000257580/64407122,안끈적거려요 ㅎㅎ
233,review,oliveyoung,oy:A000000257580,자극따가움,만족,0.0,2026-08-18,2026-08,A000000257580/64406965,흡수가 빠르지않고 순하다는데 좀 따가웠어요(그때 피부가 좀 예민했을때) 그래서 오빠줬더니 오빠는 좋다고 하나 더 사서 쓰고있네요!
234,review,oliveyoung,oy:A000000257580,끈적유분,불만,0.0,2026-08-17,2026-08,A000000257580/64405832,땀 많이 나는 요즈음 선크림은 필수지만 끈적거리는 건 정말 싫더라고요ㅠ
235,review,oliveyoung,oy:A000000257580,끈적유분,만족,0.0,2026-08-17,2026-08,A000000257580/64405051,촉촉하게 발리면서 마무리는 크게 끈적이지 않아요.
237,review,oliveyoung,oy:A000000257580,백탁,만족,0.0,2026-08-17,2026-08,A000000257580/64404952,"근데 진짜 잘발리고, 둥둥 하얗게 뜨지 않긴해요!"
238,review,oliveyoung,oy:A000000257580,발림텍스처,만족,0.0,2026-08-17,2026-08,A000000257580/64404952,단점을 굳이 뽑으라고한다면 제형이 제법 묽고 잘 발리는 제형인데 튜브가 너무나 쉽게 짜이는 재질이라 조심하는 게 좋다는 정도?
239,review,oliveyoung,oy:A000000257580,백탁,만족,0.0,2026-08-17,2026-08,A000000257580/64404354,그리고 백탁 현상 없다는 점이 만족스러워용 피부에 아무것도 안바른듯이 엄청 가벼워서 피디알엔 에어 클라우드 선크림 정말 이름값 해요☁️☁️
240,review,oliveyoung,oy:A000000257580,백탁,만족,0.0,2026-08-17,2026-08,A000000257580/64404242,인스타에서보고 광고가 많이나와서 반신반의하며 샀는데 진짜 촉촉하고 백탁현상 하나없고 혹시나하고 사진처럼 양 많이해봤는데 흡수기 너무 잘되요!!
241,review,oliveyoung,oy:A000000257580,트러블,만족,0.0,2026-08-17,2026-08,A000000257580/64404242,요즘 피부가 뒤집혀서 사진은 손등이지만 피부 트러블이 더 나지않고 따갑지 않아서 쓰기 좋아요.
242,review,oliveyoung,oy:A000000257580,끈적유분,만족,0.0,2026-08-17,2026-08,A000000257580/64404206,여름에 기초도 바르고 선크림도 바르면 뭔가 무거운 느낌이 나는데 이거는 바르고 나서 끈적이지도 않고 흡수가 빠르게 잘 돼서 바쁜아침에 화장하기 전에 바르기 좋아요!!!!!
243,review,oliveyoung,oy:A000000257580,끈적유분,만족,0.0,2026-08-17,2026-08,A000000257580/64404092,바르고 나면 물처럼 촉촉한데 끈적임 없어서 너무 좋습니다.
244,review,oliveyoung,oy:A000000257580,백탁,만족,0.0,2026-08-17,2026-08,A000000257580/64403078,요즘 최고 핫한 선크림 백탁없고 눈시림없고 번들거림없구요
245,review,oliveyoung,oy:A000000257580,눈시림,만족,0.0,2026-08-17,2026-08,A000000257580/64403016,저는 눈이 좀 예민해서 눈시림을 제일 1순위로 보는데 이건 진짜 눈시림이 없었어요
246,review,oliveyoung,oy:A000000257580,끈적유분,만족,0.0,2026-08-17,2026-08,A000000257580/64403016,흡수도 빠르고 끈적임도 없어서 아무것도 안바른거처럼 가벼운 로션 제형이라 호불호 없이 다들 좋아할만한 제형이예요.
247,review,oliveyoung,oy:A000000257580,눈시림,불만,0.8,2026-08-12,2026-08,A000000257580/64166065,"이 브랜드 제품이 안맞는건지 눈 시립니다 pdrn,리들샷,선크림 다"
248,review,oliveyoung,oy:A000000257580,밀림,불만,0.8,2026-08-10,2026-08,A000000257580/64066536,이거만 사용하면 때 처럼 밀려서 ㅠㅠ
250,review,oliveyoung,oy:A000000257580,밀림,불만,0.8,2026-08-10,2026-08,A000000257580/64066536,밀려요ㅠㅠ
251,review,oliveyoung,oy:A000000257580,밀림,불만,0.8,2026-08-10,2026-08,A000000257580/64066536,부드럽게 발리는건 좋은데 밀려요ㅠㅠ
252,review,oliveyoung,oy:A000000257580,밀림,불만,0.8,2026-08-03,2026-08,A000000257580/63709711,"때처럼 엄청 밀림, 리뷰도 좋길래 믿고 샀는데 평점 낮은 순으로 다시 보니 나같은 사람 많음..괜히 샀습니다."
253,review,oliveyoung,oy:A000000257580,밀림,불만,0.8,2026-08-03,2026-08,A000000257580/63709711,바디용으로 바르기에도 때처럼 밀리니 걍 버려야할 판..
254,review,oliveyoung,oy:A000000257580,밀림,불만,0.8,2026-08-03,2026-08,A000000257580/63695637,자극 없고 눈 시림도 없고 흡수도 잘 돼서 좋은데 바르고 위에 뭘 올려도 때처럼 밀려요ㅜㅜ
257,review,oliveyoung,oy:A000000257580,발림텍스처,만족,0.8,2026-07-28,2026-07,A000000257580/63431753,엄청 수분감있는 로션 느낌으로 뻑뻑함 없이 잘 발립니다.
259,review,oliveyoung,oy:A000000257580,백탁,불만,0.8,2026-07-28,2026-07,A000000257580/63431753,참고로 백탁 현상같이 하얘지는 느낌은 따로 없었습니다.
260,review,oliveyoung,oy:A000000257580,밀림,불만,0.8,2026-07-28,2026-07,A000000257580/63431753,----- 사용하고 화장해보니 때처럼 다
261,review,oliveyoung,oy:A000000257580,밀림,불만,0.8,2026-07-28,2026-07,A000000257580/63431753,밀려서 2점으로 바꿨습니다
263,review,oliveyoung,oy:A000000257580,밀림,불만,0.8,2026-07-28,2026-07,A000000257580/63431753,밀리는 선크림 본거 같아요..
265,review,oliveyoung,oy:A000000257580,밀림,불만,0.8,2026-07-28,2026-07,A000000257580/63431753,(리뷰 보니 다들 밀리는거 같네요) 화장 안해도 로션이랑도 밀리네요...다시 1점으로 수정...
266,review,oliveyoung,oy:A000000257580,자극따가움,불만,0.8,2026-07-22,2026-07,A000000257580/63187049,바르고 3초정도 지나니까 따갑기시작하면서 얼굴 전체가 붉어지는데 무서워 죽는줄ㅠㅠ
267,review,oliveyoung,oy:A000000257580,자극따가움,불만,0.8,2026-07-22,2026-07,A000000257580/63187049,빨리 세수하고 진정시키니까 따가운게 사라졌어요ㅠㅠ
269,review,oliveyoung,oy:A000000257580,밀림,불만,0.8,2026-07-21,2026-07,A000000257580/63162835,안 밀리는 썬크림처럼 상세페이지에 적어두고 그냥 얼굴 살짝만 만져도 때처럼 줄줄 밀려요
271,review,oliveyoung,oy:A000000257580,트러블,불만,0.8,2026-07-16,2026-07,A000000257580/62936149,이거 쓰고 피부 뒤집어졌어요ㅠㅠㅠㅠ
272,review,oliveyoung,oy:A000000257580,발림텍스처,만족,0.8,2026-07-16,2026-07,A000000257580/62936149,너무 속상해요😢😢 그치만 발림성은 정말 좋은 것 같아요
273,review,oliveyoung,oy:A000000257580,향,만족,0.8,2026-07-16,2026-07,A000000257580/62936149,향도 없고..
274,review,oliveyoung,oy:A000000184352,눈시림,불만,0.0,2026-08-16,2026-08,A000000184352/64317937,물 닿으면 눈시림 제외하고 넘 좋은제품이라 재재구매했어요 ㅎㅎ
275,review,oliveyoung,oy:A000000257580,기타불만,불만,0.8,2026-07-14,2026-07,A000000257580/62825406,아 원래는 평점 안좋은거 보고 살지말지 고민하는데 이번엔 안보고 샀다가 후회함.
276,review,oliveyoung,oy:A000000257580,밀림,불만,0.8,2026-07-14,2026-07,A000000257580/62825406,발림성은 좋은데 스킨케어 하고 흡수 시키고 난 뒤에 때처럼 밀림.
277,review,oliveyoung,oy:A000000257580,밀림,불만,0.8,2026-07-14,2026-07,A000000257580/62825406,스킨케어 흡수흘 덜 시켰나 하고 2-3일 정도 더 발라봤으나 똑같이 때처럼 밀림.
281,review,oliveyoung,oy:A000000257580,밀림,불만,0.8,2026-07-13,2026-07,A000000257580/62806194,이거 저만 밀리나요.....?
282,review,oliveyoung,oy:A000000257580,밀림,불만,0.8,2026-07-13,2026-07,A000000257580/62806194,"바를때는 촉촉하고 발림성 좋은데, 바르고 한두시간 지나서 얼굴만지면 때처럼 밀림...."
284,review,oliveyoung,oy:A000000257580,자극따가움,불만,0.8,2026-07-04,2026-07,A000000257580/62370518,다떠나서 바를때 눈주변 얇은 피부는 따가움 그리고 때처럼 다
285,review,oliveyoung,oy:A000000257580,밀림,불만,0.8,2026-07-04,2026-07,A000000257580/62370518,밀림.....
286,review,oliveyoung,oy:A000000257580,밀림,불만,0.8,2026-07-04,2026-07,A000000257580/62370518,발림성은 좋으나 밀려서 떼같이 보임 다리 꼬면 다리에 바른 선크림이 다
287,review,oliveyoung,oy:A000000257580,밀림,불만,0.8,2026-07-04,2026-07,A000000257580/62370518,밀려서 떼처럼 나옴
289,review,oliveyoung,oy:A000000257580,백탁,불만,0.6,2026-08-14,2026-08,A000000257580/64227587,무기자차 선크림은 제품 자체에 자극은 없지만 2중세안을 해야해서 오히려 물리적 자극이 생기고 백탁과 바를 때 뻑뻑함 때문에 나한테 잘 맞는 유기자차 제품을 찾아보고자 구매했습니다.
290,review,oliveyoung,oy:A000000257580,자극따가움,불만,0.6,2026-08-14,2026-08,A000000257580/64227587,유명한 제품이길래 한 번 사보고 사용을 해봤는데 바르자마자 열감과 따끔거리는 자극이 오더라구요.
291,review,oliveyoung,oy:A000000257580,자극따가움,불만,0.6,2026-08-14,2026-08,A000000257580/64227587,5분정도 지나니 따끔거리는 느낌은 사라지긴 했는데 세안 후 보니까 빨갛게 올라와있네요.
292,review,oliveyoung,oy:A000000257580,백탁,만족,0.6,2026-08-14,2026-08,A000000257580/64227587,발림성도 좋고 백탁도 없고 단일세안 가능하다는 장점도 있지만 전 사용 못할 것 같네여… 아쉽습니다
294,review,oliveyoung,oy:A000000257580,기타불만,불만,0.6,2026-08-12,2026-08,A000000257580/64174733,그렇게 가볍지는 않아요
296,review,oliveyoung,oy:A000000257580,발림텍스처,만족,0.6,2026-08-12,2026-08,A000000257580/64174733,이 정도 발림에 가벼움에 에어라는 말은 좀 사치
298,review,oliveyoung,oy:A000000257580,밀림,불만,0.6,2026-08-06,2026-08,A000000257580/63870797,다른 선크림보댜 촉촉함 마무리감 살짝 보송 첫 발림성만 살짝 쿨링 눈시림 없음 단점: 얼굴에서 때처럼 밀려요 > 쿠션 얹어보니 밀림 (기초 토너만 발랐음) > 다
299,review,oliveyoung,oy:A000000257580,밀림,불만,0.6,2026-08-06,2026-08,A000000257580/63870797,"지우고 선크림만 발라도 밀림 > 손등에 바르고 마른 후 밀어보니 때처럼 나옴 (특히 얼굴 가쪽, 코부분이 많이 밀림…) 찾아보니 각질이 많은 경우, 많이 바른 경우 때처럼 밀려나온데요 (제형이 문제인 것 같지만..) 화잘먹 선크림을 원했는데 밀려버리니 야외활동할 때만 바를 것 같네요"
304,review,oliveyoung,oy:A000000257580,밀림,불만,0.6,2026-08-05,2026-08,A000000257580/63826208,하루정도 썼을 때 얼굴에 좁쌀이 나서 설마 선크림 때문은 아니겠지라고 생각했는데 계속 쓰다보니 얼굴이 뒤집어 지고 밀려서 더이상은 얼굴에 못 쓰겠네요ㅜㅜ
307,review,oliveyoung,oy:A000000257580,자극따가움,불만,0.6,2026-08-05,2026-08,A000000257580/63809452,눈시림은 없는데 오늘 두 번째 썼는데 첫 날에는 눈 밑이 빨개지고 살짝 따갑길래 설마?
308,review,oliveyoung,oy:A000000257580,자극따가움,불만,0.6,2026-08-05,2026-08,A000000257580/63809452,이렇게 생각하고 안 쓰다가 좀 진정된 것 같아서 오늘 다시 써봤는데 바르자마자 너무 따갑고 빨개졌어요ㅠㅠ
309,review,oliveyoung,oy:A000000257580,눈시림,만족,0.6,2026-08-05,2026-08,A000000257580/63809452,유기자차 쓰면서 눈시림은 있어봤어도 이런적은 없어서 놀랍지만 발림성은 너무 좋아용
310,review,oliveyoung,oy:A000000257580,밀림,불만,0.6,2026-07-15,2026-07,A000000257580/62874524,발림성은 좋았는데 너무 많이 밀려요...
315,review,oliveyoung,oy:A000000257580,밀림,불만,0.6,2026-07-13,2026-07,A000000257580/62782924,화장이 때처럼 밀리는 선크림 요
316,review,oliveyoung,oy:A000000257580,밀림,불만,0.6,2026-07-13,2026-07,A000000257580/62782924,며칠 피부 화장이 지저분해보이고 밀려서 때처럼 되길래 피부 문제인줄 알았는데 선크림 바른날에 그런거더라구요
319,review,oliveyoung,oy:A000000257580,끈적유분,만족,0.6,2026-07-13,2026-07,A000000257580/62782924,화장만 안하면 잔여감 없고 흡수 빠른건 맞아요
320,review,oliveyoung,oy:A000000257580,밀림,불만,0.6,2026-07-08,2026-07,A000000257580/62559476,"기름지지 않아서 마음에 들지만 스킨케어 후 발라도 흡수 후 때처럼 밀리고 다른 것 때문인가 싶어, 맨얼굴이나 팔다리에 발라도 시간 지나면 피부마찰에 때처럼 밀립니다."
323,review,oliveyoung,oy:A000000257580,끈적유분,만족,0.6,2026-07-08,2026-07,A000000257580/62556860,"처음 사용할 때는 발림성이 정말 부드럽고, 끈적임 없이 마무리되어 만족스러웠습니다."
324,review,oliveyoung,oy:A000000257580,밀림,불만,0.6,2026-07-08,2026-07,A000000257580/62556860,하지만 여러 번 사용해 보니 시간이 지나거나 덧바를 때 제품이 때처럼 밀리는 현상이 있었습니다.
326,review,oliveyoung,oy:A000000257580,밀림,불만,0.6,2026-07-08,2026-07,A000000257580/62556860,"가볍고 산뜻한 사용감은 분명 장점이지만, 밀림 현상 때문에 재구매는 고민될 것 같습니다."
330,review,oliveyoung,oy:A000000257580,건조,불만,0.4,2026-08-15,2026-08,A000000257580/64275139,흡수도 잘 되고 전부 좋은데 이거 쓴 날엔 유독 피부가 건조해지네요ㅠㅠㅠ
331,review,oliveyoung,oy:A000000257580,끈적유분,만족,0.4,2026-08-13,2026-08,A000000257580/64215734,이름처럼 가볍게 발리고 끈적임 없는 선크림이에요.
332,review,oliveyoung,oy:A000000257580,답답무거움,만족,0.4,2026-08-13,2026-08,A000000257580/64215734,눈시림 없고 피부에 발랐을 때 답답함이 없는 점이 장점이에요.
333,review,oliveyoung,oy:A000000257580,백탁,만족,0.4,2026-08-13,2026-08,A000000257580/64215734,백탁이 없ㄴ어요
334,review,oliveyoung,oy:A000000257580,발림텍스처,만족,0.4,2026-08-13,2026-08,A000000257580/64200005,발림성은 촉촉해서 좋아요 !
335,review,oliveyoung,oy:A000000257580,끈적유분,불만,0.4,2026-08-13,2026-08,A000000257580/64200005,처음엔 기름지다
336,review,oliveyoung,oy:A000000257580,백탁,만족,0.4,2026-08-13,2026-08,A000000257580/64200005,생각했는데 조금 기다리면 끈쩍거리는 선크림 특유 느낌은 사라져요 + 광도 은은하게 납니당 백탁 느낌은 없고 은은하게 광나는거 원하시면 좋을거 같아요!!
337,review,oliveyoung,oy:A000000257580,자극따가움,불만,0.4,2026-08-11,2026-08,A000000257580/64115946,제가 민감성 피부인데 오늘 처음 발라봤는데 자극이 조금 있었어요
338,review,oliveyoung,oy:A000000257580,자극따가움,불만,0.4,2026-08-11,2026-08,A000000257580/64115946,제 피부가 안좋아서 그런걸수있는데 가렵고 좀 빨개졌어요
339,review,oliveyoung,oy:A000000184352,백탁,만족,0.0,2026-08-16,2026-08,A000000184352/64328210,"💜백탁없고 톤 보정도 없어요 💜건성,복합성이라면 잘 맞을것 같아요!!"
341,review,oliveyoung,oy:A000000257580,트러블,불만,0.4,2026-08-11,2026-08,A000000257580/64104548,"슬프네여...발림성 발르고 난 후 좋았는데 피부에 뭐가 나요,, 피지뾰루지 같은거 이주정도 쓰고 계속 피부 상태가 안좋아지니 사용을 멈추었습니다"
344,review,oliveyoung,oy:A000000257580,발림텍스처,불만,0.4,2026-08-11,2026-08,A000000257580/64104548,근데 제형 때문에 쓰고싶은데 진짜 너무 아쉬워여 제 피부 탓을 하는 중
345,review,oliveyoung,oy:A000000257580,밀림,만족,0.4,2026-08-10,2026-08,A000000257580/64059818,그냥 크림 바르는 것 처럼 발림성이 좋고 무겁거나 두껍지 않아서 편한 장점이 있는데 막상 올리고 화장하니까 때 처럼 밀리는 것 처럼 피부표현이 되어서 화장전에는 잘 못 바를 것 같고 ㅜ
347,review,oliveyoung,oy:A000000257580,향,불만,0.4,2026-08-10,2026-08,A000000257580/64049020,성분은 좋은거 같은데 냄새가 좀 특유의 구리구리한 냄새가 나요
348,review,oliveyoung,oy:A000000257580,백탁,만족,0.4,2026-08-09,2026-08,A000000257580/64013831,피부타입 : 건성피부 제형 : 촉촉한 크림~에센스 제형 백탁 : 거의 없음 선크림 특유의 답답하거나 끈적이는 느낌이 거의 없고 발림성도 부드럽습니다.
349,review,oliveyoung,oy:A000000257580,백탁,만족,0.4,2026-08-09,2026-08,A000000257580/64013831,백탁도 거의 없어서 여러 번 덧발라도 부담이 없어요.
354,review,oliveyoung,oy:A000000257580,끈적유분,불만,0.4,2026-08-09,2026-08,A000000257580/64010643,아주 살짝 끈적임 같은게 있긴 해요
355,review,oliveyoung,oy:A000000257580,밀림,불만,0.4,2026-08-09,2026-08,A000000257580/64010480,밀려요....
356,review,oliveyoung,oy:A000000257580,끈적유분,불만,0.4,2026-08-09,2026-08,A000000257580/64010480,그리고 기름져요.......
357,review,oliveyoung,oy:A000000257580,끈적유분,불만,0.4,2026-08-09,2026-08,A000000257580/64010480,기초 토너밖에안해도 기름져요....
358,review,oliveyoung,oy:A000000257580,밀림,불만,0.4,2026-08-09,2026-08,A000000257580/64010480,그리고 밀려요
360,review,oliveyoung,oy:A000000257580,발림텍스처,만족,0.4,2026-08-08,2026-08,A000000257580/63987339,촉촉한 제형이에요.
361,review,oliveyoung,oy:A000000257580,끈적유분,만족,0.4,2026-08-08,2026-08,A000000257580/63987339,안 끈적거려요.
363,review,oliveyoung,oy:A000000257580,밀림,불만,0.4,2026-08-07,2026-08,A000000257580/63925065,지성인데도 화장 전에 바르니까 화장에 각질 뜨고 난리도 아니었어요
366,review,oliveyoung,oy:A000000257580,발림텍스처,만족,0.4,2026-08-07,2026-08,A000000257580/63925065,엄청 흡수 빠르고 보송해져서 몸에 바르는 용도로는 강추드립니다!
369,review,oliveyoung,oy:A000000257580,발림텍스처,만족,0.4,2026-08-06,2026-08,A000000257580/63863931,무중력이고 발림성이 좋고 느낌이 없다고 해서 샀는데 다른 선크림이랑 별 다른 점은 못느끼겠어요
370,review,oliveyoung,oy:A000000257580,끈적유분,불만,0.4,2026-08-06,2026-08,A000000257580/63863931,이런 촉촉한 류의 선로션응 기름이 많이 올라와서 딱히 여름용도라고 하기엔 무리가 있어요
372,review,oliveyoung,oy:A000000257580,건조,불만,0.4,2026-08-06,2026-08,A000000257580/63863931,저는 파워 지성이라서 세잔느 라이트 블루랑 같이 바르는데 세잔느가 많이 건조해서 이 선크림이랑 궁합이 나쁘진않아요
373,review,oliveyoung,oy:A000000257580,발림텍스처,만족,0.4,2026-08-05,2026-08,A000000257580/63797395,짜는 순간 엄청 매끄럽고 촉촉한 제형이에요.
374,review,oliveyoung,oy:A000000257580,건조,불만,0.4,2026-08-05,2026-08,A000000257580/63797395,자외선 차단효과도 좋고 발림성이좋아서 건조한 프라이머랑 같이 사용하면 더 좋을것같아요.
375,review,oliveyoung,oy:A000000257580,밀림,불만,0.4,2026-08-04,2026-08,A000000257580/63759134,"괜찮음, 진짜 이름대로 가볍긴한데 좀 많이 바르면 쿠션 올릴때 밀리는 거 같아요."
377,review,oliveyoung,oy:A000000257580,발림텍스처,만족,0.4,2026-08-03,2026-08,A000000257580/63711656,발림성은 좋은데 처음 발랐을 때 조금 자극감이 느껴졌어요
378,review,oliveyoung,oy:A000000257580,트러블,불만,0.4,2026-08-03,2026-08,A000000257580/63711656,뭐가 나진 않았지만 민감성분들은 조심하세요
379,review,oliveyoung,oy:A000000257580,눈시림,만족,0.4,2026-08-03,2026-08,A000000257580/63711656,눈시림은 없고요
380,review,oliveyoung,oy:A000000257580,끈적유분,불만,0.4,2026-08-03,2026-08,A000000257580/63711656,유분감이 좀 있어서 지성분들은 비추입니다
382,review,oliveyoung,oy:A000000257580,백탁,만족,0.4,2026-08-02,2026-08,A000000257580/63678138,백탁 전혀없고 바를때 엄청 촉촉하고 시원한 편이에요
383,review,oliveyoung,oy:A000000257580,답답무거움,만족,0.4,2026-08-02,2026-08,A000000257580/63678138,데일리 선크림으로 쓰기 너무 좋고 바르고 나면 아예 안 바른것같은 느낌까진 아니지만 선크림 특유의 답답함이 전혀 없어서 너무 좋았어요
384,review,oliveyoung,oy:A000000257580,트러블,불만,0.4,2026-08-02,2026-08,A000000257580/63678138,트러블 피부라서 트러블 일어난거에 끼거나 그런게 진짜 전혀 없어요
385,review,oliveyoung,oy:A000000257580,트러블,불만,0.4,2026-08-02,2026-08,A000000257580/63678138,"제가 봤을때 트러블 피부, 지성피부엔 짱이지 않나 싶고 발릴땐 엄청 부드럽게 발리고 근데 다"
386,review,oliveyoung,oy:A000000257580,밀림,불만,0.4,2026-08-02,2026-08,A000000257580/63678138,픽싱되고나면 손으로 밀면 때처럼 밀리는건 있음 근데 사실 다
387,review,oliveyoung,oy:A000000257580,밀림,불만,0.4,2026-08-02,2026-08,A000000257580/63678138,픽싱되고는 손으로 밀 이유는 없으니까 나쁘진 않은데 위에 화장해 봤을땐 피부에 때처럼 보여짐ㅠ
388,review,oliveyoung,oy:A000000257580,끈적유분,만족,0.4,2026-08-02,2026-08,A000000257580/63678138,하지만 유분기는 안올라옴!!
390,review,oliveyoung,oy:A000000257580,끈적유분,만족,0.4,2026-08-01,2026-08,A000000257580/63638287,끈적임은 없어요.
391,review,oliveyoung,oy:A000000257580,밀림,불만,0.4,2026-08-01,2026-08,A000000257580/63638287,근데 정량을 바르면 밀려요ㅜ
394,review,oliveyoung,oy:A000000257580,백탁,만족,0.4,2026-08-01,2026-08,A000000257580/63632826,수분 로션 느낌?🙉 화장할때는 안해봤는디 안할때는 백탁없고 바르기 편하고 발림성 좋음 👍👍👍
396,review,oliveyoung,oy:A000000257580,백탁,만족,0.4,2026-08-01,2026-08,A000000257580/63606891,그리고 백탁 현상도 많이 없는 듯 하여 무더운 여름날에 편하게 사용할 수 있을 듯 합니다
401,review,oliveyoung,oy:A000000257580,백탁,만족,0.4,2026-07-31,2026-07,A000000257580/63594111,백탁현상이 없는 선크림입니다.
402,review,oliveyoung,oy:A000000257580,답답무거움,만족,0.4,2026-07-31,2026-07,A000000257580/63594111,워터리한 제형으로 피부에 발랐을때 답답하지 않고 가벼웠습니다.
403,review,oliveyoung,oy:A000000257580,향,불만,0.4,2026-07-30,2026-07,A000000257580/63508546,촉촉해서 사용하기 좋은데 다만 바를때 약재같은 향이 좀 나요ㅠㅠ
404,review,oliveyoung,oy:A000000257580,밀림,만족,0.4,2026-07-30,2026-07,A000000257580/63508546,발림성은 좋아서 밀림없이 발려서 좋아요.
407,review,oliveyoung,oy:A000000257580,백탁,만족,0.4,2026-07-27,2026-07,A000000257580/63387290,백탁도 없어서 남자분들도 부담없이 바르기 좋을듯합니다.
409,review,oliveyoung,oy:A000000257580,용량가격,불만,0.4,2026-07-27,2026-07,A000000257580/63387290,요즘은 1+1하는 선크림도 많고 할인들도 많아서 다소 아쉽네요.
410,review,oliveyoung,oy:A000000257580,발림텍스처,만족,0.4,2026-07-27,2026-07,A000000257580/63386306,구름처럼 가볍고 수분감 있게 발리는 제품 자체의 품질과 사용감은 정말 만족스럽습니다.
411,review,oliveyoung,oy:A000000257580,백탁,만족,0.4,2026-07-27,2026-07,A000000257580/63386306,백탁 없이 깔끔하게 밀착되어 데일리로 쓰기 딱 좋아요.
412,review,oliveyoung,oy:A000000257580,자극따가움,불만,0.4,2026-07-27,2026-07,A000000257580/63386306,"용량도 적당해서 가방에 가지고 다니기 좋네요 ​다만, 제 피부에는 바른 직후 약간의 따가움이 느껴지긴한데 제형이나 마무리감 등 기본적인 제품력은 아주 훌륭하니, 민감성 피부라면 사전 테스트 후 사용해보시는 걸 추천합니다."
414,review,oliveyoung,oy:A000000257580,끈적유분,불만,0.4,2026-07-24,2026-07,A000000257580/63260559,로션처럼 부드럽게 잘 발리고 유분감 수분감이 느껴져서 건성한테 잘 맞을 것 같아요
415,review,oliveyoung,oy:A000000257580,눈시림,만족,0.4,2026-07-24,2026-07,A000000257580/63260559,피부가 예민한 편이라 유기자차 별로 안좋아하는데 이건 눈시림없고 자극도 없어서 좋았어요
416,review,oliveyoung,oy:A000000257580,끈적유분,불만,0.4,2026-07-24,2026-07,A000000257580/63260559,다만 끈적임 제로라고 했지만 엄청 끈적거려요 ㅠㅠ
418,review,oliveyoung,oy:A000000257580,발림텍스처,만족,0.4,2026-07-22,2026-07,A000000257580/63201941,제형 가볍고 순간 삭 스며서 남는느낌이 적어요
420,review,oliveyoung,oy:A000000257580,밀림,불만,0.4,2026-07-22,2026-07,A000000257580/63201941,무난무난한데 가장 치명적 단점 요거 바른날은 쿠션 덧바륾 때 화장이 밀려요 ㅠㅠ
421,review,oliveyoung,oy:A000000257580,밀림,불만,0.4,2026-07-22,2026-07,A000000257580/63201941,요거 바른 날은 얼굴에 손대면 때처럼 밀려요 ㅜㅠ
423,review,oliveyoung,oy:A000000184352,눈시림,만족,0.0,2026-08-17,2026-08,A000000184352/64406296,내 인생 선크림 눈 시림도 없고 피부 화끈거림도 없고 진정도 되고 살짝 쿨링도 되는 것이 요물임 유기자차라서 세안도 폼클렌징만으로도 가능한 것이 일상생활의 질을 올려줌
424,review,oliveyoung,oy:A000000184352,끈적유분,만족,0.0,2026-08-17,2026-08,A000000184352/64402437,선크림 바르고 나서 손에 끈적이는거 진짜 싫어해서 엄청 이것저것 사봤는데 이게 최고에요
425,review,oliveyoung,oy:A000000184352,트러블,만족,0.0,2026-08-17,2026-08,A000000184352/64375159,다른 제품들은 유기자차임에도 좀 문지르고 흡수시켜야 백탁이 사라지는데 이 제품은 그냥 바로 투명하게 올라오니 손에 흡수가 안 되고 좋네요.
427,review,oliveyoung,oy:A000000184352,끈적유분,불만,0.0,2026-08-17,2026-08,A000000184352/64372815,선크림 바르면 피부 트러블 나서 잘못바르는데 이건좀 괜찴은편이나 지성피부에는 유분기가 있어서 비추
428,review,oliveyoung,oy:A000000184352,답답무거움,만족,0.0,2026-08-16,2026-08,A000000184352/64349492,여름철 선크림을 바를 때 답답하고 무거운 느낌을 싫어하는데 비교적 산뜻하게 사용할 수 있어서 마음에 들었어요.
429,review,oliveyoung,oy:A000000184352,향,만족,0.0,2026-08-16,2026-08,A000000184352/64343587,"발림성 좋고, 냄새 안나고 순하고 시카 선분이 피부진정 시켜줌...몇통째인지 많이 팔고 많이 만들어주세요ㅠㅠ"
430,review,oliveyoung,oy:A000000184352,백탁,만족,0.0,2026-08-16,2026-08,A000000184352/64343107,눈시림도 허나도 없고 백탁도 없어요
431,review,oliveyoung,oy:A000000184352,답답무거움,만족,0.0,2026-08-16,2026-08,A000000184352/64340476,화질먹에 수분감이 느껴지고 발라도 답답하지 않아서 그게 제일 좋음!
432,review,oliveyoung,oy:A000000184352,눈시림,만족,0.0,2026-08-16,2026-08,A000000184352/64337841,냄새도 안나고 눈 시림도 하나도 없고 정말 완벽한 선크림입니다
433,review,oliveyoung,oy:A000000184352,밀림,만족,0.0,2026-08-16,2026-08,A000000184352/64332407,평소 선크림을 바르면 화장이 밀리거나 떴는데 넘버즈인 선크림은 전혀 끈적이거나 하지 않아서 좋았고 촉촉하고 흡수가 빨라서 만족스러웠습니다!!
434,review,oliveyoung,oy:A000000184352,눈시림,불만,0.0,2026-08-16,2026-08,A000000184352/64317794,다만 바르고 울면 눈시림이 있어요
435,review,oliveyoung,oy:A000000184352,답답무거움,만족,0.0,2026-08-15,2026-08,A000000184352/64287088,"넘버즈인 1번 청초 진정 맑은 물막 선크림 후기 요즘 데일리 선크림으로 넘버즈인 1번 청초 진정 맑은 물막 선크림 쓰고 있어요 🤍 일단 이름처럼 발랐을 때 답답하거나 무거운 느낌이 적고, 촉촉하게 펴발려서 마음에 들었어요."
436,review,oliveyoung,oy:A000000184352,끈적유분,불만,0.0,2026-08-15,2026-08,A000000184352/64287088,너무 번들거리는 광보다는 피부가 촉촉해 보이는 정도라 메이크업 전에 사용하기에도 괜찮았어요.
437,review,oliveyoung,oy:A000000184352,답답무거움,불만,0.0,2026-08-15,2026-08,A000000184352/64287088,여름에 선크림 바르는 것 자체가 답답하게 느껴질 때 사용하기 괜찮은 제품!
438,review,oliveyoung,oy:A000000184352,백탁,만족,0.0,2026-08-15,2026-08,A000000184352/64287088,백탁도 심하지 않고 피부에 자연스럽게 스며드는 느낌이라 저는 데일리로 손이 많이 갔어요.
439,review,oliveyoung,oy:A000000184352,답답무거움,만족,0.0,2026-08-15,2026-08,A000000184352/64287088,촉촉한 선크림 좋아하고 여름에 답답하지 않은 제품 찾는 분들께 추천해요 ☀️🤍
440,review,oliveyoung,oy:A000000184352,끈적유분,만족,0.0,2026-08-15,2026-08,A000000184352/64281627,답답하지도아노고 끈적이지도않아서 제 최애 선크림입니다 ♡
441,review,oliveyoung,oy:A000000184352,끈적유분,만족,0.0,2026-08-15,2026-08,A000000184352/64274556,답답함이나 번들거림 없이 가볍게 흡수되어 여름철에 사용하기 딱 좋아요.
442,review,oliveyoung,oy:A000000184352,밀림,만족,0.0,2026-08-14,2026-08,A000000184352/64251352,눈시림도 적고 백탁없고 많이 발라도 안밀려서 좋아요
443,review,oliveyoung,oy:A000000184352,백탁,만족,0.0,2026-08-14,2026-08,A000000184352/64249865,백탁없구 수분채워주는 선크림이라 촉촉하니 좋았어요
444,review,oliveyoung,oy:A000000184352,백탁,만족,0.0,2026-08-14,2026-08,A000000184352/64246988,백탁없고 약간 로션바른듯합니다
445,review,oliveyoung,oy:A000000184352,끈적유분,만족,0.0,2026-08-13,2026-08,A000000184352/64203574,"촉촉하지만 끈적임이 없는 선크림을 찾고 있었는데 넘버즈인,,,이 제대로된 선크림 인거 같아요⭐️ 그리고 입구쪽이 좁아서 양을 조절할수 있는것도 너무 만족스러워요,,,!!"
446,review,oliveyoung,oy:A000000184352,끈적유분,만족,0.0,2026-08-13,2026-08,A000000184352/64203574,더운여름에 끈적임 없이 쓸수 있어서 너무 좋은거 같아요!!!
447,review,oliveyoung,oy:A000000184352,트러블,만족,0.0,2026-08-13,2026-08,A000000184352/64197550,진짜 선크림 5통 넘게 비웠는데 진정 효과도 있어서 선크림 잘못 써서 피부 뒤집히는 일도 없고 촉촉해서 화장할 때 써도 너무 좋아요!!
448,review,oliveyoung,oy:A000000184352,백탁,만족,0.0,2026-08-13,2026-08,A000000184352/64197550,백탁현상이 없는 제품이라서 너무 좋아요!!
449,review,oliveyoung,oy:A000000184352,끈적유분,불만,0.8,2026-05-24,2026-05,A000000184352/60126074,선크림에서 향이 살짝 나고 바르고 나면 살짝 기름이 남는 느낌이들어요
451,review,oliveyoung,oy:A000000184352,트러블,불만,0.8,2026-05-24,2026-05,A000000184352/60126074,그래서 그런가 저는 이것만 쓰면 트러블 폭발입니다 ㅠㅜㅜ테스트 해보고 사세용
454,review,oliveyoung,oy:A000000184352,눈시림,불만,0.8,2026-04-04,2026-04,A000000184352/57917021,제가 눈시림을 잘 느끼는 편인지는 모르겠는데 진짜 이것만 바르면 눈이 시리다
455,review,oliveyoung,oy:A000000184352,자극따가움,불만,0.8,2026-04-04,2026-04,A000000184352/57917021,못해 너무너무 아프고 피부 전체가 화끈거려요!!!
456,review,oliveyoung,oy:A000000184352,기타불만,불만,0.8,2026-04-04,2026-04,A000000184352/57917021,눈 시림 없다고 추천받아서 산건데 진짜 너무너무 후회템입니다
457,review,oliveyoung,oy:A000000184352,트러블,만족,0.8,2026-04-03,2026-04,A000000184352/57872301,피부염걸리고싶으신분들에게강력!!추천!!합니당🩷🩷😁
459,review,oliveyoung,oy:A000000184352,자극따가움,불만,0.8,2026-03-26,2026-03,A000000184352/57538672,진짜 개따가워요ㅜㅜㅠㅜㅜ
460,review,oliveyoung,oy:A000000184352,자극따가움,불만,0.8,2026-03-26,2026-03,A000000184352/57538672,따가워서 자극있고 피부도 뒤딥어짐
461,review,oliveyoung,oy:A000000184352,눈시림,불만,0.8,2026-02-27,2026-02,A000000184352/56225835,유튜버님 추천으로 사게됐는데 진짜 엄청 후회템입니다… 자극없이 순하다고 광고도 하고있지만 저는 엄청 자극적이었어요;; 눈시림은 기본이고 이 제품을 바르기만하면 온 얼굴이 따갑고 화끈거립니다… 눈도 못 뜨겠고요
462,review,oliveyoung,oy:A000000184352,자극따가움,불만,0.8,2026-02-27,2026-02,A000000184352/56225835,이 제품 때문인지 확인하려고 여러번 발라봤지만 항상 아프고 따가웟습니다
463,review,oliveyoung,oy:A000000184352,기타불만,불만,0.8,2026-02-27,2026-02,A000000184352/56225835,정말 후회템입니다
464,review,oliveyoung,oy:A000000184352,자극따가움,불만,0.8,2026-01-23,2026-01,A000000184352/54673487,사실 민감성 피부에도 굉장히 순하고 촉촉하다고 해서 샀는데 이 선크림만 바르면 피부가 바늘로 찌르듯이 따갑고 빨간색으로 울퉁불퉁 뭐가 올라왔습니다.
466,review,oliveyoung,oy:A000000184352,트러블,만족,0.8,2026-01-23,2026-01,A000000184352/54673487,전에 리뷰로 엄청난 민감성 피부인데도 트러블 없이 하나 잘 쓰고 있다는 글을 봤었는데 역시 사람마다
472,review,oliveyoung,oy:A000000184352,트러블,불만,0.8,2025-11-04,2025-11,A000000184352/51012795,바르고 트러블 양쪽 볼에 올라오고 뒤집어짐 애 때문이 아니겠지 했는데 애가 문제였음
475,review,oliveyoung,oy:A000000184352,눈시림,불만,0.8,2025-07-04,2025-07,A000000184352/44791603,발림성도 좋고 시원한 느낌도 있고 근데 이거 눈에 들어가면 진짜 죽도록 따가워요.
476,review,oliveyoung,oy:A000000184352,눈시림,불만,0.8,2025-07-04,2025-07,A000000184352/44791603,그냥 눈 시림 이정도가 아니라 진짜 따가워서 씻어내야 할 정도엥ㅎ.
477,review,oliveyoung,oy:A000000184352,끈적유분,불만,0.8,2025-07-04,2025-07,A000000184352/44791603,"요즘같이 땀 많이나는 계절에 유분 많은 피부 십중팔구는 눈에 들어가고, 인공눈물 넣으면서도 눈에 들어가고..."
484,review,oliveyoung,oy:A000000184352,자극따가움,불만,0.8,2025-06-21,2025-06,A000000184352/44291560,너무 자극이 많이 오고 따갑고 그래서 지인들이나 줬어요..
486,review,oliveyoung,oy:A000000184352,자극따가움,불만,0.8,2025-06-18,2025-06,A000000184352/44214698,쓰고 따끔하고 간지러워서 다지우고 화장 다시했네요ㅜ
488,review,oliveyoung,oy:A000000184352,트러블,불만,0.8,2025-05-26,2025-05,A000000184352/40421338,넘버즈인 선크림 쓰고 트러블 폭발..
491,review,oliveyoung,oy:A000000184352,자극따가움,불만,0.8,2025-04-23,2025-04,A000000184352/39399658,저랑 안맞는 성분이 있는건지 바르고나면 얼굴이 너무 간지러웠어요ㅜㅜ
492,review,oliveyoung,oy:A000000184352,향,불만,0.8,2025-04-23,2025-04,A000000184352/39399658,향도 별로..
493,review,oliveyoung,oy:A000000184352,자극따가움,불만,0.8,2025-04-14,2025-04,A000000184352/39137232,이거 엄청순하고 안자극적이고 지성한테도 조은것 같은썬크림이에요
497,review,oliveyoung,oy:A000000184352,밀림,불만,0.8,2025-03-04,2025-03,A000000184352/37756948,피부표현이 맘에 들지 않고 베이스가 잘 밀리더라고요
498,review,oliveyoung,oy:A000000184352,밀림,불만,0.8,2025-03-04,2025-03,A000000184352/37756948,"선크림 자체에 문제인지는 잘 모르겠습니다만,스킨케어 제품과 양을 동일하게 사용했을때 라*드맵의 자작나무선크림은 베이스가 밀리지 않고 선크림자체가 바로 밀착되는 느낌이였구요.이제품은 밀착도 그닥 베이스도 밀리고 파우더 사용하는걸 좋아하는데 밀착되지 않은 베이스에 파우더를 올리니까 트러블이 돋보이고 정말 별로더라구요..선크림에 정말 예민해서 왠만한 선크림 제품들은 다"
499,review,oliveyoung,oy:A000000184352,자극따가움,불만,0.8,2025-03-04,2025-03,A000000184352/37756948,자극을 느끼는데요
500,review,oliveyoung,oy:A000000184352,자극따가움,불만,0.8,2025-03-04,2025-03,A000000184352/37756948,자극없는걸 기대하고 구매했으나 코옆쪽에 자극이 있었구요
503,review,oliveyoung,oy:A000000184352,자극따가움,불만,0.8,2025-03-04,2025-03,A000000184352/37756948,홍조가 많고 열감이 많아 쿨링도 많이 기대를 했지만 딱히 시원해지는게 느껴지진 않았습니다
509,review,oliveyoung,oy:A000000184352,밀림,불만,0.8,2025-01-26,2025-01,A000000184352/36459858,이걸 쓰면 화장이 밀리는 느낌이긴해요
511,review,oliveyoung,oy:A000000184352,트러블,불만,0.8,2024-12-25,2024-12,A000000184352/35419475,이 선크림 사용하고 난생 처음 접촉성 피부염이 걸렸어요
512,review,oliveyoung,oy:A000000184352,자극따가움,불만,0.8,2024-12-25,2024-12,A000000184352/35419475,뭔가 저에게 자극이 되는 성분이 있었나봅니다
514,review,oliveyoung,oy:A000000184352,자극따가움,불만,0.8,2024-12-07,2024-12,A000000184352/34841310,피부가 따끔해서 계속 바르면 피부가 안 좋아질 것 같아서 중단했어요
516,review,oliveyoung,oy:A000000184352,자극따가움,불만,0.8,2024-12-07,2024-12,A000000184352/34841310,따갑네요...
519,review,oliveyoung,oy:A000000184352,건조,불만,0.8,2024-12-07,2024-12,A000000184352/34838149,순하기도하고 수부지피부에 좋다고 해서 반신반의하면서 구매했는데..제가 너무 예민한?거일수도 있겠지만 저한테는 좀 건조한편이였어요ㅠㅠ
520,review,oliveyoung,oy:A000000184352,건조,불만,0.8,2024-12-07,2024-12,A000000184352/34838149,혹시나해서 두번 텀 주고 발랐는데도 건조했어요 ㅠㅠ
521,review,oliveyoung,oy:A000000184352,자극따가움,불만,0.8,2024-12-07,2024-12,A000000184352/34838149,조금 따끔거리기도 하더라구요
523,review,oliveyoung,oy:A000000184352,자극따가움,불만,0.8,2024-11-30,2024-11,A000000184352/34532643,이거 바르면 얼굴이 옵청 따갑고 후끈후끈해요
525,review,oliveyoung,oy:A000000184352,백탁,만족,0.8,2024-11-28,2024-11,A000000184352/34468239,"수부지라서 그런지는 모르겠지만 부드럽게 발리지는 않았고 오히려 건성에게 추천해드리고 백탁이나 톤업은 따로 안됐던게 아쉬웠어요 ,,, 부드럽게는 잘 발려 건성에게 극추 !!"
526,review,oliveyoung,oy:A000000184352,트러블,불만,0.8,2024-11-02,2024-11,A000000184352/33661321,바를때는 로션처럼 촉촉하게 발려 좋았는데 사용한 다음날 얼굴이 붉게 뒤집혔어요
527,review,oliveyoung,oy:A000000184352,자극따가움,불만,0.8,2024-10-31,2024-10,A000000184352/33595529,발림성은 정말 좋고 로션 같은 느낌도 인정하는데 유기자차라 피부에 직접 스며드는 게 자극적임 그래서 얼굴에 원래 뭐가 안 나는데 좀 심하게 나서 사용 안 하고 지인 줌 그 지인분은 얼굴이 튼튼하셔서 그런지 잘 사용한다고 로션 같이 가벼워서 좋다하심!
529,review,oliveyoung,oy:A000000184352,밀림,불만,0.8,2024-10-30,2024-10,A000000184352/33550815,자극없이 순하고 촉촉하고 쿨링감 있어서 좋았는데 아 너무 밀려요.
530,review,oliveyoung,oy:A000000184352,밀림,불만,0.8,2024-10-30,2024-10,A000000184352/33550815,진짜 때처럼 밀림
532,review,oliveyoung,oy:A000000184352,자극따가움,불만,0.8,2024-10-03,2024-10,A000000184352/32752223,근데 자극이 진ㅋ자 레전드에요
533,review,oliveyoung,oy:A000000184352,자극따가움,불만,0.8,2024-10-03,2024-10,A000000184352/32752223,바르고 십초 지나니까 얼굴에 열이 오르면서 엄청 따가워서 바로 씩어냇아요..;;;;
535,review,oliveyoung,oy:A000000184352,트러블,불만,0.8,2024-09-27,2024-09,A000000184352/32550760,생각했는데 사용한 다음날 바로 얼굴이 뒤집어져서 아쉬웠어요
540,review,oliveyoung,oy:A000000184352,트러블,불만,0.8,2024-09-26,2024-09,A000000184352/32509120,일주일밖에 안썼는데 피부 완전 뒤집어졌습니다ㅠㅠ하아ㅠㅠㅠㅠ원래 생리기간외 트러블 안나는 피부인데ㅠㅠㅠ
542,review,oliveyoung,oy:A000000184352,밀림,불만,0.8,2024-09-21,2024-09,A000000184352/32378929,이것만 바르고 화장하면 화장이 밀려요~~~
544,review,oliveyoung,oy:A000000184352,자극따가움,불만,0.8,2024-09-02,2024-09,A000000184352/31783498,이거 유튜버가 ㅊㅊ해서 샀는데 피부 왜이렇게 따가움??
546,review,oliveyoung,oy:A000000184352,트러블,불만,0.8,2024-08-19,2024-08,A000000184352/31273074,진정되고 예민성 피부에 좋다고 해서 샀는데 제 피부에는 잘 안맞았네요🥲🥲 바르고 10초 정도 지나니까 엄청 뜨거워지고 30초 쯤 지나니 피부가 벌겋게 올라오더라구요ㅠㅠ
549,review,oliveyoung,oy:A000000184352,밀림,불만,0.8,2024-08-03,2024-08,A000000184352/30582274,단독으로 사용하면 모르겠는데 이거 바르고 그 위에 피부화장을 했을 때 때처럼 밀리네요
551,review,oliveyoung,oy:A000000184352,기타불만,불만,0.8,2024-08-03,2024-08,A000000184352/30582274,후기가 좋아서 기대하고 구매했는데 다소 실망입니다ㅠ~
552,review,oliveyoung,oy:A000000184352,기타불만,불만,0.8,2024-07-31,2024-07,A000000184352/30471513,이제껏 써본 선크림 중에 최악입니다
553,review,oliveyoung,oy:A000000184352,끈적유분,불만,0.8,2024-07-31,2024-07,A000000184352/30471513,번들거리다
554,review,oliveyoung,oy:A000000184352,자극따가움,불만,0.8,2024-07-31,2024-07,A000000184352/30471513,못 해 얼굴에 기름칠한 것처럼 보이고 바르자마자 따가워서 얼굴 다시 씻었습니다
557,review,oliveyoung,oy:A000000184352,밀림,만족,0.8,2024-07-25,2024-07,A000000184352/30308625,베이스 들뜨지도 않는댔는데 이거 바르고 위에 파데 올리면 하나도 안올라가고 다
558,review,oliveyoung,oy:A000000184352,밀림,불만,0.8,2024-07-25,2024-07,A000000184352/30308625,밀리고 나 진짜 화장도 잘 안해서 뷰티 유투버들이 이 파데는 들뜨네요
559,review,oliveyoung,oy:A000000184352,밀림,불만,0.8,2024-07-25,2024-07,A000000184352/30308625,이 베이스는 밀리네요
560,review,oliveyoung,oy:A000000184352,자극따가움,만족,0.8,2024-07-25,2024-07,A000000184352/30308625,이런게 무슨뜻인지도 몰랐는데 이거 쓰고나서 깨달음 어케 하~나도 밀착이 안되는지 그리고 자극이 없다고요?
561,review,oliveyoung,oy:A000000184352,눈시림,불만,0.8,2024-07-25,2024-07,A000000184352/30308625,다이소 선크림도 쓰고 다이소 기초템도 이겨내는 피부인데 이거만 바르면 얼굴 개 따갑고 눈 시리고 무슨 얼굴에 불 올려놓은듯한 화끈거림 느껴져요
565,review,oliveyoung,oy:A000000184352,밀림,불만,0.8,2024-06-19,2024-06,A000000184352/29266506,와 너무 때 처럼 밀려요
567,review,oliveyoung,oy:A000000184352,밀림,불만,0.8,2024-06-19,2024-06,A000000184352/29266506,저는 메이크업 안 하고 썬크림만 바르는데 이거 바르면 때 처럼 밀려서 다시 세수 한적이 몇 번이네요
574,review,oliveyoung,oy:A000000184352,자극따가움,불만,0.8,2024-04-18,2024-04,A000000184352/27529398,총 3번 사용했고 늘 저녁에 따갑게 ..
577,review,oliveyoung,oy:A000000184352,발림텍스처,만족,0.8,2024-03-18,2024-03,A000000184352/26780765,발림성 좋고 수분감 있어 좋은데 피부 다
578,review,oliveyoung,oy:A000000184352,트러블,불만,0.8,2024-03-18,2024-03,A000000184352/26780765,뒤집어졌네요
580,review,oliveyoung,oy:A000000184352,건조,불만,0.8,2024-02-26,2024-02,A000000184352/26147168,음 너무 건조해요
581,review,oliveyoung,oy:A000000184352,건조,불만,0.8,2024-02-26,2024-02,A000000184352/26147168,시간지나서 속건조오고 눈시림은 살짝?
583,review,oliveyoung,oy:A000000184352,트러블,불만,0.8,2023-10-07,2023-10,A000000184352/22799407,제 피부가 예민한 것도 있는데 설명에 안심하고 사용할 수 있다길래 구매했는데 쓰고 그 날에 여드름 올라왔어요..
584,review,oliveyoung,oy:A000000184352,트러블,불만,0.8,2023-10-07,2023-10,A000000184352/22799407,혹시 몰라서 하루 더 써보니까 여드름이 더 올라욌구요..
585,review,oliveyoung,oy:A000000184352,트러블,불만,0.8,2023-10-07,2023-10,A000000184352/22799407,그 외에는 발림성이나 수분은 맘에 들었는데 피부에 트러블 올라온게 매우 아쉽네요…
586,review,oliveyoung,oy:A000000184352,눈시림,불만,0.8,2023-10-06,2023-10,A000000184352/22764957,눈시림이 너무 심해요
587,review,oliveyoung,oy:A000000184352,눈시림,만족,0.8,2023-10-06,2023-10,A000000184352/22764957,바르고 몇분 지나면 눈이 시려서 눈을 뜰 수가 없어요
588,review,oliveyoung,oy:A000000184352,끈적유분,불만,0.8,2023-10-06,2023-10,A000000184352/22764957,그리고 시간 지나면 속은 건조하고 겉은 개기름이 돌아요
590,review,oliveyoung,oy:A000000184352,밀림,불만,0.8,2023-10-06,2023-10,A000000184352/22764957,지성도 비추 건성도 비추 또 시간 지나면 때처럼 밀려요.
591,review,oliveyoung,oy:A000000184352,밀림,불만,0.8,2023-10-06,2023-10,A000000184352/22764957,손으로 얼굴 살짝만 만져도 때처럼 나와요
592,review,oliveyoung,oy:A000000184352,밀림,불만,0.8,2023-10-06,2023-10,A000000184352/22764957,밀림 엄청 심함
593,review,oliveyoung,oy:A000000184352,트러블,불만,0.8,2023-08-31,2023-08,A000000184352/21893386,* 한달 사용 리뷰 * 제형은 수분크림처럼 발림성도 좋고 잘 스며드는거같은데 썬크림 바른 당일에 뾰루지가 바로 나더라고요
594,review,oliveyoung,oy:A000000184352,트러블,불만,0.8,2023-08-31,2023-08,A000000184352/21893386,"원래 피부에 뭐가 나는 타입이 전혀 아닌데 이거만 쓰면 다시 나네요 ,,,, 건성 + 민감성인데 예민하신 분들은 피하는게 좋을거 같습니다.."
595,review,oliveyoung,oy:A000000184352,트러블,불만,0.8,2023-08-09,2023-08,A000000184352/21408365,원래 유기자차가 안 맞는 피부인데 좋다고 해서 믿고 구매했는데 바로 여드름 올라왔어요.....ㅠㅠ
598,review,oliveyoung,oy:A000000184352,건조,불만,0.8,2023-08-03,2023-08,A000000184352/21290170,1.바르고 몇시간 지나면 건조해서 얼굴 땡겨요 2.눈이 건조하고 따가워서 도저히 못바르겠어요 3.시간 지나면 때처럼 밀려요
599,review,oliveyoung,oy:A000000184352,밀림,불만,0.8,2023-08-03,2023-08,A000000184352/21290170,그냥 얼굴 한번 만졌는데 쓱 밀림
600,review,oliveyoung,oy:A000000184352,자극따가움,불만,0.8,2023-07-23,2023-07,A000000184352/21040481,트러블은 원래 꾸준히 났어서 패스 얼굴은 이거 쓸 때 자극 없었고 목이랑 팔 바르니깐 자꾸 간지럽고 그래서 적응하면 되겠지 하고 썼더니 적응이 됐어요
601,review,oliveyoung,oy:A000000184352,자극따가움,불만,0.8,2023-07-23,2023-07,A000000184352/21040481,근데 다리도 어제 처음 발랐더니 그 이후에 간지럽고 담날까지 그랬어요
603,review,oliveyoung,oy:A000000184352,끈적유분,불만,0.8,2023-07-23,2023-07,A000000184352/21040481,뒷 마무리는 유분기 있게 마무리 돼서 지성분들은 비추 ________ 한달리뷰 피부 예민하신 분들은 쓰지마세요
604,review,oliveyoung,oy:A000000184352,트러블,만족,0.8,2023-07-23,2023-07,A000000184352/21040481,팔에 뾰루지가 안 났었는데 이거 꾸준히 바르고 난 후부터 바른 부위에 한 개씩 올라와요
606,review,oliveyoung,oy:A000000184352,자극따가움,불만,0.8,2023-07-16,2023-07,A000000184352/20909576,바르고 코옆이 따갑더니 눈 밑에는 두드러기 오지게 올라옴 촉촉하기는 한테 민감피부에 안 맞는 것 같네여
610,review,oliveyoung,oy:A000000184352,자극따가움,불만,0.8,2023-06-15,2023-06,A000000184352/20261976,뒤집어졌어요ㅡㅡ 이 선크림만 바르명 너무 따갑고 아프네요.
611,review,oliveyoung,oy:A000000248065,끈적유분,만족,0.0,2026-08-13,2026-08,A000000248065/64208419,유분기가 생각보다없어서요
614,review,oliveyoung,oy:A000000248065,지속력워터,불만,0.0,2026-08-13,2026-08,A000000248065/64194631,피부 안 좋은데 가볍게 가리기 좋습니당 피부 안 좋은 사람인데도 덜 묻어나고 뭐 기름 뜨는 건 어쩔 수 없긴해요...
615,review,oliveyoung,oy:A000000248065,밀림,만족,0.0,2026-08-12,2026-08,A000000248065/64162120,들뜨지않고 피부가 촉촉해져서 만족스러웠습니다
616,review,oliveyoung,oy:A000000248065,건조,불만,0.0,2026-08-12,2026-08,A000000248065/64154578,톤업이 되다보니 발림성은 좀 뻑뻑하고 건조 할 수 있습니다
619,review,oliveyoung,oy:A000000248065,답답무거움,불만,0.0,2026-08-12,2026-08,A000000248065/64139538,여름에 선크림에 비비나 파운데이션까지바르먄 진짜 답답한데 하나로 해결되니 조아요
620,review,oliveyoung,oy:A000000248065,트러블,만족,0.0,2026-08-11,2026-08,A000000248065/64127556,요즘 피부 뒤집어져서 최대한 자극 덜한 베이스 찾다가 써봤는데 이거 생각보다
621,review,oliveyoung,oy:A000000248065,답답무거움,불만,0.0,2026-08-11,2026-08,A000000248065/64127556,"⸻ ✔️ 장점 • 발림성 진짜 부드러움 뻑뻑하지 않고 촉촉하게 슥슥 펴져서 손으로 발라도 밀림 거의 없음 • 자연스럽게 톤보정 + 커버됨 막 두껍게 덮는 느낌 아니고 붉은기, 잡티 살짝 가려주면서 피부 깔끔해보임 • 진정 느낌 있어서 민감피부도 부담 적음 어성초 성분 때문인지 트러블 올라온 날에도 비교적 편하게 사용 가능 • 파데프리용으로 딱 이거 하나만 바르고 나가도 피부 정돈된 느낌 나서 데일리용으로 좋음 ⸻ 🥲 아쉬운점 • • 시간이 지나면 살짝 무너질 수 있어서 지성 피부는 파우더 살짝 필요 • 색상이 한정적이라 톤 안 맞으면 애매할 수도 있음 ⸻ 💭 한줄 느낌 👉 “피부 편하게 숨 쉬게 해주면서 자연스럽게 예뻐보이는 데일리 선비비”"
622,review,oliveyoung,oy:A000000248065,발림텍스처,만족,0.0,2026-08-11,2026-08,A000000248065/64122105,"얇게 바르면 21호 기준 어둡게 느껴지고 비비 특유의 회색빛이 무시할 수 없긴 하지만 선크림에 쿠션, 파데 하기 싫은 날 대충 바르기에 나쁘지 않은 것 같어요 😸 제형 진짜 되직해서 그냥 선크림이랑 살짝 섞어서 바르면 촉촉하구 좋음"
623,review,oliveyoung,oy:A000000248065,트러블,불만,0.0,2026-08-11,2026-08,A000000248065/64120252,트러블이 나서 파운데이션 대신 잘써요
626,review,oliveyoung,oy:A000000248065,건조,불만,0.0,2026-08-11,2026-08,A000000248065/64100575,건조한 사람은 바르면 건조함이 느껴질 것 같아요.
627,review,oliveyoung,oy:A000000248065,밀림,만족,0.0,2026-08-11,2026-08,A000000248065/64095309,구달 선크림을 너무 잘쓰고 있어서 신뢰가 있었는데 역시 비비크림이 피부에 찰떡같이 발리고 밀림도 없이 편안하게 제 피부를 표현해줘서 가볍게 피부정리하고 싶은 날에 잘 사용할 것 같아요.
630,review,oliveyoung,oy:A000000248065,답답무거움,만족,0.0,2026-08-10,2026-08,A000000248065/64084422,"가장 좋은 건 톤 보정이 유지가 잘 되면서 답답하지 않고, 모공에 몽글몽글 안 끼고☆, 트러블도 없습니다"
631,review,oliveyoung,oy:A000000248065,트러블,불만,0.0,2026-08-10,2026-08,A000000248065/64058521,써도 저는 트러블이 나긴 했어요
632,review,oliveyoung,oy:A000000248065,트러블,불만,0.0,2026-08-10,2026-08,A000000248065/64051108,항상 파데쿠션만 사용했는데 화장하고나면 얼굴에 트러블이 올라오더라구요.
633,review,oliveyoung,oy:A000000248065,트러블,만족,0.0,2026-08-10,2026-08,A000000248065/64051108,이제품으로 바꿔봤는데 트러블 안올라오고 순하고 좋아요!!
634,review,oliveyoung,oy:A000000248065,톤업색상,만족,0.0,2026-08-10,2026-08,A000000248065/64049146,톤업크림보단 훨씬 묵직하지만 커버력이 좀 더 있어서 좋네요.
637,review,oliveyoung,oy:A000000248065,백탁,만족,0.0,2026-08-09,2026-08,A000000248065/64006110,선크림 바르자마자 촉촉함 뭐임…☀️💧 발림성 부드럽고 뻑뻑함 1도 없어서 일단 합격…✨ 백탁 거의 없이 자연스럽게 발리고 끈적임도 심하지 않아서 만족!
638,review,oliveyoung,oy:A000000248065,밀림,만족,0.0,2026-08-09,2026-08,A000000248065/64006110,메이크업 전에 발라도 밀림 없이 착붙이라 더 좋았음 🫶 요즘 데일리 선크림으로 손이 제일 많이
639,review,oliveyoung,oy:A000000248065,끈적유분,만족,0.0,2026-08-09,2026-08,A000000248065/64005770,저한테 좀 밝긴 한데 지속력 좋고 번들거리지 않아서 좋아요!
640,review,oliveyoung,oy:A000000248065,색상어두움,불만,0.8,2026-03-03,2026-03,A000000248065/56465195,더더 어두워요.
641,review,oliveyoung,oy:A000000248065,기타불만,불만,0.8,2026-03-03,2026-03,A000000248065/56465195,유튜버 콜라보라 더 기대했는데 정말 별루였다는..
647,review,oliveyoung,oy:A000000248065,색상어두움,불만,0.8,2026-03-02,2026-03,A000000248065/56429889,바르면 얼굴이 너무 어두워져서 평소 바르던 선크림 양만큼 바를수가 없네요;; 두세트 시켰는데 하나는 개봉해서 어쩔수 없고 나머지 하나는 반품하려고요.
648,review,oliveyoung,oy:A000000248065,끈적유분,만족,0.8,2026-03-02,2026-03,A000000248065/56429889,지성인데 몇시간 지나면 약간 기름이 올라오긴 하지만 심하지 않고 지저분하게 무너지는것 같진 않아요.
649,review,oliveyoung,oy:A000000248065,톤업색상,불만,0.8,2026-03-02,2026-03,A000000248065/56429889,구매하시기 전에 꼭 매장에서 색상 테스트 해보세요!
650,review,oliveyoung,oy:A000000248065,기타불만,불만,0.8,2026-03-01,2026-03,A000000248065/56398395,리뷰 잘 안쓰는데… 너무 별로라 작성해요
653,review,oliveyoung,oy:A000000248065,답답무거움,불만,0.8,2026-03-01,2026-03,A000000248065/56398395,평소 맑은 피부표현을 원하는데 너무 두껍게 발려서 화장 두터운 느낌..남 ❌퍼프로 발라도 가벼운 느낌 안남 ㅜㅜ
654,review,oliveyoung,oy:A000000248065,색상어두움,불만,0.8,2026-03-01,2026-03,A000000248065/56398395,❌색상 어두움..
656,review,oliveyoung,oy:A000000248065,색상어두움,불만,0.8,2026-03-01,2026-03,A000000248065/56398395,다른분들 후기 보니 21호에겐 색상이 어두운듯 ❌두꺼움에도 불구하고 커버도 잘… 모르겠어요 ❌선‘비비’ 인 만큼 잿빛이….ㅜㅜ
657,review,oliveyoung,oy:A000000248065,기타불만,불만,0.8,2026-03-01,2026-03,A000000248065/56398395,다른 거에 섞어 쓰기에도 애초에 이 제품 자체가 별로라서 섞어써보고 싶지도 않네요.
659,review,oliveyoung,oy:A000000248065,기타불만,불만,0.8,2026-03-01,2026-03,A000000248065/56398395,가볍게 화장하고 싶어서 선비비 산건데…너무 별로여서 그냥 다시 파데 바르는 중이에요ㅠㅠ
663,review,oliveyoung,oy:A000000248065,톤업색상,불만,0.8,2026-03-01,2026-03,A000000248065/56354549,피부톤 밝은 사람은 절대 비추비추!!
671,review,oliveyoung,oy:A000000248065,톤업색상,만족,0.8,2026-02-28,2026-02,A000000248065/56274749,제가 여자치고 피부가 그렇게 밝은편이 아닌데 이정도면 솔직히 쓰면서 만족할만한 피부톤 가진 분이 많지 않을듯요
676,review,oliveyoung,oy:A000000248065,백탁,불만,0.8,2026-02-28,2026-02,A000000248065/56241751,다크닝 생각보다
677,review,oliveyoung,oy:A000000248065,발림텍스처,만족,0.8,2026-02-26,2026-02,A000000248065/56170237,규진님 제품이라 기대 정말 많이 했는데 발림성은 좋으나 톤업 1도없고 잿빛입니다… 일부러 이걸 발라서 어두워질 필요는 없기에 굳이 안바를것 같습니다… 아쉬워요ㅠ
679,review,oliveyoung,oy:A000000248065,기타불만,불만,0.8,2026-02-25,2026-02,A000000248065/56108013,너무 실망입니다
680,review,oliveyoung,oy:A000000248065,끈적유분,불만,0.8,2026-02-25,2026-02,A000000248065/56108013,비비라서 톤업은 바라지도 않았지만 너무 칙칙하고 무엇보다 ⭐️⭐️유분기가 너무 많이 올라와요...
681,review,oliveyoung,oy:A000000248065,끈적유분,불만,0.8,2026-02-25,2026-02,A000000248065/56108013,피부표현이 촉촉해서 자연스러운게 아니라 유분이 너~무올라와서 유분때문에 그렇게 보이는거 같아요
690,review,oliveyoung,oy:A000000248065,트러블,불만,0.8,2026-02-25,2026-02,A000000248065/56072416,"규진님 홍보를 엄청 해서 믿고 샀는데 진짜 너무 후회됨 좁쌀여드름(여러개)+ 왕 큰 뾰루지 남...(성분 뭐 있나요..?) 먼저 전 21호이며, 이걸 바르면 잿빛색이에요.."
691,review,oliveyoung,oy:A000000248065,색상어두움,불만,0.8,2026-02-25,2026-02,A000000248065/56072416,"오히려 더 어두워지는 매직,,,!"
694,review,oliveyoung,oy:A000000248065,기타불만,불만,0.8,2026-02-25,2026-02,A000000248065/56072416,걍 모조리 당근행도 못하고 지인 나눔 하러 갑니다.
695,review,oliveyoung,oy:A000000248065,기타불만,불만,0.8,2026-02-25,2026-02,A000000248065/56072416,"돈 낭비 이슈; ㅎ ㅏ.,,, 썬크림은 그냥 제발 구달 녹색 선크림 사십쇼.."
699,review,oliveyoung,oy:A000000248065,기타불만,불만,0.8,2026-02-25,2026-02,A000000248065/56072416,리뷰에 속아 저처럼 돈낭비 후회하지마시고 매장에 있으면 테스트 여러번 후 구입하세요..
700,review,oliveyoung,oy:A000000248065,기타불만,불만,0.6,2026-08-17,2026-08,A000000248065/64401055,초록색 생각하고 샀다간 후회해요
701,review,oliveyoung,oy:A000000248065,끈적유분,불만,0.6,2026-08-17,2026-08,A000000248065/64401055,너~무 꾸덕해요
703,review,oliveyoung,oy:A000000248065,발림텍스처,만족,0.6,2026-08-12,2026-08,A000000248065/64176215,비비크림 중에선 발림성 좋은편인데 장점은 딱 이거 하나 뿐인거 같습니다.
705,review,oliveyoung,oy:A000000248065,끈적유분,불만,0.6,2026-08-12,2026-08,A000000248065/64176215,저는 건조한 편인 수부지이고 40대초반인데도 불구하고 오후되면 기름이 너무 끼고 다
706,review,oliveyoung,oy:A000000248065,밀림,불만,0.6,2026-08-12,2026-08,A000000248065/64176215,들뜨고 완전 얼굴이 극 쟂빛으로 변합니다.
708,review,oliveyoung,oy:A000000248065,톤업색상,만족,0.6,2026-08-12,2026-08,A000000248065/64176215,이걸 꼭 써야한다면 다른톤업선크림과 섞어바르는걸 추천합니다..피부과 시술 후에 진정용으로 구매했는데 사실 좋은건지 모르겠어요.
709,review,oliveyoung,oy:A000000248065,톤업색상,만족,0.6,2026-08-12,2026-08,A000000248065/64176215,ㅇㄴㅅㅍㄹ노ㅅㅂ핑크톤업썬이랑 같이 섞발했더니 괜찮네요.
711,review,oliveyoung,oy:A000000248065,기타불만,불만,0.6,2026-08-07,2026-08,A000000248065/63936804,너무 별로에여 색상도 너무 텁텁하고 차라리 선크림 따로 바르는게 남
713,review,oliveyoung,oy:A000000248065,끈적유분,불만,0.6,2026-08-03,2026-08,A000000248065/63713688,기름기가ㅜ너무 남 하
714,review,oliveyoung,oy:A000000248065,밀림,불만,0.6,2026-08-02,2026-08,A000000248065/63646544,밀리고 ㅠ땀나면 다
715,review,oliveyoung,oy:A000000248065,기타불만,불만,0.6,2026-08-02,2026-08,A000000248065/63646544,"지워짐 자국 선명하게 남고 별로였음 그래도 목 톤업용으로 쓸거같음 커버력은 없고,,음"
716,review,oliveyoung,oy:A000000248065,트러블,불만,0.6,2026-07-29,2026-07,A000000248065/63476971,저 이거 쓰고 좁쌀이 올라왔고 모래랑 섞인듯이 그런 텁텁한 발림성?
718,review,oliveyoung,oy:A000000248065,백탁,불만,0.6,2026-07-29,2026-07,A000000248065/63476971,횟기가 엄청돌고 나중에되면 다크닝이 심하게 와요ㅜㅜ
723,review,oliveyoung,oy:A000000248065,색상어두움,불만,0.6,2026-07-22,2026-07,A000000248065/63182437,2개월 사용해봤는데 톤이 넘 어두워서 아쉬워요
724,review,oliveyoung,oy:A000000248065,지속력워터,불만,0.6,2026-07-22,2026-07,A000000248065/63182437,밝은 파데랑 섞어서 쓰는데도 오후되면 무너짐도 심해서 그냥 회사갈때 비오거나 흐린날 쓰는중이에요
725,review,oliveyoung,oy:A000000248065,발림텍스처,만족,0.6,2026-07-22,2026-07,A000000248065/63182437,발림성은 쏘쏘하고 촉촉한 편이에요
727,review,oliveyoung,oy:A000000248065,색상어두움,불만,0.6,2026-07-17,2026-07,A000000248065/62978879,일단 너무 어두워요..
730,review,oliveyoung,oy:A000000248065,끈적유분,불만,0.6,2026-07-02,2026-07,A000000248065/62274778,매장에서 테스트했는데 발림성 좋아서 출근용으로 사용하려고 샀는데 개기름이 많이 있네요
733,review,oliveyoung,oy:A000000248065,발림텍스처,만족,0.6,2026-06-30,2026-06,A000000248065/62130266,발림성은 부드럽고 좋았습니다
734,review,oliveyoung,oy:A000000248065,밀림,만족,0.6,2026-06-30,2026-06,A000000248065/62130266,뭉치지않고 편하게 바를 수 있었어요
738,review,oliveyoung,oy:A000000248065,백탁,불만,0.6,2026-06-25,2026-06,A000000248065/61938615,다크닝이 심하고 발림성도 별로애요ㅠ
740,review,oliveyoung,oy:A000000248065,색상어두움,불만,0.6,2026-06-14,2026-06,A000000248065/61479173,색이 너무 어두워요
744,review,oliveyoung,oy:A000000248065,트러블,불만,0.6,2026-06-13,2026-06,A000000248065/61433933,피부 뒤집어짐 파데만도 못한데파데프리 하.......
745,review,oliveyoung,oy:A000000248065,트러블,불만,0.6,2026-06-13,2026-06,A000000248065/61428144,쓰고 트러블이 많이 올라와서 깜짝 ㅜㅜ
746,review,oliveyoung,oy:A000000248065,트러블,불만,0.6,2026-06-13,2026-06,A000000248065/61428144,트러블 이슈 리뷰가 많았지만 특별히 트러블 없는 피부라 무시했는데 역시 리뷰 무시하면 안되네요 ㅜㅜ
747,review,oliveyoung,oy:A000000248065,밀림,불만,0.6,2026-05-31,2026-05,A000000248065/60597136,음…; 일단 피부톤 21호 이하는 거들떠도 보지 마세요
748,review,oliveyoung,oy:A000000248065,색상어두움,불만,0.6,2026-05-31,2026-05,A000000248065/60597136,너무 어두워요
749,review,oliveyoung,oy:A000000248065,톤업색상,불만,0.6,2026-05-31,2026-05,A000000248065/60597136,얼굴에 바르니까 너무 내 얼굴색이어서 놀람 자연스러운 거 좋아하시면 21호 파데 쓰시는 분들은 괜찮을 듯 근데 전 피부가 화사~해지는 게 좋아서 비추템 좀만 더 밝게 내주시지 ㅜㅜ
750,review,oliveyoung,oy:A000000248065,발림텍스처,만족,0.6,2026-05-31,2026-05,A000000248065/60597136,그리고 촉촉하고 부드럽게 발리는 타입이 아니라 좀 뻑퍽해요
754,review,oliveyoung,oy:A000000248065,트러블,불만,0.6,2026-05-24,2026-05,A000000248065/60129930,이거 사용하고 좁쌀 파티..
757,review,oliveyoung,oy:A000000248065,색상어두움,불만,0.6,2026-05-20,2026-05,A000000248065/59907634,색이 이게 뭡니까 진짜 어두운데 색을 하나만 낼줄은 몰랐네요
760,review,oliveyoung,oy:A000000248065,발림텍스처,만족,0.6,2026-05-20,2026-05,A000000248065/59907634,발림성은 좋아요
762,review,oliveyoung,oy:A000000248065,색상어두움,만족,0.6,2026-05-17,2026-05,A000000248065/59767900,회끼 돌아서 얼굴에 혈색이 없어보이고..
764,review,oliveyoung,oy:A000000248065,자극따가움,불만,0.6,2026-05-13,2026-05,A000000248065/59616489,자극이 크다고 느꼈고 피부ㅠㅛ현이 맘에 들지 않았어요ㅜ
765,review,oliveyoung,oy:A000000248065,지속력워터,불만,0.6,2026-05-13,2026-05,A000000248065/59616489,지속력도 잘 모르겠어요
766,review,oliveyoung,oy:A000000248065,답답무거움,불만,0.6,2026-05-12,2026-05,A000000248065/59573874,일단 색이 너무 ㄴ어두워요 21호인데도 바르면 얼굴이 칙칙하고 답답해보여요
767,review,oliveyoung,oy:A000000248065,트러블,불만,0.6,2026-05-12,2026-05,A000000248065/59573874,그리고 너무 묻어나고 이 제품 쓴 이후로 피부에 화농성 여드름이 계속 올라와서 관리하고 일주일동안 안썼더니 맨날 한두개씩 올라오던 여드름이 하나도 안올라오네요....
769,review,oliveyoung,oy:A000000248065,색상어두움,불만,0.6,2026-05-12,2026-05,A000000248065/59566087,본래 피부톤 어둡지도 않고 적당히 밝은 21호톤인데 너무어두워요..
770,review,oliveyoung,oy:A000000248065,백탁,불만,0.6,2026-05-12,2026-05,A000000248065/59566087,다크닝 있어서 오래지나고 저녁엔 얼굴이 흙빛이에요..
773,review,oliveyoung,oy:A000000248065,기타불만,불만,0.6,2026-05-11,2026-05,A000000248065/59552876,"일단 첫인상에서 색상은 최악, 발림성은 최고여서 장단점이 너무 극과 극인 느낌이었어요."
774,review,oliveyoung,oy:A000000248065,발림텍스처,만족,0.6,2026-05-11,2026-05,A000000248065/59552876,이렇게 찌그러진 육각형 같은 느낌은 되게 오랜만🥲 발림성이 선크림에 가까운느낌이 아니라 진짜 비비(피몽쉐같은 쫀득한)에 가까워서 모공커버도 괜찮고 크게 뜨지도 않았는데 색이 너무 빗살무늬토기?같이 붉고 회색지고 종합적으로 얼굴색이랑 좀 동떨어진 느낌이 있었어요.
777,review,oliveyoung,oy:A000000248065,발림텍스처,만족,0.6,2026-05-11,2026-05,A000000248065/59552876,발림감이나 선기능이 있는건 너무 맘에 들어서 다음에 색상만 추가된다면!!
779,review,oliveyoung,oy:A000000248065,색상어두움,불만,0.6,2026-05-11,2026-05,A000000248065/59540302,너무 색깔이 어두워서 톤업크림이랑 섞어서 발라야 할것같아요
780,review,oliveyoung,oy:A000000248065,색상어두움,불만,0.6,2026-05-10,2026-05,A000000248065/59515440,"묘하게 시멘트같은 컬러, 손으로 바르면 조금 두꺼움, 무너짐이 주름에 끼면서 나타남… 손이 안가요…"
781,review,oliveyoung,oy:A000000257580,백탁,만족,0.2,2026-08-12,2026-08,A000000257580/64176603,흡수도 잘 되고 백탁도 없고 안 바른 것처럼 가벼워서 좋았습니당~
784,review,oliveyoung,oy:A000000248065,색상어두움,만족,0.6,2026-05-08,2026-05,A000000248065/59392542,낯빛이 안좋아보여요...
785,review,oliveyoung,oy:A000000248065,색상어두움,불만,0.6,2026-05-08,2026-05,A000000248065/59392542,밝기가 대단히 안맞는 것까진 아닌 것 같았는데 뭔가 은근히 노랗고 칙칙했어요
786,review,oliveyoung,oy:A000000248065,건조,불만,0.6,2026-05-08,2026-05,A000000248065/59392542,발림성은 약간 도톰몽글한 느낌인데 촉촉하다가 문지를수록 건조해져요
789,review,oliveyoung,oy:A000000248065,발림텍스처,만족,0.6,2026-05-08,2026-05,A000000248065/59392542,톤 맑고 가볍고 얇은 제형.
792,review,oliveyoung,oy:A000000248065,트러블,불만,0.6,2026-05-05,2026-05,A000000248065/59285120,여드름성 피부는 조금 피하시는게 좋을 것 같아여.
793,review,oliveyoung,oy:A000000248065,트러블,불만,0.6,2026-05-05,2026-05,A000000248065/59285120,이거 쓰고 뾰류지 낫어여.
795,review,oliveyoung,oy:A000000248065,답답무거움,만족,0.6,2026-05-03,2026-05,A000000248065/59202812,​가벼운 밀착력: 비비크림 특유의 잿빛이나 답답함이 거의 없습니다.
796,review,oliveyoung,oy:A000000248065,발림텍스처,만족,0.6,2026-05-03,2026-05,A000000248065/59202812,제형이 묽은 편이라 손으로 슥슥 펴 발라도 결 자국이 잘 남지 않아 바쁜 아침용으로 최고입니다.
797,review,oliveyoung,oy:A000000248065,끈적유분,불만,0.6,2026-04-30,2026-04,A000000248065/59056933,자극은 없지만 너어무 유분져서 지성피부에게는..
801,review,oliveyoung,oy:A000000248065,밀림,불만,0.6,2026-04-24,2026-04,A000000248065/58774023,정말 인플루언서가 바르는 영상에서 피부결이 매우 좋아보였는데 제가 제 피부에하니 가오나시...얼굴만 둥둥 뜨네요.
803,review,oliveyoung,oy:A000000248065,색상어두움,불만,0.6,2026-04-24,2026-04,A000000248065/58774023,좀 누렇고 어두운사람은 뜨는거 같아유
809,review,oliveyoung,oy:A000000248065,자극따가움,만족,0.6,2026-04-05,2026-04,A000000248065/57976426,"미묘하게 뻑뻑한느낌 홍조는 잘 커버되는데, 안색이 좋아보이진 않음 좀 탁하다고 해야하나 손으로만 바르면 좀 그렇고 퍼프로 마무리 해줘야 괜찮음 유튜브에서 되게 좋아보였는데 그냥 피부가 좋아서 뭔들이었던것 같음 톤때문에 좀 더 텁텁해보이는 것 같기도.."
810,review,oliveyoung,oy:A000000248065,끈적유분,불만,0.6,2026-04-05,2026-04,A000000248065/57976426,광인지는 몰라도 개인적으로는 번들거림으로 느껴졌음 이 것만 쓰면 되어서 편하긴한데 다쓰면 재구매는 안할 것 같아요
811,review,oliveyoung,oy:A000000248065,트러블,불만,0.6,2026-04-04,2026-04,A000000248065/57955408,와 파데 쿠션 3N개 있는 사람인데 이정도로 뒤집어지는 베이스 오랜만이네요..
813,review,oliveyoung,oy:A000000248065,트러블,불만,0.6,2026-04-04,2026-04,A000000248065/57955408,피부 뒤집어져서 이번에 구매할때도 정말 마지막으로 믿어보자(매번 이 마음가짐으로 삼..
815,review,oliveyoung,oy:A000000248065,자극따가움,불만,0.6,2026-04-04,2026-04,A000000248065/57955408,잘쓰고 있어서 믿게돼요..) 라는 마음으로 산건데 빨개지고 가렵고 여드름 지인짜 많이 올라와서 화장 지우고 충격받았어요..ㅠㅠ
819,review,oliveyoung,oy:A000000248065,트러블,만족,0.6,2026-04-04,2026-04,A000000248065/57955408,정말 뒤집어지지만 않았다면 백점짜리 베이스입니다!!
824,review,oliveyoung,oy:A000000248065,백탁,불만,0.6,2026-04-02,2026-04,A000000248065/57818428,손으로 발라도 잘발린다해서 손으로 바르면 커버력이 떨어지고 그렇다고 퍼프로 발라도 그렇게 좋지 않음 모공커버는 어느정도 되는거 같긴한데 시간 지나면 다크닝 오면서 모공에 낌 ㅜ
826,review,oliveyoung,oy:A000000248065,밀림,불만,0.6,2026-03-26,2026-03,A000000248065/57528373,편리할거같아서 구매했는데 선크림을 따로 안 발라도 되는게 좋은점이지만 손으로 막 바르면 뭔가 떠보이는?
835,review,oliveyoung,oy:A000000248065,색상어두움,불만,0.6,2026-03-26,2026-03,A000000248065/57515872,음 솔직히 발림성이나 지속력은 ㄱㅊ은 것 같은데 저한테는 색이 넘 노랗고 어두워요
837,review,oliveyoung,oy:A000000248065,발림텍스처,만족,0.6,2026-03-26,2026-03,A000000248065/57507227,"부드럽게 발리긴 하는데,, 다만 들뜸이 좀 있네요."
839,review,oliveyoung,oy:A000000257580,끈적유분,만족,0.0,2026-08-17,2026-08,A000000257580/64402381,"선크림 특유의 답답하고 끈적이는 느낌이 적고, 피부에 부드럽게 발려서 부담 없이 바르기 좋았어요."
840,review,oliveyoung,oy:A000000257580,백탁,만족,0.0,2026-08-17,2026-08,A000000257580/64402381,백탁도 심하지 않고 피부에 자연스럽게 밀착되는 느낌이라 메이크업 전에 사용하기에도 괜찮았답니다!!!
841,review,oliveyoung,oy:A000000257580,끈적유분,불만,0.0,2026-08-17,2026-08,A000000257580/64402381,"끈적이는 선크림 싫어하시는 분, 가볍게 매일 사용할 선크림 찾으시는 분께 추천해요!"
842,review,oliveyoung,oy:A000000257580,발림텍스처,만족,0.0,2026-08-17,2026-08,A000000257580/64402328,저는 선크림 특유의 답답하고 끈적이는 느낌이 싫어서 촉촉한 제형을 매번 구매하는데요.
843,review,oliveyoung,oy:A000000257580,백탁,만족,0.0,2026-08-17,2026-08,A000000257580/64402328,로션 바르는 것처럼 부드럽게 발리고 백탁도 거의 없어서 피부에 자연스럽게 밀착되는 느낌이에요.
844,review,oliveyoung,oy:A000000257580,끈적유분,만족,0.0,2026-08-17,2026-08,A000000257580/64402328,무겁거나 번들거리지 않아 데일리로 사용하기 좋을것 같네요.☺️ 가볍고 산뜻한 선크림 찾으시는 분들께 추천해요!
845,review,oliveyoung,oy:A000000184352,눈시림,만족,0.0,2026-08-11,2026-08,A000000184352/64089685,촉촉한데 흡수도 빨라여 눈시림하나두 없음
846,review,oliveyoung,oy:A000000257580,발림텍스처,만족,0.0,2026-08-17,2026-08,A000000257580/64402228,화장 밀려서 가루 떨어지는건 쓸수가 없는데 이건 제형이 그렇진 않아서 손이 잘가요.
847,review,oliveyoung,oy:A000000257580,눈시림,만족,0.0,2026-08-17,2026-08,A000000257580/64402228,눈시림도 없어서 편안해서 만능입니다.
848,review,oliveyoung,oy:A000000257580,향,만족,0.0,2026-08-17,2026-08,A000000257580/64402151,자꾸 촉촉한것만 강조하길래 뭐가 뭐 을마나 촉촉하다는 건가 했더니 발랐을때 레알마드리드 급내촉촉함..;; <<촉촉해서 생긴 땀방울 글고 향이 없어서 내 얼굴에서 땀과 화장품들이 혼합된 생화학병기같은 냄새도 안나서 조아요
849,review,oliveyoung,oy:A000000257580,발림텍스처,만족,0.0,2026-08-17,2026-08,A000000257580/64402151,근데 이거는 바르고 바로 촉촉하게 흡수되는 느낌?
850,review,oliveyoung,oy:A000000257580,끈적유분,만족,0.0,2026-08-17,2026-08,A000000257580/64402009,화장 전에 바를 선크림을 찾고 있었는데 끈적임도 없고 바르면 바로 흡수되어서 촉촉하고 발림성도 좋아요
851,review,oliveyoung,oy:A000000257580,끈적유분,만족,0.0,2026-08-17,2026-08,A000000257580/64401769,촉촉하고 가볍게 발리는데 끈적임이 없어서 데일리로 사용하기 좋았어요!
852,review,oliveyoung,oy:A000000257580,백탁,만족,0.0,2026-08-17,2026-08,A000000257580/64401769,백탁 없이 자연스럽게 발리고 피부에 부담 없이 산뜻하게 마무리돼서 만족스러웠습니다.
853,review,oliveyoung,oy:A000000257580,백탁,만족,0.0,2026-08-17,2026-08,A000000257580/64401710,백탁현상없고 눈시림없고 발림성 부드러운크림처럼 짱좋아요 !!!
854,review,oliveyoung,oy:A000000257580,답답무거움,만족,0.0,2026-08-17,2026-08,A000000257580/64401666,전혀 답답함이 없어서 신기...
855,review,oliveyoung,oy:A000000257580,답답무거움,만족,0.0,2026-08-17,2026-08,A000000257580/64401666,여름에도 답답함없이 잘 사용중이고 사계절 내내 메이크업 전에 아주 잘 발라줄 것 같아요
856,review,oliveyoung,oy:A000000257580,끈적유분,만족,0.0,2026-08-17,2026-08,A000000257580/64401654,처음에는 촉촉한데 피부에 흡수되고 나면 끈적임이 심하지 않고 깔끔하게 마무리돼서 좋았어요.
857,review,oliveyoung,oy:A000000257580,끈적유분,만족,0.0,2026-08-17,2026-08,A000000257580/64401654,피부가 건조해 보이지 않으면서도 번들거림은 적어서 데일리 선크림으로 손이 자주 갈 것 같아요.
858,review,oliveyoung,oy:A000000257580,백탁,만족,0.0,2026-08-17,2026-08,A000000257580/64401638,"백탁이 거의 없어서 자연스럽게 마무리되고, 땀이 많이 나는 날에도 눈시림이 없어서 여름철 데일리 선크림으로 쓰기 좋았어요."
859,review,oliveyoung,oy:A000000257580,밀림,만족,0.0,2026-08-17,2026-08,A000000257580/64401638,"메이크업 전에 발라도 밀림 없이 화장이 잘 먹어서 만족스러웠고, 가벼운 사용감 덕분에 매일 손이 가는 제품이에요."
860,review,oliveyoung,oy:A000000257580,백탁,만족,0.0,2026-08-17,2026-08,A000000257580/64401539,그래서 메이크업 전에 발라도 전혀 밀리지 않고 수분크림 대용으로 아주아주 잘 사용중입니당 백탁도 없어요!
861,review,oliveyoung,oy:A000000257580,눈시림,만족,0.0,2026-08-17,2026-08,A000000257580/64401415,"눈시림도 전혀 없었고, 발림성 좋아요."
862,review,oliveyoung,oy:A000000257580,답답무거움,불만,0.0,2026-08-17,2026-08,A000000257580/64401323,요즘 선크림 바르면 답답하거나 밀리는 제품도 많은데 이건 진짜 순해서 부담 없이 잘 쓰고 있어요!
863,review,oliveyoung,oy:A000000257580,밀림,만족,0.0,2026-08-17,2026-08,A000000257580/64401323,피부에 자극 없이 촉촉하게 발리고 화장도 밀림 없이 잘 먹어서 너무 만족스러움 ㅎㅎ
864,review,oliveyoung,oy:A000000257580,밀림,만족,0.0,2026-08-17,2026-08,A000000257580/64401323,메이크업 전에 발라도 들뜨는 느낌 없이 피부 표현이 깔끔하게 돼요.
865,review,oliveyoung,oy:A000000257580,백탁,만족,0.0,2026-08-17,2026-08,A000000257580/64400616,번들거리거나 백탁현상 없이 가볍고 촉촉해서 데일리로 사용하게 될 것 같습니다
866,review,oliveyoung,oy:A000000257580,끈적유분,만족,0.0,2026-08-17,2026-08,A000000257580/64400599,번들거리지 않고 수부지 지성한테 좋아요
867,review,oliveyoung,oy:A000000257580,백탁,불만,0.0,2026-08-17,2026-08,A000000257580/64400425,"평소에 선크림 특유의 답답함이랑 백탁 때문에 바르기 귀찮기도하고 발라도 진짜조금 발라서 이게 자외선 차단 될까 했는데, 이건 칠하고 나도 바른 느낌이 안 날 정도로 무중력 그 자체네요."
868,review,oliveyoung,oy:A000000257580,끈적유분,만족,0.0,2026-08-17,2026-08,A000000257580/64400425,"수분 로션 바르는 것처럼 촉촉한데 끈적임 없고, 화장도 안 밀리고 잘 먹어요."
869,review,oliveyoung,oy:A000000257580,눈시림,만족,0.0,2026-08-17,2026-08,A000000257580/64400310,선크림 바를 때 은근 신경 쓰이는 눈시림이 없어서 너무 마음에 들었어요.
870,review,oliveyoung,oy:A000000257580,답답무거움,만족,0.0,2026-08-17,2026-08,A000000257580/64400310,"촉촉하면서도 답답하지 않고, 아침에 화장하기전에 발라도 밀림이 없어 좋네요~^^"
871,review,oliveyoung,oy:A000000257580,끈적유분,만족,0.0,2026-08-17,2026-08,A000000257580/64400083,수부지 피부인데 건조하거나 번들거리지 않아요
872,review,oliveyoung,oy:A000000257580,끈적유분,만족,0.0,2026-08-17,2026-08,A000000257580/64400076,흡수되고 나면 끈적임도 심하지 않고 피부가 촉촉하게 정돈되는 느낌이라 메이크업 전에 사용하기에도 괜찮았어요
873,review,oliveyoung,oy:A000000257580,답답무거움,불만,0.0,2026-08-17,2026-08,A000000257580/64400076,무겁고 답답한 선크림은 부담스러운데 이건 비교적 가볍게 사용할 수 있어서 요즘 외출할 때 꾸준히 챙겨 바르고 있어요ㅎㅎ
874,review,oliveyoung,oy:A000000257580,용량가격,만족,0.0,2026-08-17,2026-08,A000000257580/64399857,가벼우면서도 촉촉해서 베이스 깔기 전에 화잘먹 선크림으로 진짜 좋아요🩵 그리고 용량도 넉넉해서 목이랑 팔다리에도 아낌없이 찹찹 바르고 있습니다!!
875,review,oliveyoung,oy:A000000257580,끈적유분,만족,0.0,2026-08-17,2026-08,A000000257580/64399482,기름지지 않아서 복합성에게 부담없이 바르기 좋을거 같습니다!
876,review,oliveyoung,oy:A000000257580,답답무거움,불만,0.0,2026-08-17,2026-08,A000000257580/64399456,진짜 순하고 에어리하고 여름에쓰기 무거울 만한 촉촉함도 아니라서 진짜진짜 화잘먹도 가능입니다
877,review,oliveyoung,oy:A000000257580,답답무거움,만족,0.0,2026-08-17,2026-08,A000000257580/64399456,사실 pdrn이라길래 메이크업 전에 무거울까봐 걱정했는데 진짜 전혀예요.
878,review,oliveyoung,oy:A000000257580,백탁,만족,0.0,2026-08-17,2026-08,A000000257580/64399456,"사진 보시면 아시겠지만 백탁 현상이 전혀 없어 투명하게 발리며, 수분 프라이머를 바른 듯 피부 결을 매끄럽게 정돈해 메이크업 밀림 없이 찰떡궁합이예요."
879,review,oliveyoung,oy:A000000257580,끈적유분,만족,0.0,2026-08-17,2026-08,A000000257580/64399456,눈시림과 유분기 없는 산뜻한 마무리감 덕분에 수시로 덧바르기 좋아 지성·복합성 피부와 예민한 피부 모두 사계절 내내 편안하게 쓰기 좋은 데일리 선크림으로 추천해요
880,review,oliveyoung,oy:A000000257580,백탁,만족,0.0,2026-08-17,2026-08,A000000257580/64398704,백탁이나 눈시림도 없어서 이거 다쓰기전에 쟁여놓고 써야할거같아요
881,review,oliveyoung,oy:A000000257580,끈적유분,만족,0.0,2026-08-17,2026-08,A000000257580/64398565,엄청 촉촉하고 발림성 좋음 가끔 눈 따가운 선크림 있는데 이건 안따갑고 여름에 바르면 촉촉하게 잘 발리고 화잘먹임 기존에 쓰는건 여름에 바르기엔 유분이 좀 올라왔는데 얘는 산뜻하게 잘 마무리됨
882,review,oliveyoung,oy:A000000257580,끈적유분,만족,0.0,2026-08-17,2026-08,A000000257580/64398414,선크림이 끈적임 전혀 없고 엄청 가볍고 순한 느낌이에요
883,review,oliveyoung,oy:A000000257580,백탁,만족,0.0,2026-08-17,2026-08,A000000257580/64398414,파워지성이 써도 번들거리지 않고 금방 스며들고 백탁도 없어서 좋아요
884,review,oliveyoung,oy:A000000257580,백탁,만족,0.0,2026-08-17,2026-08,A000000257580/64397663,"백탁이나 답답함 없이 산뜻하고, 이지워시라 부담 없이 매일 쓰기 좋은 무중력선크림 💙"
885,review,oliveyoung,oy:A000000257580,끈적유분,만족,0.0,2026-08-17,2026-08,A000000257580/64397135,끈적임 없이 잘 사용할수 있어서 좋았어요
886,review,oliveyoung,oy:A000000257580,백탁,만족,0.0,2026-08-17,2026-08,A000000257580/64397095,"제형이 정말 가볍고 촉촉해서 로션 바르듯 부담 없이 발리고, 백탁 없이 자연스럽게 밀착되는 점이 가장 마음에 들었어요."
887,review,oliveyoung,oy:A000000257580,끈적유분,만족,0.0,2026-08-17,2026-08,A000000257580/64397095,"끈적임이 적어서 메이크업 전에 사용해도 답답하지 않고, 데일리 선크림으로 손이 자주 갈 것 같아요."
888,review,oliveyoung,oy:A000000184352,밀림,만족,0.0,2026-08-10,2026-08,A000000184352/64080339,너무 순하고 부드럽게 발리고 촉촉해서 화장하기 전에 밀림없이 쓰기 좋아요
889,review,oliveyoung,oy:A000000257580,끈적유분,만족,0.0,2026-08-17,2026-08,A000000257580/64397045,평소 색상이 들어가거나 미백이 있는 선크림은 좋어하지 않아 로션같은걸 찾고있었는데 스윙스가 선크림으로 세수하는거 보고 정말 저렇게 발라도 유분이 없을까하고 궁금해서 구매했는데 하나도 안번들거리고 그냥 수분로션같아서 너뮤 만족하는 선크림입니다!
890,review,oliveyoung,oy:A000000257580,백탁,만족,0.0,2026-08-17,2026-08,A000000257580/64396711,썬크림의 진득한 느낌이 싫어서 안 바르고 다닐때도 많았는데 로션처럼 쓱 부드럽게 발리고 백탁이나 끈적임이 전혀 없어서 여름선크림으로 좋은 것 같아요.
891,review,oliveyoung,oy:A000000257580,눈시림,만족,0.0,2026-08-17,2026-08,A000000257580/64396711,얼굴에 땀이 많이 나는 편인데 눈시림이 없다고 하니 기대가 되네요.
892,review,oliveyoung,oy:A000000257580,끈적유분,만족,0.0,2026-08-17,2026-08,A000000257580/64396127,끈적임 없이 싹 흡수될 것 같아서요!
893,review,oliveyoung,oy:A000000257580,백탁,만족,0.0,2026-08-17,2026-08,A000000257580/64396127,이 제품은 백탁현상도 없고 촉촉하게 잘 흡수돼서 좋은 것 같아요!
894,review,oliveyoung,oy:A000000257580,끈적유분,만족,0.0,2026-08-17,2026-08,A000000257580/64396121,끈적이지 않고!!
895,review,oliveyoung,oy:A000000257580,답답무거움,만족,0.0,2026-08-17,2026-08,A000000257580/64395986,"요즘 날씨가 더워서 무겁고 끈적이는 선크림은 손이 잘 안 갔는데, VT 피디알엔 에어 클라우드 선스크린은 사용감이 정말 가벼워서 마음에 들어요."
896,review,oliveyoung,oy:A000000257580,답답무거움,만족,0.0,2026-08-17,2026-08,A000000257580/64395986,부드럽게 펴 발리고 피부에 빠르게 밀착되는 느낌이라 답답함이 거의 없어요.
897,review,oliveyoung,oy:A000000257580,끈적유분,만족,0.0,2026-08-17,2026-08,A000000257580/64395986,"촉촉함은 어느 정도 남아있으면서 번들거림이나 끈적임은 적은 편이라 마무리감도 깔끔해서 손이 자주 가고, 요즘 데일리 선스크림으로 사용중입니다."
898,review,oliveyoung,oy:A000000257580,끈적유분,만족,0.0,2026-08-17,2026-08,A000000257580/64395965,발림성도 부드럽고 끈적임 없이 촉촉하게 마무리돼서 데일리로 쓰기 좋아요.
899,review,oliveyoung,oy:A000000257580,밀림,만족,0.0,2026-08-17,2026-08,A000000257580/64395965,화장 전에 발라도 밀림이 거의 없어서 요즘 매일 손이 가는 선크림이에요.
900,review,oliveyoung,oy:A000000257580,답답무거움,만족,0.0,2026-08-17,2026-08,A000000257580/64395157,pdrn성분도 들어있는데 무거운 느낌 하나 없이 피부에 촉촉하게 스며들고 무엇보다
901,review,oliveyoung,oy:A000000257580,끈적유분,만족,0.0,2026-08-17,2026-08,A000000257580/64395157,끈적임 없이 화장도 잘 먹어요.
902,review,oliveyoung,oy:A000000257580,눈시림,만족,0.0,2026-08-17,2026-08,A000000257580/64395157,눈시림도 없어서 아주 대만족하고...
903,review,oliveyoung,oy:A000000257580,눈시림,만족,0.0,2026-08-17,2026-08,A000000257580/64395106,눈시림이 없어서 쓰기 좋았습니다
904,review,oliveyoung,oy:A000000257580,백탁,만족,0.0,2026-08-17,2026-08,A000000257580/64395061,적당히 촉촉 해서 들뜨거나 백탁 없이 편안하게 사용하기 좋았습니다
905,review,oliveyoung,oy:A000000257580,백탁,만족,0.0,2026-08-17,2026-08,A000000257580/64394235,"답답하거나 무거운 느낌없이 피부에 부드럽게 펴 발리고, 백탁도 심하지 않아 자연스럽게 마무리돼서 만족스러웠어요."
906,review,oliveyoung,oy:A000000257580,끈적유분,만족,0.0,2026-08-17,2026-08,A000000257580/64394235,끈적임이 부담스럽지 않고 산뜻한 편이라 메이크업 전에 사용하기에도 괜찮았습니다.
907,review,oliveyoung,oy:A000000257580,건조,불만,0.0,2026-08-17,2026-08,A000000257580/64394235,"50ml 용량이라 매일 꾸준히 자외선 차단용으로 사용하기 좋고, 피부가 건조할 때도 촉촉하게 마무리되는 점이 마음에 들었어요"
908,review,oliveyoung,oy:A000000257580,끈적유분,만족,0.0,2026-08-17,2026-08,A000000257580/64394173,끈적이지 않아요!!
909,review,oliveyoung,oy:A000000257580,백탁,만족,0.0,2026-08-17,2026-08,A000000257580/64394173,백탁없고 발림성 너무너무 좋습니당 복합성이나 지성분들 촉촉한 거 찾으실 때 너무 좋을 것 같구요!
910,review,oliveyoung,oy:A000000257580,끈적유분,만족,0.0,2026-08-17,2026-08,A000000257580/64394173,건성분들은 안 끈적이고 보송보송해지는만큼 기초를 가볍게하고 쓰시면 건조하다고 생각하실 수도 있을 것 같아요!
912,review,oliveyoung,oy:A000000257580,백탁,만족,0.0,2026-08-17,2026-08,A000000257580/64393985,끈적이거나 답답한 느낌도 덜하고 백탁도 심하지 않아서 데일리로 사용하기 좋아요☀️ 피부에 편안하게 밀착되는 느낌이라 메이크업 전에 발라도 괜찮았습니다💕
916,review,oliveyoung,oy:A000000257580,발림텍스처,만족,0.4,2026-07-19,2026-07,A000000257580/63041237,수부지 피부인데 발림성 좋아요
917,review,oliveyoung,oy:A000000257580,답답무거움,불만,0.4,2026-07-19,2026-07,A000000257580/63041237,근데 저한테는 먼가 막하나 씌워진것처럼 답답하더라구용!
919,review,oliveyoung,oy:A000000257580,백탁,만족,0.4,2026-07-19,2026-07,A000000257580/63041237,"일단 올 여름은 이거 쓰고 백탁,톤보정은 없습니다"
921,review,oliveyoung,oy:A000000257580,백탁,만족,0.4,2026-07-18,2026-07,A000000257580/63029841,백탁도 없어서 바쁜 아침에도 슥슥 바르기 좋습니다.
923,review,oliveyoung,oy:A000000257580,밀림,불만,0.4,2026-07-18,2026-07,A000000257580/63029841,+) 끈적임도 크게 없는 것 같아서 좋았는데 때처럼 밀리는 현상이 있어요.
924,review,oliveyoung,oy:A000000257580,밀림,불만,0.4,2026-07-18,2026-07,A000000257580/63029841,얼굴에 하얗게 각질처럼 일어났길래 떼어내려고 살짝 털었더니 더 큰 하얀색 덩어리들이...
926,review,oliveyoung,oy:A000000257580,백탁,만족,0.4,2026-07-18,2026-07,A000000257580/63029329,"이름처럼 구름 같은 부드러운 제형이라 끈적임 없이 피부에 착 밀착되고, 백탁도 거의 없어서 메이크업 전에 사용하기 좋았습니다."
927,review,oliveyoung,oy:A000000257580,답답무거움,만족,0.4,2026-07-18,2026-07,A000000257580/63029329,"시간이 지나도 답답하거나 밀리는 느낌이 없고, 피부가 건조해지지 않아 데일리 선크림으로 딱이에요."
929,review,oliveyoung,oy:A000000257580,백탁,만족,0.4,2026-07-18,2026-07,A000000257580/63020060,로션타입이라 바르기 편하고 백탁현상이나 번들거림이 거의 없어요
933,review,oliveyoung,oy:A000000257580,밀림,만족,0.4,2026-07-12,2026-07,A000000257580/62750744,흡수 되긴하는데 이후에는 때처럼 밀려서 잘 사용 안 할 것 같아요..ㅎㅎ
936,review,oliveyoung,oy:A000000257580,끈적유분,만족,0.4,2026-07-12,2026-07,A000000257580/62750744,바르고 시간 지난 후에 덜 번들거려서 붙인 이름인가 싶네요
937,review,oliveyoung,oy:A000000257580,답답무거움,불만,0.4,2026-07-12,2026-07,A000000257580/62750744,바를 때는 다른 선크림처럼 뭐 바른 것처럼 느껴지는데 시간 지나면 그 느낌이 좀 줄어들긴 하더라구요.
938,review,oliveyoung,oy:A000000257580,밀림,불만,0.4,2026-07-12,2026-07,A000000257580/62750744,그러나 그 상태로 화장하면 때처럼 밀립니다
940,review,oliveyoung,oy:A000000257580,끈적유분,만족,0.4,2026-07-10,2026-07,A000000257580/62633223,자극도 없고 유분기나 끈적거림이 하나도 없어서 꽤 만족스러웠던 제품이에요.
941,review,oliveyoung,oy:A000000257580,용량가격,만족,0.4,2026-07-10,2026-07,A000000257580/62633223,가격도 합리적인 편이고 발림성도 좋아요.
942,review,oliveyoung,oy:A000000257580,밀림,불만,0.4,2026-07-10,2026-07,A000000257580/62633223,다만 너무 많이 바르면 1-2시간 뒤에 제형이 때처럼 밀려나와서 얼굴에는 못 쓰겠네요.
944,review,oliveyoung,oy:A000000257580,백탁,만족,0.4,2026-07-09,2026-07,A000000257580/62599818,유기자차라서 백탁없이 부드럽고 촉촉하게 발려요.
945,review,oliveyoung,oy:A000000257580,백탁,만족,0.4,2026-07-09,2026-07,A000000257580/62599818,하얗게 뜨지 않아서 옷에 묻을 걱정하지 않아도 되서 좋아요!
946,review,oliveyoung,oy:A000000257580,밀림,불만,0.4,2026-07-09,2026-07,A000000257580/62599818,근데 진짜 잘 밀려요.
947,review,oliveyoung,oy:A000000257580,답답무거움,만족,0.4,2026-07-09,2026-07,A000000257580/62599818,두껍게 바르지 않게 주의해야할 것 같은데 그러면 과연 자외선 차단이 될까 의문이 들어요.
949,review,oliveyoung,oy:A000000257580,백탁,만족,0.4,2026-06-30,2026-06,A000000257580/62154704,발림이나 백탁없는건 좋습니다
950,review,oliveyoung,oy:A000000257580,지속력워터,불만,0.4,2026-06-30,2026-06,A000000257580/62154704,"그러나, 땀을 흘리면 흰색국물이 흐르는점은 매우 아쉽습니다"
953,review,oliveyoung,oy:A000000257580,눈시림,만족,0.2,2026-08-17,2026-08,A000000257580/64387897,말 그대로 구름처럼 가볍게 발리구 눈 시림 없어요!
954,review,oliveyoung,oy:A000000257580,밀림,불만,0.2,2026-08-17,2026-08,A000000257580/64377801,선크림 단독 사용으로는 흡수도 빠르고 좋지만 화장할 때 사용하면 때처럼 밀려요
955,review,oliveyoung,oy:A000000257580,끈적유분,만족,0.2,2026-08-16,2026-08,A000000257580/64349417,여름에 바를 생각이라 가볍게 발리는 것도 조금 고민됬는데 흡수도 빠르고 끈적임도 없어서 잘 쓸거같아요!!
956,review,oliveyoung,oy:A000000257580,백탁,만족,0.2,2026-08-16,2026-08,A000000257580/64347237,평소 백탁이 없는 선크림을 선호해서 구매해봤는데 정말 백탁 1도 없구요
957,review,oliveyoung,oy:A000000257580,밀림,만족,0.2,2026-08-16,2026-08,A000000257580/64347237,제형은 물로션 느낌이구 바르고 화장했는데 밀림 없었어요.
958,review,oliveyoung,oy:A000000257580,눈시림,만족,0.2,2026-08-16,2026-08,A000000257580/64347237,무쌍이라 잘못쓰면 눈시린데 눈시림도 없었어요.
959,review,oliveyoung,oy:A000000257580,트러블,불만,0.2,2026-08-16,2026-08,A000000257580/64316081,근데 논코메도제닉 테스트를 하지않은 제품이라서 그런지 저는 1주일정도 쓰는기간동안 2일차부터 나비존에 모공에 트러블이나더니 1주일엔 왕 여드름이 나서 그거 가라앉는데만 1주일이걸리고 흉질뻔했어요
960,review,oliveyoung,oy:A000000257580,끈적유분,만족,0.2,2026-08-15,2026-08,A000000257580/64304017,끈적임이 거의 없고 산뜻하게 마무리돼서 데일리로 사용하기 좋았어요.
961,review,oliveyoung,oy:A000000257580,답답무거움,만족,0.2,2026-08-15,2026-08,A000000257580/64304017,바른 후에도 피부가 답답하지 않고 촉촉한 느낌이 들어서 만족스러웠어요.
962,review,oliveyoung,oy:A000000257580,밀림,만족,0.2,2026-08-15,2026-08,A000000257580/64304017,특히 메이크업 전에 사용해도 밀림이 적어서 손이 자주 갈 것 같아요!
963,review,oliveyoung,oy:A000000257580,답답무거움,만족,0.2,2026-08-15,2026-08,A000000257580/64300230,굿굿굿 스윙스 썬크림 좋네여 근데 남동생이 더 잘씀 뺏겻어여 막 무겁지않고 좋은듯요!!!!
964,review,oliveyoung,oy:A000000257580,끈적유분,만족,0.2,2026-08-15,2026-08,A000000257580/64298590,더운 여름에 사용하기 좋은 가벼운 제형이라 끈적이지 않아서 딱 좋아요!
965,review,oliveyoung,oy:A000000257580,백탁,만족,0.2,2026-08-15,2026-08,A000000257580/64298590,백탁있는 선크림 너무 싫어하는데 백탁도 없고 눈시림도 적은 편이라 편하게 바르기 좋은 선크림 같습니당
966,review,oliveyoung,oy:A000000257580,향,불만,0.2,2026-08-15,2026-08,A000000257580/64297688,근데 제가 향에 민감한데 향은 살짝 좀 거슬려서 별 하나 뺌...
967,review,oliveyoung,oy:A000000257580,끈적유분,만족,0.2,2026-08-15,2026-08,A000000257580/64297688,힝 어쨌든 꽤 산뜻한 편이고 저는 워낙 건성이라 기름기 남으면서 건조한거 싫어하는데 이거는 괜찮은거 같아요~
968,review,oliveyoung,oy:A000000257580,자극따가움,불만,0.2,2026-08-15,2026-08,A000000257580/64297686,눈가가 좀 예민한데눈가에 직접적으로 발라도 안따가은것 같습니다
969,review,oliveyoung,oy:A000000257580,밀림,불만,0.2,2026-08-15,2026-08,A000000257580/64292092,많이바르면 뭉치고 밀려요..왜그런지 모르겠음..재구매 의사는 없어요
970,review,oliveyoung,oy:A000000257580,끈적유분,만족,0.2,2026-08-15,2026-08,A000000257580/64287792,쓰고나면 끈적이지 않아서 마음에 들어요
971,review,oliveyoung,oy:A000000257580,밀림,불만,0.2,2026-08-15,2026-08,A000000257580/64287792,얼굴에 바르기엔 화장이 밀려서 몸에 바르고있어요
972,review,oliveyoung,oy:A000000257580,끈적유분,만족,0.2,2026-08-15,2026-08,A000000257580/64286696,제형이 가볍고 수분감이 많아서 선크림 특유의 답답함이나 끈적임이 전혀 느껴지지 않습니다.
973,review,oliveyoung,oy:A000000257580,백탁,만족,0.2,2026-08-15,2026-08,A000000257580/64286696,"피부에 부드럽게 밀착되어 겉돌지 않고 빠르게 흡수되며, 백탁 현상 없이 깔끔하게 마무리됩니다."
974,review,oliveyoung,oy:A000000257580,끈적유분,만족,0.2,2026-08-15,2026-08,A000000257580/64286696,"유분감이 적고 산뜻해서 바른 후에도 피부가 답답하지 않으며, 다음 단계에 메이크업을 올려도 밀리지 않아 데일리로 가볍게 바르기 무난한 선크림입니다."
975,review,oliveyoung,oy:A000000257580,백탁,만족,0.2,2026-08-15,2026-08,A000000257580/64283837,바를때도 잘발리고 백탁현상 전혀 없어요
976,review,oliveyoung,oy:A000000257580,끈적유분,만족,0.2,2026-08-15,2026-08,A000000257580/64283837,바르고 시간 조금만 지나도 기름지거나 건조함 없어서 선크림을 발랐다는 묵직함 전혀 없어서 바르기에 좋습니다
977,review,oliveyoung,oy:A000000257580,발림텍스처,만족,0.2,2026-08-15,2026-08,A000000257580/64279652,그리고 너무 묽어서 뚜껑에 계속 묻는데 좀 불편해요
978,review,oliveyoung,oy:A000000257580,백탁,만족,0.2,2026-08-15,2026-08,A000000257580/64278888,백탁이 없는 편인 것 같아요.
979,review,oliveyoung,oy:A000000257580,끈적유분,만족,0.2,2026-08-15,2026-08,A000000257580/64278888,끈적임도 잘 안 느껴지는 듯 합니다.
980,review,oliveyoung,oy:A000000257580,끈적유분,만족,0.2,2026-08-15,2026-08,A000000257580/64277529,선크림 끈적거리는거 싫어하는데 얘는 보송해서 손이 자주가요.
981,review,oliveyoung,oy:A000000257580,자극따가움,만족,0.2,2026-08-15,2026-08,A000000257580/64277529,다만 제가 민감성 피부라 약간 화한 느낌이 드는데 심하지 않아서 쓸 만 해요.
982,review,oliveyoung,oy:A000000257580,끈적유분,만족,0.2,2026-08-15,2026-08,A000000257580/64269327,"백탁과 끈적임 부담 없이 매일 바르기 좋은 선크림 선크림은 매일 사용하는 제품이라 발림성과 끈적임을 중요하게 보는데, VT PDRN 에어 클라우드 선스크린은 이름처럼 가볍고 촉촉하게 발려서 마음에 들어요."
983,review,oliveyoung,oy:A000000257580,백탁,만족,0.2,2026-08-15,2026-08,A000000257580/64269327,"특히 백탁이 거의 없어 얼굴이 하얗게 뜨지 않고, 바른 후에도 답답하거나 무겁게 느껴지지 않아 데일리로 사용하기 좋았어요."
984,review,oliveyoung,oy:A000000257580,끈적유분,만족,0.2,2026-08-15,2026-08,A000000257580/64269327,"촉촉하지만 심하게 번들거리거나 끈적이는 느낌이 적어서 메이크업 전에 사용하기에도 괜찮았고, 피부에 자연스럽게 밀착되는 느낌도 만족스러웠어요."
985,review,oliveyoung,oy:A000000257580,용량가격,만족,0.2,2026-08-15,2026-08,A000000257580/64269327,50ml 용량이라 매일 부담 없이 사용하기 좋네요.
986,review,oliveyoung,oy:A000000257580,백탁,만족,0.2,2026-08-15,2026-08,A000000257580/64269327,가볍고 촉촉하면서 백탁 부담 없는 선크림을 찾는 분들께 추천하고 싶어요.
987,review,oliveyoung,oy:A000000257580,끈적유분,불만,0.2,2026-08-14,2026-08,A000000257580/64248703,지성 피부 기준으로는 살짝 유분감이 있는데 건성 피부가 쓰면 딱 좋을 것 같아요.
988,review,oliveyoung,oy:A000000257580,답답무거움,만족,0.2,2026-08-14,2026-08,A000000257580/64248703,화장 전에 발라도 답답하거나 무겁지 않아서 데일리로 쓰기 괜찮아용
989,review,oliveyoung,oy:A000000257580,발림텍스처,만족,0.2,2026-08-14,2026-08,A000000257580/64236558,가벼운 제형의 단점은 두번은 발라야한다는거예요.
990,review,oliveyoung,oy:A000000257580,자극따가움,불만,0.2,2026-08-14,2026-08,A000000257580/64236558,그리고 저는 약간의 따가움이 있었어요.
992,review,oliveyoung,oy:A000000257580,트러블,만족,0.2,2026-08-14,2026-08,A000000257580/64232425,"제형이 엄청 가볍게 발리고 백탁이 아예 없어서 좋긴한데, 가격대비 용량이 적은 감이 있고 약간 얇은 막 코팅된느낌이라서 그런건지 화장이 특별히 잘 먹는느낌까진 아닌거같음 여드름 나는지 등은 추후 확인예정"
993,review,oliveyoung,oy:A000000257580,끈적유분,만족,0.2,2026-08-13,2026-08,A000000257580/64216844,"광고 엄청하길래 약간 선입견 가지고 있었는데 그래도 진짜 눈이 안시리고, 바르는데 끈적임이 없어서 좋았습니다."
995,review,oliveyoung,oy:A000000257580,밀림,만족,0.2,2026-08-13,2026-08,A000000257580/64212907,밀림도 없고 화장 전 베이스로 괜찮음 요즘 촉촉 썬크림이 많은데 다른 촉촉들과 큰차이는 잘 모르겠지만!
996,review,oliveyoung,oy:A000000257580,눈시림,만족,0.2,2026-08-13,2026-08,A000000257580/64210732,발림성 개좋고 눈시림 적고 향도 없고 촉촉하니 좋은데 자외선 차단이 잘 되는지는 모르겠음 그리고 단독 사용은 ㄱㅊ은데 화장 전에 사용하려면 완전히 흡수 시켜야해서 기다리는게 쪼매 귀찮아요
997,review,oliveyoung,oy:A000000257580,밀림,불만,0.2,2026-08-13,2026-08,A000000257580/64210732,흡수 제대로 안 시키면 뜨거나 밀림
999,review,oliveyoung,oy:A000000257580,끈적유분,불만,0.2,2026-08-13,2026-08,A000000257580/64185353,다른 브렌드 선세럼 사용하다가 사봤는데 유분감이 많아요
1000,review,oliveyoung,oy:A000000257580,백탁,만족,0.2,2026-08-12,2026-08,A000000257580/64175889,부드럽게 잘 발리고 화장전에 기초로 바르는데 톤 보정이나 백탁은 없어요.
1001,review,oliveyoung,oy:A000000257580,끈적유분,불만,0.2,2026-08-12,2026-08,A000000257580/64173222,"평소 선크림은 답답하거나 끈적이는 제품이 많아서 고르기 까다로운데, 이 제품은 이름처럼 정말 가볍게 발립니다."
1002,review,oliveyoung,oy:A000000257580,백탁,만족,0.2,2026-08-12,2026-08,A000000257580/64173222,로션처럼 부드럽게 펴 발리고 흡수 도 빨라서 백탁이 거의 없고 끈적임도 적은 편이라 데일리로 사용하기 좋았 습니다.
1003,review,oliveyoung,oy:A000000257580,밀림,만족,0.2,2026-08-12,2026-08,A000000257580/64173222,"SPF50+ PA++++라 자외선 차단 지수도 높아 출퇴근이나 야외 활동할 때 안심하고 사용할 수 있었고, 메이크업 전에 발라도 밀림이 거의 없었습 니다."
1004,review,oliveyoung,oy:A000000257580,답답무거움,만족,0.2,2026-08-12,2026-08,A000000257580/64173222,"촉촉한 마무리감이라 건조함도 덜 느껴졌고, 피부가 답답하지 않아 만족스러웠습니다."
1005,review,oliveyoung,oy:A000000257580,백탁,만족,0.2,2026-08-12,2026-08,A000000257580/64172784,백탁 하나도 없어서 그냥 막 발라도 좋아요!
1006,review,oliveyoung,oy:A000000257580,눈시림,만족,0.2,2026-08-12,2026-08,A000000257580/64172784,눈시림도 없습니당!
1007,review,oliveyoung,oy:A000000257580,끈적유분,불만,0.2,2026-08-12,2026-08,A000000257580/64154934,✅ 과하지 않은 유분감: 번들거림이 심해서 번들번들해지는 타사 선크림들과 달리 유분이 폭발하지 않고 깔끔하고 촉촉하게 마무리됩니다.
1008,review,oliveyoung,oy:A000000257580,답답무거움,만족,0.2,2026-08-12,2026-08,A000000257580/64153793,발림성이 부드럽고 답답한 느낌이 없어서 데일리로 부담 없이 바르기 좋은 선크림입니다
1009,review,oliveyoung,oy:A000000257580,자극따가움,만족,0.2,2026-08-12,2026-08,A000000257580/64153793,사용하는 동안 자극이나 트러블도 없어서 피부 컨디션 상관없이 손이 자주 갔어요
1010,review,oliveyoung,oy:A000000257580,백탁,만족,0.2,2026-08-12,2026-08,A000000257580/64153793,백탁도 거의 없고 가볍게 발려서 목까지 팍팍 바르기에도 좋았습니다
1012,review,oliveyoung,oy:A000000257580,끈적유분,불만,0.2,2026-08-12,2026-08,A000000257580/64153793,유분이 살짝 올라오는 편이라 수부지 기준으로는 한여름에 조금 아쉬울 수 있을 것 같아요 ☀️
1014,review,oliveyoung,oy:A000000184352,트러블,만족,0.0,2026-08-12,2026-08,A000000184352/64139055,피부가 선크림만 바르면 뒤집히는데 이건 그래도 괜찮았어요
1015,review,oliveyoung,oy:A000000184352,끈적유분,만족,0.0,2026-08-11,2026-08,A000000184352/64117465,그리고 지속력좋고 끈적임없어요
1016,review,oliveyoung,oy:A000000184352,건조,만족,0.0,2026-08-11,2026-08,A000000184352/64112261,화장전에는 크림대신 얘만 바를때도 있는데 그렇개 해도 안건조하고 안뜹니다.
1017,review,oliveyoung,oy:A000000184352,끈적유분,불만,0.0,2026-08-11,2026-08,A000000184352/64112261,처음에는 좀 끈적하다고 느꼈는데 쓰다보니까 적응돼서 지금은 너무 좋아용
1018,review,oliveyoung,oy:A000000184352,끈적유분,만족,0.0,2026-08-11,2026-08,A000000184352/64097877,기름지지 않고 촉촉해서 사ㅛ는데 트러블 안낫으면 좋겟어요
1019,review,oliveyoung,oy:A000000184352,답답무거움,만족,0.0,2026-08-11,2026-08,A000000184352/64094955,다른 선크임들 바르면 피부가 뭔가 답답하고 눈시림도 잇엇는데 이거는 좋아ㅛ
1020,review,oliveyoung,oy:A000000184352,눈시림,불만,0.0,2026-08-10,2026-08,A000000184352/64078003,"다만, 눈시림은 좀 있었습니다..ㅜㅠ(개인차가 있을 수 있어요!!)"
1022,review,oliveyoung,oy:A000000184352,건조,불만,0.0,2026-08-10,2026-08,A000000184352/64056620,이거 쓰면 건조함이랑 화잘먹 둘다
1026,review,oliveyoung,oy:A000000184352,백탁,만족,0.0,2026-08-09,2026-08,A000000184352/64031857,백탁같은 것도 없고 트러블 나는 것도 없는데 자외선 차단도 잘 되눈 것 같아요
1027,review,oliveyoung,oy:A000000184352,끈적유분,만족,0.0,2026-08-09,2026-08,A000000184352/64028107,끈적임도 없고 촉촉하게 잘 발려용
1028,review,oliveyoung,oy:A000000184352,백탁,만족,0.0,2026-08-09,2026-08,A000000184352/64010629,"촉촉하고 자극, 백탁도 없고 제품 나오는 입구가 얼굴에 바로 짜기 편해요🥰 화장 잘 먹게 해주는 선크림이에요,, 가격도 제품 퀄리티치고 진짜 저렴하고 모든 피부 타입 추천드려용"
1029,review,oliveyoung,oy:A000000184352,끈적유분,만족,0.0,2026-08-09,2026-08,A000000184352/63991627,로션 처럼 엄청 가볍게 발리고 그렇게 끈적하지도 않아서 너무 좋은 것 같아용
1030,review,oliveyoung,oy:A000000184352,끈적유분,불만,0.0,2026-08-08,2026-08,A000000184352/63975678,근데 저만그런지는 모르겠는데 기름지던데 아닌가 바르면 기름이 보여요
1034,review,oliveyoung,oy:A000000184352,백탁,만족,0.0,2026-08-07,2026-08,A000000184352/63914620,끈적이지않아서 너무좋고 백탁현상도 없어서 좋았어요
1035,review,oliveyoung,oy:A000000184352,트러블,만족,0.0,2026-08-07,2026-08,A000000184352/63902191,넘버즈인게 순하고 트러블도 없어서 좋아요
1037,review,oliveyoung,oy:A000000184352,답답무거움,불만,0.8,2023-06-14,2023-06,A000000184352/20223779,시간지나면 답답하고 건드리면 때처럼 밀려나와요
1042,review,oliveyoung,oy:A000000184352,기타불만,불만,0.8,2023-05-29,2023-05,A000000184352/19769439,선크림은 괜찮은데 이벤트 없었으면 안샀을꺼에요 ㅎ;;; 짜증나요
1043,review,oliveyoung,oy:A000000184352,자극따가움,불만,0.8,2023-05-16,2023-05,A000000184352/19530309,민감한 제 피부에는 자극이 너무 심해서 쓸수가 없어요
1044,review,oliveyoung,oy:A000000184352,자극따가움,불만,0.8,2023-05-16,2023-05,A000000184352/19530309,화끈화끈...심하게 빨개집니다..ㅜㅜ
1047,review,oliveyoung,oy:A000000184352,자극따가움,불만,0.8,2023-05-16,2023-05,A000000184352/19530309,하지만 씻기전까지 빨갰고..세안후 빨개요..
1049,review,oliveyoung,oy:A000000184352,끈적유분,불만,0.8,2023-05-16,2023-05,A000000184352/19530309,제형은 에센스제형에 바르기 쉽지만 마무리감은 좀 끈적거리는 너낌.
1051,review,oliveyoung,oy:A000000184352,자극따가움,불만,0.6,2026-08-02,2026-08,A000000184352/63672911,좋은데 이거만 바르면 피부가 너무 따갑고 열감 생겨서 못 쓰겠어요
1053,review,oliveyoung,oy:A000000184352,밀림,불만,0.6,2026-07-30,2026-07,A000000184352/63504658,너무 밀리고 이 위에 화장하면 엄청 떠요
1055,review,oliveyoung,oy:A000000184352,밀림,불만,0.6,2026-07-30,2026-07,A000000184352/63504658,근데 제가 땀이 많아서 때처럼 밀리더라구요ㅠㅠ
1056,review,oliveyoung,oy:A000000184352,자극따가움,불만,0.6,2026-07-25,2026-07,A000000184352/63297217,은근 따갑고 바르고 외출하면 때처럼 밀림 에바예요… 한통 더 남았는데
1057,review,oliveyoung,oy:A000000184352,트러블,불만,0.6,2026-07-06,2026-07,A000000184352/62472142,같은 라인 수딩 크림 사용 중이라 순할 것 같아서 구매했는데 뭐가 나네요
1059,review,oliveyoung,oy:A000000184352,백탁,만족,0.6,2026-06-22,2026-06,A000000184352/61803616,백탁 커버 이런거 없고 정말 기초제품처럼 촉촉하게 발려요.
1060,review,oliveyoung,oy:A000000184352,발림텍스처,만족,0.6,2026-06-22,2026-06,A000000184352/61803616,발림성도 좋고 위에 메이크업 얹어도 크게 문제는 없었어요.
1061,review,oliveyoung,oy:A000000184352,밀림,불만,0.6,2026-06-22,2026-06,A000000184352/61803616,문제는 좀만 많이 발려도 때처럼 밀려요ㅠ
1062,review,oliveyoung,oy:A000000184352,밀림,불만,0.6,2026-06-22,2026-06,A000000184352/61803616,토너패드 -> 토리든 앰플 -> 선크림 이렇게 바르는데도 밀려요.
1063,review,oliveyoung,oy:A000000184352,밀림,불만,0.6,2026-06-22,2026-06,A000000184352/61803616,500원 크기만큼 발라야 한다해서 발랐는데 너무 밀려요…ㅠㅠ
1064,review,oliveyoung,oy:A000000184352,밀림,만족,0.6,2026-06-22,2026-06,A000000184352/61803616,그냥 시간차 두고 조금씩 2겹 바르니까 덜 밀리긴해요.
1066,review,oliveyoung,oy:A000000184352,자극따가움,불만,0.6,2026-06-22,2026-06,A000000184352/61803616,바를때도 화한 느낌이 있고 저녁에 다
1067,review,oliveyoung,oy:A000000184352,자극따가움,불만,0.6,2026-06-22,2026-06,A000000184352/61803616,씻고 스킨케어 할때도 요즘 너무 따가워요.
1071,review,oliveyoung,oy:A000000184352,자극따가움,불만,0.6,2026-06-22,2026-06,A000000184352/61803616,처음엔 ㄱㅊ은데 2-3일차부터 좀 따갑네요.
1072,review,oliveyoung,oy:A000000184352,눈시림,만족,0.6,2026-06-22,2026-06,A000000184352/61803616,눈시림 거의 없지만 느껴지긴했어요.
1074,review,oliveyoung,oy:A000000184352,트러블,불만,0.6,2026-06-21,2026-06,A000000184352/61782344,요거 쓰고 여드름 완전 심해졌어요 ㅠㅠㅠ
1075,review,oliveyoung,oy:A000000184352,트러블,불만,0.6,2026-06-21,2026-06,A000000184352/61782344,부드럽게 벌리고 화장은 잘 먹는데 여드름 피부한테는 비추핮니다ㅜㅠㅠ
1077,review,oliveyoung,oy:A000000184352,자극따가움,불만,0.6,2026-06-10,2026-06,A000000184352/61327484,"보니 화장하긴 귀찮고 타는건 싫어서 선크림 구매하게 됐는데, 눈쪽 따가움 양쪽 볼 따가움이 있어서 저만 그런가 했는데 몇몇 분들도 느끼시더라구요..🥲🥲 따가움만 있르면 잘 쓰려했는데 이마에 좁쌀도 올라오고 양쪽 볼에는 피부염과 여드름이 났네요ㅠㅠ"
1080,review,oliveyoung,oy:A000000184352,트러블,불만,0.6,2026-04-03,2026-04,A000000184352/57869037,뭔가 이 선크림만 쓰면 붉은기가 올라오는 느낌이에요ㅜㅜㅜ
1082,review,oliveyoung,oy:A000000184352,백탁,만족,0.6,2026-03-31,2026-03,A000000184352/57744064,"백탁, 눈시림 등등 일절 없고 편하게 바를 수 있음."
1083,review,oliveyoung,oy:A000000184352,답답무거움,불만,0.6,2026-03-31,2026-03,A000000184352/57744064,근데 권장량만큼 두껍게 바르면 살짝?
1085,review,oliveyoung,oy:A000000184352,밀림,불만,0.6,2026-03-31,2026-03,A000000184352/57744064,덧발랐는데 세번째부터 때처럼 밀림....
1086,review,oliveyoung,oy:A000000184352,밀림,불만,0.6,2026-03-31,2026-03,A000000184352/57744064,이렇게 밀리는 거 처음 봄...
1088,review,oliveyoung,oy:A000000184352,끈적유분,만족,0.6,2026-03-08,2026-03,A000000184352/56798195,"발림성은 안 끈적거리고 참 좋은데, 눈이 너무 아파요."
1090,review,oliveyoung,oy:A000000184352,백탁,만족,0.6,2026-03-08,2026-03,A000000184352/56798195,백탁 없습니다.
1091,review,oliveyoung,oy:A000000184352,건조,불만,0.6,2025-12-11,2025-12,A000000184352/52967535,진짜 건조하고 별로입니다...건성에 가까운 수부지인데 바를때부터 묘하게 뻑뻑함..
1093,review,oliveyoung,oy:A000000184352,건조,만족,0.6,2025-12-11,2025-12,A000000184352/52967535,기초를 대충하지도 않고 겨울이라 장벽크림도 엄청 많이 발랐는데도 그럼....여름에 쓰면 모르겠으나 건조한 계절에는 안맞는거 같아요
1094,review,oliveyoung,oy:A000000184352,건조,만족,0.6,2024-01-20,2024-01,A000000184352/25315432,시간 지나니깐 너무 건조하고 저랑 진짜 안맞는지 피부도 좀 부었습니다
1095,review,oliveyoung,oy:A000000184352,눈시림,만족,0.6,2024-01-20,2024-01,A000000184352/25315432,그리고 안자극도 좀 있는것 같습니다 3번 발라봤는데 2번은 눈이 시렸고 1번은 안시렸어요
1099,review,oliveyoung,oy:A000000184352,백탁,만족,0.6,2023-12-22,2023-12,A000000184352/24686683,장점은 백탁 없음과 발림성이에요
1103,review,oliveyoung,oy:A000000184352,트러블,불만,0.6,2025-10-16,2025-10,A000000184352/49591139,"바른 당일은 괜찮았지만, 며칠 지나자마자 턱과 볼에 좁쌀이 올라오기 시작했고, 이마와 광대에는 염증성 트러블까지 생겼어요."
1104,review,oliveyoung,oy:A000000184352,트러블,만족,0.6,2025-10-16,2025-10,A000000184352/49591139,"평소 피부 트러블이 거의 없는 편인데 이 제품 쓴 이후 피부가 급격히 나빠졌고, 결국 피부과 치료까지 받았습니다."
1105,review,oliveyoung,oy:A000000184352,자극따가움,불만,0.6,2025-10-16,2025-10,A000000184352/49591139,"특히 자극 없이 진정된다는 홍보와는 전혀 다른 반응이었고, 사용 후 따가움과 화끈거림도 느껴졌어요."
1106,review,oliveyoung,oy:A000000184352,자극따가움,불만,0.6,2025-10-16,2025-10,A000000184352/49591139,성분을 다시 살펴보니 민감성 피부엔 자극이 될 만한 성분도 포함돼 있어서 더는 못 쓰겠더라고요.
1107,review,oliveyoung,oy:A000000184352,끈적유분,불만,0.6,2025-10-16,2025-10,A000000184352/49591139,"기대했던 촉촉함은 잠깐뿐이고, 유분감도 금방 올라와 메이크업도 밀렸습니다."
1108,review,oliveyoung,oy:A000000184352,끈적유분,불만,0.6,2025-10-16,2025-10,A000000184352/49591139,이중 세안해도 잔여감이 남아있는 느낌이라 피부에 더 자극적이었던 것 같아요.
1111,review,oliveyoung,oy:A000000184352,트러블,만족,0.6,2025-10-16,2025-10,A000000184352/49591139,민감하거나 트러블에 민감한 피부라면 절대 추천하고 싶지 않습니다.
1112,review,oliveyoung,oy:A000000184352,기타불만,불만,0.6,2025-10-16,2025-10,A000000184352/49591139,남은 제품은 사용도 못 하고 그대로 버렸어요.
1113,review,oliveyoung,oy:A000000184352,기타불만,불만,0.6,2025-10-16,2025-10,A000000184352/49591139,"정말 실망스러웠고, 다시는 구매하지 않을 예정입니다."
1115,review,oliveyoung,oy:A000000184352,기타불만,불만,0.6,2025-10-16,2025-10,A000000184352/49591139,"너무 별로 였고 자극적, 따갑고 시원한 느낌은 전혀 없고 그냥 다른 선크림 사는 걸 추천합니다 ..."
1119,review,oliveyoung,oy:A000000184352,자극따가움,불만,0.6,2025-08-22,2025-08,A000000184352/46702337,엄청 자극 심하고 별로에요..
1120,review,oliveyoung,oy:A000000184352,기타불만,만족,0.6,2025-08-22,2025-08,A000000184352/46702337,어쩔수 없이 당근행..
1121,review,oliveyoung,oy:A000000184352,발림텍스처,불만,0.6,2025-08-12,2025-08,A000000184352/46328908,너무 물같이 흐르는 제형이라 바르기 힘들었음.
1123,review,oliveyoung,oy:A000000184352,눈시림,만족,0.6,2025-06-28,2025-06,A000000184352/44521885,눈이 너무 시림 다른 선크림 쓸땐 안그랬는데;;;; 나 덤덤충인데 다
1124,review,oliveyoung,oy:A000000184352,자극따가움,불만,0.6,2025-06-28,2025-06,A000000184352/44521885,느껴져 그리고 바를때 좀 따가운거 같기도 함 암튼 원플원인데 하나 언제 다쓰냐 이걸
1127,review,oliveyoung,oy:A000000184352,건조,불만,0.6,2025-05-17,2025-05,A000000184352/40148341,제가 복합성이라 그런지 볼 부분에는 이걸 바르면 너무 건조해요..
1129,review,oliveyoung,oy:A000000184352,발림텍스처,만족,0.6,2025-05-17,2025-05,A000000184352/40148341,그리고 어느정도 흡수하는 데도 시간이 걸려서 바로 산뜻해지진 않아요
1131,review,oliveyoung,oy:A000000184352,자극따가움,불만,0.6,2025-04-04,2025-04,A000000184352/38771786,선크림은 괜찮은데 예민하면 따갑고 뭐 나더라고요
1135,review,oliveyoung,oy:A000000184352,자극따가움,불만,0.6,2025-04-04,2025-04,A000000184352/38771786,그거 쓰는데 피부 여드름 올라왔을 때 써도 안 따가운데 이건 따가움!
1137,review,oliveyoung,oy:A000000184352,건조,불만,0.6,2025-03-19,2025-03,A000000184352/38294040,피부과 시술후 선크림 충분히 발라야해서 샀는데 오히려 바르고 나면 따갑고 빨갛게 올라오고 피부건조함을 많이 느꼈어요ㅜㅜ
1140,review,oliveyoung,oy:A000000184352,톤업색상,만족,0.6,2025-02-04,2025-02,A000000184352/36766842,저는 톤업 안되는 선크림 찾다가 우연히 발견한 선크림인데 지성인 제가 쓰기엔 너어무 맞지 않아요 ㅜㅜ
1144,review,oliveyoung,oy:A000000184352,발림텍스처,만족,0.6,2025-02-04,2025-02,A000000184352/36766842,발림성은 아주 좋습니다
1145,review,oliveyoung,oy:A000000184352,톤업색상,만족,0.6,2025-02-04,2025-02,A000000184352/36766842,톤업 1도 안되는 선크림 건성분들 찾고 계신다면 추천드립니당
1146,review,oliveyoung,oy:A000000184352,자극따가움,불만,0.6,2024-11-30,2024-11,A000000184352/34505248,저는 너무 화끈거려서 잘 못쓰고 있어요.
1147,review,oliveyoung,oy:A000000184352,건조,불만,0.6,2024-11-30,2024-11,A000000184352/34505248,바를땐 촉촉한데 시간 지나면 건조해지는 건 있어요.
1148,review,oliveyoung,oy:A000000184352,톤업색상,만족,0.6,2024-11-05,2024-11,A000000184352/33770758,톤업 선크림은 얼굴 착색 된다길래 급하게 톤업 없는 선크림을 샀는데 극극지성인 저에겐 안맞네요 ㅜㅜ
1150,review,oliveyoung,oy:A000000184352,발림텍스처,만족,0.6,2024-11-05,2024-11,A000000184352/33770758,같은 제형이여서 저에겐 안맞았어요ㅜㅜㅜ건성 분들 추천
1151,review,oliveyoung,oy:A000000184352,자극따가움,만족,0.6,2024-08-31,2024-08,A000000184352/31681733,이거 처음 쓸 때 진짜 피부가 타는 듯이 너무 따가웠아요ㅠㅠ그래서 지금 안쓰고 처빅템입니더..ㅠㅠ
1152,review,oliveyoung,oy:A000000184352,자극따가움,불만,0.6,2024-08-22,2024-08,A000000184352/31353109,첨엔 라운드랩이랑 향빼고 엄청비슷해서 ㄱㅊ다고 생각랬는데 점점 너무 따가움;;;; 그래서 얼굴에는 안 쓰고 팔이랑 목 이런 데만 바르는중
1153,review,oliveyoung,oy:A000000184352,눈시림,만족,0.6,2024-08-13,2024-08,A000000184352/31045198,백탁도없고 수분감에 발림성도 좋고 눈시림도 다
1155,review,oliveyoung,oy:A000000184352,밀림,불만,0.6,2024-08-13,2024-08,A000000184352/31045198,딱 하나 아쉬운건 밀림현상이 있어요.
1156,review,oliveyoung,oy:A000000184352,자극따가움,불만,0.6,2024-08-13,2024-08,A000000184352/31045198,시간지나 덧바르면 때같이 밀려요.
1159,review,oliveyoung,oy:A000000184352,답답무거움,불만,0.6,2024-07-11,2024-07,A000000184352/29922761,좋은데 시간지나니까 막이 생긴것같이 때처럼 밀려요.ㅠㅠ
1163,review,oliveyoung,oy:A000000184352,건조,불만,0.6,2024-07-11,2024-07,A000000184352/29922761,도자기결선크림은 좋아서(조금건조함) 자주쓰는데.
1165,review,oliveyoung,oy:A000000184352,밀림,만족,0.6,2024-07-11,2024-07,A000000184352/29922761,밀리지만 않았으면..
1166,review,oliveyoung,oy:A000000184352,눈시림,불만,0.6,2024-06-03,2024-06,A000000184352/28757638,눈이 너무 시립니다
1168,review,oliveyoung,oy:A000000184352,눈시림,불만,0.6,2024-06-03,2024-06,A000000184352/28757638,피부는 민감성인데 아무렇지 않은데 문제는 눈이 시려요ㅠㅠㅠㅠㅠ
1170,review,oliveyoung,oy:A000000184352,발림텍스처,만족,0.6,2024-03-17,2024-03,A000000184352/26765785,발림성은 좋은데 눈쪽이 불편하고 눈꺼풀이 부어요.
1172,review,oliveyoung,oy:A000000184352,자극따가움,만족,0.6,2024-03-09,2024-03,A000000184352/26563026,촉촉하고 자극적이지 않다는 리뷰가 대부분이어서 사봤는데 저한텐 자극적이었어요ㅠㅠ
1173,review,oliveyoung,oy:A000000184352,눈시림,불만,0.6,2024-03-09,2024-03,A000000184352/26563026,처음 딱 발랐을땐 눈이 좀 시린가..?했는데 이어서 피부가 따끔따끔ㅠㅠㅠ
1174,review,oliveyoung,oy:A000000184352,자극따가움,불만,0.6,2024-03-09,2024-03,A000000184352/26563026,기분탓인줄 알고 다음날도 발라봤는데 피부가 화끈거려서 힘들었어요ㅠ
1176,review,oliveyoung,oy:A000000184352,밀림,불만,0.6,2024-01-22,2024-01,A000000184352/25361612,"수분감, 제형은 마음에 드나 밀리네요"
1177,review,oliveyoung,oy:A000000184352,밀림,불만,0.6,2024-01-22,2024-01,A000000184352/25361612,때 밀리는 것 처럼..
1178,review,oliveyoung,oy:A000000184352,밀림,불만,0.6,2024-01-22,2024-01,A000000184352/25361612,이 제품 바르고 위에 메이크업 할때도 뜨고 제품 바르고 메이크업 없이 이 제품으로 덧 바를때도 때 밀리듯이 밀려요
1185,review,oliveyoung,oy:A000000184352,자극따가움,불만,0.6,2023-12-18,2023-12,A000000184352/24615633,사고 꾸준히 써봐도 이것만 바르면 얼굴이 따끔 거려요.
1186,review,oliveyoung,oy:A000000184352,자극따가움,불만,0.6,2023-12-18,2023-12,A000000184352/24615633,시간이 지나면 사라지긴 했는데 바르고 몇 분간 계속 따끔거려요.
1191,review,oliveyoung,oy:A000000184352,건조,불만,0.6,2023-11-13,2023-11,A000000184352/23733819,이렇게 건조한 썬크림 첨봐요..
1192,review,oliveyoung,oy:A000000184352,자극따가움,만족,0.6,2023-11-13,2023-11,A000000184352/23733819,"바를때만 촉촉하고 시간지나면 얼굴에 수분이 없어지는 느낌,, 지성이신분들이 사용하시면 좋을듯"
1193,review,oliveyoung,oy:A000000184352,밀림,불만,0.6,2023-10-22,2023-10,A000000184352/23107014,"솔직히 처음에는 로션같이 발린다고 해서 샀는데, 로션이긴 한데 한 겹 막을 씌우는 느낌이라 많이 바르면 진짜 때처럼 우수수 밀립니다."
1195,review,oliveyoung,oy:A000000184352,건조,불만,0.6,2023-10-22,2023-10,A000000184352/23107014,그리고 진짜 제일 심한게 눈시림이랑 얼굴 건조입니다.
1196,review,oliveyoung,oy:A000000184352,눈시림,불만,0.6,2023-10-22,2023-10,A000000184352/23107014,눈시림이 미쳤어요.
1197,review,oliveyoung,oy:A000000184352,눈시림,불만,0.6,2023-10-22,2023-10,A000000184352/23107014,지금까지 예민한 편도 아니었고 다른 선크림에서는 눈시림은 한번도 못느껴봤는데 이거 진짜 미칩니다.
1198,review,oliveyoung,oy:A000000184352,건조,불만,0.6,2023-10-22,2023-10,A000000184352/23107014,그리고 얼굴 수분을 이 선크림이 쫙 가져가버려서 건조해져요.
1200,review,oliveyoung,oy:A000000184352,발림텍스처,만족,0.6,2023-10-07,2023-10,A000000184352/22793258,로션처럼 잘발리고 촉촉하다
1202,review,oliveyoung,oy:A000000184352,자극따가움,불만,0.6,2023-10-07,2023-10,A000000184352/22793258,피부에 너무 자극적이더 따가눌정도
1204,review,oliveyoung,oy:A000000184352,밀림,불만,0.6,2023-09-09,2023-09,A000000184352/22202949,쿠션 파데 여러제품과 써봤는데 때처럼 밀려요
1206,review,oliveyoung,oy:A000000184352,기타불만,불만,0.6,2023-09-09,2023-09,A000000184352/22202949,진정도 그닥 모르겠어요
1207,review,oliveyoung,oy:A000000184352,트러블,불만,0.6,2023-09-09,2023-09,A000000184352/22202949,트러블은 여전히 올라왔던거 같네요..
1208,review,oliveyoung,oy:A000000184352,기타불만,불만,0.6,2023-09-09,2023-09,A000000184352/22202949,넘버즈인 제품들은 유툽보고 구매 하게되는데 늘 기대 이하입니다..광고가 너무 심한거같아요..
1209,review,oliveyoung,oy:A000000184352,트러블,만족,0.6,2023-09-05,2023-09,A000000184352/22095627,발림성이랑 촉촉한 마무리감은 좋은데 이것만 발랐다하면 트러블이나서 안타깝네요
1210,review,oliveyoung,oy:A000000184352,트러블,불만,0.6,2023-09-01,2023-09,A000000184352/21951234,선크림만 바르면 이마에 여드름이 생겨서 잘 못바르는데 성분이 좋은편같아서 구매 촉촉할것같아서 구매했는데 생각보다
1211,review,oliveyoung,oy:A000000184352,백탁,만족,0.6,2023-09-01,2023-09,A000000184352/21951234,시간이지나면 안촉촉한편 건성보다는 지성이 더 잘맞을듯 발림성은 부드럽고 백탁 톤보정효과는 없음
1212,review,oliveyoung,oy:A000000184352,답답무거움,만족,0.6,2023-09-01,2023-09,A000000184352/21927354,"촉촉한 선크림을 원해서 사봣는데, 발림상 촉촉함 무겁지않은건 좋았지만.."
1213,review,oliveyoung,oy:A000000184352,트러블,만족,0.6,2023-09-01,2023-09,A000000184352/21927354,바르고 피부가 뒤집어지길래 쓰진않고 있어요..
1215,review,oliveyoung,oy:A000000184352,백탁,불만,0.6,2023-08-26,2023-08,A000000184352/21743988,백탁없는 선크림은 눈이 시리고 백탁있는건 화장하기 어려워서 선크림을 몇 통 사는지 모르겠어요 ㅜ
1217,review,oliveyoung,oy:A000000184352,눈시림,만족,0.6,2023-08-26,2023-08,A000000184352/21743988,눈시림은 없다고 봐도 될 것 같고 발림성도 좋아요
1218,review,oliveyoung,oy:A000000184352,백탁,만족,0.6,2023-08-26,2023-08,A000000184352/21743988,백탁도 전혀 없구요
1219,review,oliveyoung,oy:A000000184352,끈적유분,불만,0.6,2023-08-26,2023-08,A000000184352/21743988,근데 아주 번들거립니다 ㅜㅜ
1220,review,oliveyoung,oy:A000000184352,자극따가움,불만,0.6,2023-08-26,2023-08,A000000184352/21743988,제가 지성이라 그럴 수도 있는데 기름좔좔 느낌..그리고 얼굴이 너무 따가웠습니다
1223,review,oliveyoung,oy:A000000184352,향,만족,0.6,2023-07-12,2023-07,A000000184352/20823535,저는 건성 + 예민 피부고 최근 올영에서 썬쿠션 실패해서 다시 썬크림으로 산건데 향도 크게 안나고 발림성은 굉장히 좋아요
1224,review,oliveyoung,oy:A000000184352,트러블,불만,0.6,2023-07-12,2023-07,A000000184352/20823535,그런데 제 피부에는 안맞는지 3일 계속 발라봤는데 바르는 족족 뾰루지가 생기더라고요 ..
1227,review,oliveyoung,oy:A000000184352,끈적유분,불만,0.6,2023-06-05,2023-06,A000000184352/19993957,발림성은 좋은데 다만 그 막이 미끌거리다
1229,review,oliveyoung,oy:A000000184352,눈시림,불만,0.6,2023-06-05,2023-06,A000000184352/19993957,"그리고 이게 젤 중요한데, 눈시림은 제가 지금까지 써왓던 제품 중에 제일 심했어요..."
1233,review,oliveyoung,oy:A000000184352,발림텍스처,만족,0.4,2026-08-10,2026-08,A000000184352/64043772,화잘먹아니예요..그래도 확실히 선크림이라고 생각하지못할 만큼 발림성이 좋아요
1235,review,oliveyoung,oy:A000000184352,끈적유분,불만,0.4,2026-08-09,2026-08,A000000184352/64035433,완전 촉촉함 근데 물막 피부표현이라는데 좀 코부분에 기름기 느껴지면서 올라옴 일단 쿨링은 없음 걍 진정은 모르겠음 촉촉하기만 함
1236,review,oliveyoung,oy:A000000184352,끈적유분,불만,0.4,2026-08-09,2026-08,A000000184352/64028641,수부지인데 화장 전에 써도 안밀렸음 단독으로 발랐을땐 유분인지 광인지 반반?
1238,review,oliveyoung,oy:A000000248065,밀림,만족,0.0,2026-08-08,2026-08,A000000248065/63985254,건성이고 많이 묽지 않은데도 밀림없이 잘 발리고 사용감도 가벼운 편이라 쿠션 대신 잘 쓰고 있어요.
1241,review,oliveyoung,oy:A000000248065,답답무거움,만족,0.0,2026-08-08,2026-08,A000000248065/63945411,피부가 덜 답답하고 편해요.
1243,review,oliveyoung,oy:A000000248065,밀림,불만,0.0,2026-08-07,2026-08,A000000248065/63924822,촉촉하게 잘 커버되긴하는데 밀림이 좀 있어서 아쉬움 ㅠㅠ
1244,review,oliveyoung,oy:A000000248065,끈적유분,만족,0.0,2026-08-07,2026-08,A000000248065/63916847,끈적이지않고 자연스럽게 톤업되고 좋아요
1246,review,oliveyoung,oy:A000000248065,끈적유분,만족,0.0,2026-08-06,2026-08,A000000248065/63873243,발림성은 비비 느낌 그정도인거같고 바르고 크게 유분기가 느껴지진않았지만 파우더 기름종이 하면 첨엔 투명한거보니 매트 느낌까지는 아니에요
1247,review,oliveyoung,oy:A000000248065,건조,만족,0.0,2026-08-06,2026-08,A000000248065/63870151,"코와 턱이 건조하고 나머지는 지성에 가까운 피부 타입인데, 극건성은 조금 건조할 수 있지만 수분선크림 살짝 섞으면 괜찮을 것 같아요!"
1248,review,oliveyoung,oy:A000000248065,끈적유분,불만,0.0,2026-08-06,2026-08,A000000248065/63870151,저는 번들거리는 부분만 파우더로 한 번 덮어주니 말끔햇습니다!
1249,review,oliveyoung,oy:A000000248065,용량가격,만족,0.0,2026-08-06,2026-08,A000000248065/63861375,가격도 괜찮고 구성도 넉넉하네요^^
1250,review,oliveyoung,oy:A000000248065,색상어두움,불만,0.0,2026-08-06,2026-08,A000000248065/63848598,색이 어두운게 조금 아쉬운데 대신 제형이 너무 마음에 들어요
1251,review,oliveyoung,oy:A000000248065,백탁,만족,0.0,2026-08-05,2026-08,A000000248065/63836792,자연스럽게 톤업되어서 좋아용 백탁같이 하얘지지 않아요!
1253,review,oliveyoung,oy:A000000248065,건조,불만,0.0,2026-08-05,2026-08,A000000248065/63812799,건조해요.
1254,review,oliveyoung,oy:A000000248065,건조,불만,0.0,2026-08-05,2026-08,A000000248065/63812799,건조하긴해도 오히려 자외선차단 여름만큼 필요없는 가을겨울에 쓰기 더 좋을수도
1255,review,oliveyoung,oy:A000000248065,트러블,불만,0.0,2026-08-05,2026-08,A000000248065/63810824,트러블 현재 진행중이고 자국도 남아있어서 커버 가능하면서 데일리로 쓰기 무리 없고 선기능도 같이 있는 게 필요했는데 굿 다만 찍힘이나 묻어남이 좀 있는 것 같아요
1257,review,oliveyoung,oy:A000000248065,발림텍스처,만족,0.6,2026-03-21,2026-03,A000000248065/57344554,"비비는 손으로 바르기 좋아야 한다고 생각하는데 손으로 바르면 다른 거에 비해서 밀착력이 떨어지는 느낌이에요,, 결국 마무리에 퍼프로 다"
1259,review,oliveyoung,oy:A000000248065,기타불만,불만,0.6,2026-03-21,2026-03,A000000248065/57344554,기대하고 구매했는데 조금 실망이었어요
1260,review,oliveyoung,oy:A000000248065,트러블,불만,0.6,2026-03-09,2026-03,A000000248065/56819561,이거 쓰고 뒤집어짐 초민감 진정을 내세우길래 써봤지만..
1261,review,oliveyoung,oy:A000000248065,발림텍스처,만족,0.6,2026-03-08,2026-03,A000000248065/56798827,"규진님 좋아하고 구달 기본 선크림 3,4년 정도 쓰고 있어서 구매하게 되었는데 발림성 커버력 색 다"
1262,review,oliveyoung,oy:A000000248065,자극따가움,불만,0.6,2026-03-08,2026-03,A000000248065/56798827,좋았는데 이것만 쓰면 얼굴이 간지럽고 뾰루지가 생겨요 ㅠㅠ
1269,review,oliveyoung,oy:A000000248065,색상어두움,불만,0.6,2026-02-28,2026-02,A000000248065/56278307,17-19호 정도인데 너무 어두워요.....
1272,review,oliveyoung,oy:A000000248065,톤업색상,만족,0.6,2026-02-28,2026-02,A000000248065/56278307,발림성이랑 전반적인 제품력은 맘에 드는데 컬러땜에 손이 안 가요;; 밝은 호수 내주시면 좋겠어요....ㅠ
1278,review,oliveyoung,oy:A000000248065,백탁,불만,0.6,2026-02-25,2026-02,A000000248065/56110193,어쩔 수 없이 샀는데 아니나 다를까 잿빛 돌고 딱 그냥 보통의 비비임 다크닝 없음 애초에 잿빛 돌아서 발랐을 때 다크닝 있는 것처럼 보임 평소 21호보다
1279,review,oliveyoung,oy:A000000248065,색상어두움,불만,0.6,2026-02-25,2026-02,A000000248065/56110193,밝은 톤 쓰는 사람은 안 사는 게 맞음 어두움 지성피부 점심쯤 되면 티존 무너짐 그리고 어디 얼굴 한번 닿으면 비비 묻어남 심함..
1281,review,oliveyoung,oy:A000000248065,색상어두움,불만,0.6,2026-02-25,2026-02,A000000248065/56096519,피부톤 어두운분들(22호이상)을 위한 비비같아요!
1282,review,oliveyoung,oy:A000000248065,색상어두움,불만,0.6,2026-02-25,2026-02,A000000248065/56096519,솔직히 너무 어두워요….
1284,review,oliveyoung,oy:A000000248065,색상어두움,불만,0.6,2026-02-25,2026-02,A000000248065/56096519,"더 어두워져버리는 매직💫😂 기대했는데 너무 아쉬워요,, 밝은 피부톤들을 위한 색도 내주세요🥲 21호 보다"
1286,review,oliveyoung,oy:A000000248065,발림텍스처,만족,0.6,2026-02-25,2026-02,A000000248065/56096519,발림성은 마음에 들어요!!
1288,review,oliveyoung,oy:A000000248065,색상어두움,불만,0.6,2026-02-25,2026-02,A000000248065/56081500,색깔이 너무 어두워서 사자마자 한 번 바르지도 못 하고 지인에게 선물해줬습니다.
1296,review,oliveyoung,oy:A000000248065,기타불만,불만,0.6,2026-02-25,2026-02,A000000248065/56072786,솔직히 기대를 많이해서 그런가 실망이 큰 제품입니다ㅜㅜ
1297,review,oliveyoung,oy:A000000248065,발림텍스처,만족,0.6,2026-02-25,2026-02,A000000248065/56072786,"일단 상품자체는 발림성도 좋고 손으로 펴바르고 퍼프로 마무리해주면 피부표현도 예쁘게 되는데, 문제는 색이.."
1298,review,oliveyoung,oy:A000000248065,색상어두움,불만,0.6,2026-02-25,2026-02,A000000248065/56072786,너무 어두워요.
1299,review,oliveyoung,oy:A000000248065,백탁,불만,0.6,2026-02-25,2026-02,A000000248065/56072786,절대 상세페이지 처럼 뉴트럴베이지 아니고 핑크베이스 다크닝 온것처럼 붉고어두운 색입니다.
1303,review,oliveyoung,oy:A000000248065,색상어두움,불만,0.6,2026-02-25,2026-02,A000000248065/56072786,손에 짰을때만 어두운가 싶어서 얼굴에 바르고 거울 봤는데 안색이 어둡고 어디 아파보였어요.
1305,review,oliveyoung,oy:A000000248065,톤업색상,만족,0.6,2026-02-25,2026-02,A000000248065/56072786,평소 23-21호 정도 피부톤이시면 추천드립니다.
1306,review,oliveyoung,oy:A000000248065,색상어두움,불만,0.6,2026-02-25,2026-02,A000000248065/56072786,아니면 낯빛 어두워져서 비추에요
1308,review,oliveyoung,oy:A000000248065,발림텍스처,만족,0.6,2026-02-24,2026-02,A000000248065/56066597,발림성이나 제형은 기존 구달 선크림처럼 만족스러워요.
1310,review,oliveyoung,oy:A000000248065,백탁,불만,0.6,2026-02-24,2026-02,A000000248065/56066597,주변에서 안색이 안 좋아 보인다는 소리를 들을 정도라 사용은 어려울 것 같아요.
1313,review,oliveyoung,oy:A000000248065,색상어두움,불만,0.6,2026-02-24,2026-02,A000000248065/56063070,피부톤이 어두운가부다… 발색 꽤 어둡게 되고요
1317,review,oliveyoung,oy:A000000248065,트러블,불만,0.6,2026-02-24,2026-02,A000000248065/56063070,내가 똥손인가 오늘 처음 발랐는데 바르자마자 여드름 났어요 ㅠㅠ
1320,review,oliveyoung,oy:A000000248065,용량가격,불만,0.6,2026-02-24,2026-02,A000000248065/56039629,"낮은 할인율, 퍼프 사은품 품절 이슈라던지 많이 아쉬운 것 같아요."
1322,review,oliveyoung,oy:A000000248065,트러블,만족,0.6,2026-02-24,2026-02,A000000248065/56039629,"배송은 구매한 다음 날 바로 왔고, 제품 자체는 트러블 없이 사용해서 순한 제품인 거 같아요."
1325,review,oliveyoung,oy:A000000248065,색상어두움,불만,0.6,2026-02-24,2026-02,A000000248065/56039629,"호수없는 컬러이지만 포슬린, 21호 사용하시는 분들에겐 엄청 어두운 컬러입니다."
1326,review,oliveyoung,oy:A000000248065,트러블,불만,0.6,2026-02-24,2026-02,A000000248065/56039629,시간이 지나고 난 뒤에 봐도 잿빛으로 올라오고 제품력 자체로 막 좋다?
1333,review,oliveyoung,oy:A000000248065,색상어두움,불만,0.6,2026-02-23,2026-02,A000000248065/55977766,너무 어두움 피부 자연스럽게 하는거 좋아하는 저도 손등발색 해보고 오히려 피부보다
1336,review,oliveyoung,oy:A000000248065,끈적유분,불만,0.6,2026-02-23,2026-02,A000000248065/55977766,"+ 저는 밝히고 싶은 부분에 가장 밝은 컨실러 써줌 ✔️모공커버, 홍조커버 보통~양호 ✔️민감성 + 건성기준 7시간 지속력도 양호한 편, 시간 지나면 좀 기름져요"
1338,review,oliveyoung,oy:A000000248065,발림텍스처,만족,0.6,2026-02-23,2026-02,A000000248065/55977766,"톤업 선크림 중에서는 발림성, 제형 눈에띄게 우수했음 ❗️선비비 장점이 마음에 들어서 구매했는데, 솔직히 단일 호수인데 21호에도 어두우면..."
1341,review,oliveyoung,oy:A000000248065,건조,불만,0.4,2026-08-18,2026-08,A000000248065/64407604,촉촉한 선크림이랑 섞어서 써야 할 듯 그냥 쓰면 시간 조금만 지나면 피부가 엄청 푸석해보여요ㅠ
1345,review,oliveyoung,oy:A000000248065,백탁,불만,0.4,2026-08-17,2026-08,A000000248065/64382190,"22-23호 가을뮤트톤 잿빛은 잘 모르겠고, 꽤나 하얘져서 놀랐어요."
1346,review,oliveyoung,oy:A000000248065,톤업색상,만족,0.4,2026-08-17,2026-08,A000000248065/64382190,자연스러운 톤업 돠어서 22호 이상이면 추천하는 색상입니다.
1347,review,oliveyoung,oy:A000000248065,발림텍스처,만족,0.4,2026-08-17,2026-08,A000000248065/64382190,발림성은 촉촉하고 부드럽게 발리는데 양 조금만 발라야 할 것 같아요.
1349,review,oliveyoung,oy:A000000248065,지속력워터,만족,0.4,2026-08-17,2026-08,A000000248065/64382190,"묻어남, 찍힘 심하다고 느꼈고 코쪽이랑 입가쪽에 끼임이랑 들뜸도 있어서 기초 촉촉하게 잘 쌓고 발라야 할 것 같아요."
1353,review,oliveyoung,oy:A000000248065,색상어두움,불만,0.4,2026-08-10,2026-08,A000000248065/64085074,생각보다도 컬러가 더 많이 어두워요.
1355,review,oliveyoung,oy:A000000248065,발림텍스처,만족,0.4,2026-08-10,2026-08,A000000248065/64085074,발림성이나 커버력은 썬비비 중에 꽤 괜찮은 것 같았어요.
1356,review,oliveyoung,oy:A000000248065,색상어두움,불만,0.4,2026-08-10,2026-08,A000000248065/64076041,발림서은괜찬은데 색상이 너무어두워서 요
1357,review,oliveyoung,oy:A000000248065,톤업색상,만족,0.4,2026-08-10,2026-08,A000000248065/64076041,색상 빼고는 좋아요
1358,review,oliveyoung,oy:A000000248065,답답무거움,불만,0.4,2026-08-07,2026-08,A000000248065/63904196,뻑뻑하고 무거운 느낌의 비비여서 손이 잘 안가요ㅠㅠ
1359,review,oliveyoung,oy:A000000248065,색상어두움,불만,0.4,2026-08-05,2026-08,A000000248065/63823905,컬러가 어두운 편이라서 피부 표현이 아쉽고 손이 안 가는 제품이에요
1360,review,oliveyoung,oy:A000000248065,백탁,불만,0.4,2026-08-05,2026-08,A000000248065/63797664,자극이 없고 잘 발려서 좋긴 한데 다크닝이 심하고 금방 다
1364,review,oliveyoung,oy:A000000248065,자극따가움,만족,0.4,2026-08-04,2026-08,A000000248065/63764933,그래도 파데보단 간지러움 덜한 것 같아서 바깥생활 많이하는 날에 써주고 있음!!
1366,review,oliveyoung,oy:A000000248065,기타불만,불만,0.4,2026-08-04,2026-08,A000000248065/63744112,촉촉하게 잘 발리긴 하는데 색도 애매하고 지속력도 그닥이라 섞어써야 할 거 같아요.
1367,review,oliveyoung,oy:A000000248065,끈적유분,불만,0.4,2026-08-03,2026-08,A000000248065/63721523,난 22호인데 너무 밝아서 못 바르겠슴;;; 21호 쓰는 친구한테도 빌려줬었는데 너무 밝음...그리고 나 같은 지성들은 진짜 개기름이 너무 많이 올라와서 다음에는 안 살거 같음 ㅠㅜ
1369,review,oliveyoung,oy:A000000248065,답답무거움,만족,0.4,2026-08-03,2026-08,A000000248065/63719472,"두껍게 올라가지 않아서 데일리로 사용하기 좋고, 지속력도 괜찮은 편이라 만족합니다."
1372,review,oliveyoung,oy:A000000248065,눈시림,불만,0.4,2026-08-03,2026-08,A000000248065/63700421,눈시림도 있고 땀에 취약해서요
1377,review,oliveyoung,oy:A000000248065,색상어두움,불만,0.4,2026-08-01,2026-08,A000000248065/63634516,밝으신 분들 절대 ㄴㄴ 탁기 너무 돌고 오히려 어두워져요
1381,review,oliveyoung,oy:A000000248065,끈적유분,불만,0.4,2026-07-31,2026-07,A000000248065/63562178,기름기도 있는데 뻑뻑하지만 순한
1383,review,oliveyoung,oy:A000000248065,끈적유분,불만,0.4,2026-07-23,2026-07,A000000248065/63217125,여름에 쓰기에는 좀 번들거리는 느낌이 있어요.
1386,review,oliveyoung,oy:A000000248065,트러블,만족,0.4,2026-07-23,2026-07,A000000248065/63215627,피부가 트러블없이 매끈한 분들이 사용하면 파데프리로 사용하기 좋을거 같아요
1387,review,oliveyoung,oy:A000000248065,트러블,불만,0.4,2026-07-23,2026-07,A000000248065/63215627,저는 피부가 지금 알러지로 뒤집어진 상태라 가라앉으면 사용해야겠어요
1390,review,oliveyoung,oy:A000000248065,지속력워터,만족,0.4,2026-07-19,2026-07,A000000248065/63043446,피부가 무너질 때 솔직히 예쁘지가 않아서 손이 잘 가지 않습니다ㅜㅜ
1391,review,oliveyoung,oy:A000000248065,백탁,불만,0.4,2026-07-17,2026-07,A000000248065/62963944,자극은 없는데 커버 안되고 회색빛이 좀 돌아요..
1393,review,oliveyoung,oy:A000000248065,기타불만,불만,0.4,2026-07-17,2026-07,A000000248065/62963944,뭔가 뻑뻑해여 지속력도 그닥..
1394,review,oliveyoung,oy:A000000248065,색상어두움,만족,0.4,2026-07-17,2026-07,A000000248065/62952560,색상이 너무 어두워서 손이 잘 안가요ㅠㅠㅠ
1395,review,oliveyoung,oy:A000000248065,백탁,불만,0.4,2026-07-17,2026-07,A000000248065/62952560,이것만 쓰면 안색이 안 좋아지는 느낌ㅠ
1407,review,oliveyoung,oy:A000000248065,기타불만,불만,0.4,2026-07-09,2026-07,A000000248065/62608631,저는 별로인 것 같아요.
1408,review,oliveyoung,oy:A000000248065,건조,불만,0.4,2026-07-09,2026-07,A000000248065/62608631,제가 건성인데 좀 건조한 느낌이 있고 색깔이 조금 어둡게 느껴져요.
1412,review,oliveyoung,oy:A000000248065,트러블,만족,0.4,2026-07-07,2026-07,A000000248065/62510688,기름도 많이 올라오고 픽싱은 거의 없다고 봐야할 것 같아요
1415,review,oliveyoung,oy:A000000248065,트러블,불만,0.4,2026-07-06,2026-07,A000000248065/62485457,아 구달이랑 안 맞는건지 모르겠는데 자꾸 여드름이 올라와요ㅠ그래서 좀 아쉬워요
1419,review,oliveyoung,oy:A000000248065,답답무거움,만족,0.4,2026-07-05,2026-07,A000000248065/62384045,선비비답게 피부톤을 자연스럽게 정리해줘서 데일리용으로 쓰기 편했어용 과하게 무겁진 않아서 답답함은 덜했지만 결점을 확실히 가려주는 느낌은 크지 않았어용
1420,review,oliveyoung,oy:A000000257580,눈시림,만족,0.0,2026-08-17,2026-08,A000000257580/64387465,끈적이고 백탁있는 선크림 정말 싫어하는데 이거는 촉촉하고 눈시림 없어요
1422,review,oliveyoung,oy:A000000248065,트러블,불만,0.4,2026-06-30,2026-06,A000000248065/62179312,피부 많이 뒤집어져서 쿠션 포기하고 선크림 잘 써온 구달에서 비비로 샀는데 리뷰 꼼꼼히 볼 걸 그랬어요ㅠ
1423,review,oliveyoung,oy:A000000248065,끈적유분,불만,0.4,2026-06-30,2026-06,A000000248065/62179312,색상이 어둡고 유분이 돌아요
1424,review,oliveyoung,oy:A000000248065,밀림,만족,0.4,2026-06-29,2026-06,A000000248065/62086368,약간 들떠요… 흡수가 잘 안되는 느낌입니다
1429,review,oliveyoung,oy:A000000248065,발림텍스처,불만,0.4,2026-06-29,2026-06,A000000248065/62075356,색깔이 제 피부에는 안맞고 제형도 좀 뻑뻑해서 어둡고 묽은 비비랑 섞어서 쓰려구요
1430,review,oliveyoung,oy:A000000257580,백탁,만족,0.0,2026-08-17,2026-08,A000000257580/64393660,"발림성 좋고 백탁현상 없는 선크림 찾으셨다면, 이거 딱이에요!"
1431,review,oliveyoung,oy:A000000257580,답답무거움,만족,0.0,2026-08-17,2026-08,A000000257580/64393450,베이스로 깔고 쓰면 파데가 밀리지도 않고 얼굴 답답하지 않아요
1433,review,oliveyoung,oy:A000000257580,끈적유분,만족,0.0,2026-08-17,2026-08,A000000257580/64393415,안 끈적거리고 부드럽게 잘 발려요
1434,review,oliveyoung,oy:A000000257580,백탁,만족,0.0,2026-08-17,2026-08,A000000257580/64393415,백탁도 없고 건성인데 안 건조해서 잘 쓰고 있어요
1435,review,oliveyoung,oy:A000000257580,백탁,만족,0.0,2026-08-17,2026-08,A000000257580/64393319,"많이많이 발라도 백탁현상 없고, 화장 위에 덧발라도 괜찮은 선크림으로 유명해서 사용해봤어요."
1436,review,oliveyoung,oy:A000000257580,백탁,만족,0.0,2026-08-17,2026-08,A000000257580/64393319,"정말 발림성 좋고, 백탁 없고, 촉촉합니다!"
1437,review,oliveyoung,oy:A000000257580,끈적유분,만족,0.0,2026-08-17,2026-08,A000000257580/64393115,오호라 이거 광고대로 바르고 선크림 특유의 번들거림이 없고 촉촉했다가 두면 아무것도 안바른거마냥 보송하게 마무리되네요!!!
1438,review,oliveyoung,oy:A000000257580,백탁,만족,0.0,2026-08-17,2026-08,A000000257580/64392729,사진처럼 백탁현상 없고 얼굴에 발라도 눈시림이 하나도 없어요~
1439,review,oliveyoung,oy:A000000257580,끈적유분,만족,0.0,2026-08-17,2026-08,A000000257580/64392545,이름이 에어 클라우드 답게 진짜 공기처럼 가볍게 발려수 찝찝함없고 답답하지않아서 좋아요
1440,review,oliveyoung,oy:A000000257580,자극따가움,불만,0.0,2026-08-17,2026-08,A000000257580/64392545,시간지나면 건조해질까했는데 그렇지도않구요
1441,review,oliveyoung,oy:A000000257580,건조,만족,0.0,2026-08-17,2026-08,A000000257580/64392154,에어리래서 건조할까바 걱정했는데 건조하지않고 촉촉해요
1442,review,oliveyoung,oy:A000000257580,끈적유분,만족,0.0,2026-08-17,2026-08,A000000257580/64392154,근데 끈적이지도 않음 유통기한 2029년까지로 긴 제품 왔어요
1443,review,oliveyoung,oy:A000000257580,답답무거움,불만,0.0,2026-08-17,2026-08,A000000257580/64392117,VT PDRN 썬크림은 가볍게 발리는 제형이라 답답한 선크림을 싫어하는 분들도 부담 없이 사용하기 좋았어요!!
1444,review,oliveyoung,oy:A000000257580,백탁,만족,0.0,2026-08-17,2026-08,A000000257580/64392117,"백탁감 없이 자연스럽게 밀착되고 촉촉한 마무리감이라 메이크업 전 사용하기에도 만족스러웠던 것 같아요 ,, 광고에 많이 뜨눈 PDRN 성분이 함유되어 있어 자외선 차단과 함께 데일리 스킨케어 느낌으로 사용할 수 있었고, 끈적임이 적어서 손이 자주 가는 제품이랄까요..?"
1446,review,oliveyoung,oy:A000000257580,백탁,만족,0.0,2026-08-17,2026-08,A000000257580/64391602,진짜로 얼굴에 잘 흡수돼고 화장도 잘먹어서 놀랐어용 선크림바르고 파데 발라도 안밀리고 백탁도 없어서 좋았습니다
1448,review,oliveyoung,oy:A000000257580,밀림,만족,0.0,2026-08-17,2026-08,A000000257580/64391577,화장 밀림이나 뜨는 현상도 적어졌어요
1449,review,oliveyoung,oy:A000000257580,밀림,만족,0.0,2026-08-17,2026-08,A000000257580/64391172,자극도 없고 듬뿍발라도 밀림 없이괜찮아요.
1450,review,oliveyoung,oy:A000000257580,끈적유분,불만,0.0,2026-08-17,2026-08,A000000257580/64387446,진짜 안끈적이는게 맞네요.
1451,review,oliveyoung,oy:A000000257580,백탁,만족,0.0,2026-08-17,2026-08,A000000257580/64387109,진짜 벌써 몇통짼지 말모말모 온몸에 바르기에 찐득거리는거 유분기 1도 없고 얼굴발라도 수분크림바른것처럼 엄청 촉촉 + 백탁도 없어서 걍 막 바름!!
1452,review,oliveyoung,oy:A000000257580,끈적유분,불만,0.0,2026-08-17,2026-08,A000000257580/64386786,"야외활동 많이 하는 가족이라 선크림 다양하게 구비해두고 있어요, 아이랑 남편은 선크림이 답답하고 끈적여서 바르기 싫어하는데 억지로 바르거든요."
1453,review,oliveyoung,oy:A000000257580,끈적유분,불만,0.0,2026-08-17,2026-08,A000000257580/64386786,듬뿍 발라야하는데 그동안은 끈적여서 찔끔바르고 대충 발랐다면 이 에어클라우드 선크림은 듬뿍 바르고도 보송보송해서 진짜 최고에요
1454,review,oliveyoung,oy:A000000257580,답답무거움,만족,0.0,2026-08-17,2026-08,A000000257580/64391079,특히 바르자마자 에이 에어클라우드라더니 ㅡㅡ 유분감있고 이물감있구만 뭐가 안바른 것 같아 거짓말쟁이들 싶었는데 완전히 마르니까 진짜 안바른 것처럼 흡수되고 저한테 진짜 너무 잘 맞아요!!!
1455,review,oliveyoung,oy:A000000257580,밀림,불만,0.0,2026-08-17,2026-08,A000000257580/64391079,후기에 때처럼 밀려나온다?
1456,review,oliveyoung,oy:A000000257580,백탁,만족,0.0,2026-08-17,2026-08,A000000257580/64391079,여튼 진짜 백탁없고 이물감없고!!!
1457,review,oliveyoung,oy:A000000257580,눈시림,만족,0.0,2026-08-17,2026-08,A000000257580/64391079,눈시림 적고(없진않음)!!!!
1458,review,oliveyoung,oy:A000000257580,백탁,만족,0.0,2026-08-17,2026-08,A000000257580/64390520,info) 22호 노란피부 / 겨울쿨라이트 진짜 촉촉하고 백탁이 없어서 너무 좋아요!
1459,review,oliveyoung,oy:A000000257580,끈적유분,만족,0.0,2026-08-17,2026-08,A000000257580/64390520,선크림 특유의 답답하거나 끈적한 느낌도 없고 바르고 나면 거의 안 바른 것처럼 가벼움!!
1460,review,oliveyoung,oy:A000000257580,백탁,만족,0.0,2026-08-17,2026-08,A000000257580/64389875,일단 백탁이 없고 순해서 너무 좋아요👍 눈이 진짜 민감한 편인데 눈시림 현상도 없는 것 같네용~
1461,review,oliveyoung,oy:A000000257580,백탁,만족,0.0,2026-08-17,2026-08,A000000257580/64389873,백탁도 없고 여름내내 너무 잘쓸거같아요
1462,review,oliveyoung,oy:A000000257580,답답무거움,만족,0.0,2026-08-17,2026-08,A000000257580/64389630,- #올영추천템#데일리선크림#여름선크림#화잘먹#pdrn#자외선차단#이지워시#화잘먹선크림#무중력선크림 - 아무것도 안바른 것처럼 가볍고 촉촉한 선크림 - 백탁없고 땀이 많이 나도 눈시림 없는 선크림 - 지성인 아버지한테 선물해드렸는데 부담스럽지 않은 발림성에 만족하셨어요!
1463,review,oliveyoung,oy:A000000257580,눈시림,만족,0.0,2026-08-17,2026-08,A000000257580/64389403,그리고 백탁 현상이 너무 쎄면 화장할때 너무 떠보이거나 해서 싫은데 이건 거의 없어서 너무 좋았어요🫶 눈시림을 잘느끼는 편인데 아직까지는 눈시림도 없어서 순하고 가벼운 선크림 찾으면 추천입니다👍
1464,review,oliveyoung,oy:A000000257580,백탁,불만,0.0,2026-08-17,2026-08,A000000257580/64388369,요즘 선크림은 발림성이랑 백탁 여부를 제일 중요하게 보는데 이건 꽤 마음에 듦.
1465,review,oliveyoung,oy:A000000257580,끈적유분,불만,0.0,2026-08-17,2026-08,A000000257580/64388369,바르고 나서 얼굴이 허옇게 뜨는 백탁도 거의 없고 답답하거나 끈적하게 달라붙는 느낌도 적었음.
1466,review,oliveyoung,oy:A000000257580,끈적유분,불만,0.0,2026-08-17,2026-08,A000000257580/64388369,촉촉함은 살짝 남는데 번들번들 기름지는 느낌은 아니라 데일리로 쓰기 괜찮았음.
1467,review,oliveyoung,oy:A000000257580,백탁,만족,0.0,2026-08-17,2026-08,A000000257580/64388369,발림성 좋고 백탁 없는 선크림 찾는 분들이면 무난하게 잘 맞을 듯!
1468,review,oliveyoung,oy:A000000257580,끈적유분,만족,0.0,2026-08-17,2026-08,A000000257580/64388243,끈적임이 없고 산뜻하게 발려서 지성피부에다가 여름 온도인데도 쾌적하고 막 덧바르기도 좋아요.
1469,review,oliveyoung,oy:A000000257580,끈적유분,만족,0.0,2026-08-17,2026-08,A000000257580/64388011,무중력 선크림이라는 말처럼 답답함이나 끈적임이 전혀 없어서 화장도 밀리지 않고 찰떡같이 잘 먹습니다.
1470,review,oliveyoung,oy:A000000257580,백탁,만족,0.0,2026-08-17,2026-08,A000000257580/64388011,"백탁 현상이 전혀 없고, 땀이 많이 나는 날에도 눈시림이 없어서 매일 손이 가는 제품이에요."
1471,review,oliveyoung,oy:A000000257580,백탁,만족,0.0,2026-08-17,2026-08,A000000257580/64387742,백탁도 전혀 없고 땀이 많이 나도 눈시림이 없어서 마음에 들더라고요
1472,review,oliveyoung,oy:A000000257580,답답무거움,만족,0.0,2026-08-17,2026-08,A000000257580/64387742,그리고 덧발라도 답답함이 없어서 요즘 데일리 선크림으로 매일 손이 가네요
1473,review,oliveyoung,oy:A000000257580,끈적유분,만족,0.0,2026-08-17,2026-08,A000000257580/64387644,촉촉하게 스윽 발리는데 끈적임이나 답답함 없이 보송하게 마무리돼서 땀많은 저한테 완전 딱이에요!!!
1474,review,oliveyoung,oy:A000000257580,밀림,만족,0.0,2026-08-17,2026-08,A000000257580/64387644,선크림 잘못쓰면 화장뜨는데 메이크업 전에 발라도 밀림현상도 없고 화장도 잘먹어서 선크림은 이걸로 정착합니다!!
1475,review,oliveyoung,oy:A000000257580,끈적유분,만족,0.0,2026-08-17,2026-08,A000000257580/64387631,유분이 겉돌지 않아서 화장이 잘 먹어요.
1476,review,oliveyoung,oy:A000000257580,끈적유분,만족,0.0,2026-08-17,2026-08,A000000257580/64387523,끈적임도 없고 향도 강하지 않습니다.
1477,review,oliveyoung,oy:A000000257580,용량가격,만족,0.0,2026-08-17,2026-08,A000000257580/64387523,가격대비 양이 조금 적은것 같아 아쉬움
1478,review,oliveyoung,oy:A000000257580,백탁,만족,0.0,2026-08-17,2026-08,A000000257580/64386753,"백탁현상도 없고, 앰플처럼 발려요."
1479,review,oliveyoung,oy:A000000257580,끈적유분,만족,0.0,2026-08-17,2026-08,A000000257580/64385885,개인적으로 로션/크림 제형으로 부드럽고 촉촉하게 잘 발리는 게 양 조절이 쉬워서 좋았고 끈적거림 없이 촉촉뽀송하게 발려서 좋았어요!
1480,review,oliveyoung,oy:A000000257580,눈시림,만족,0.0,2026-08-17,2026-08,A000000257580/64385501,촉촉하게 잘 발려서 너무 좋았구 눈시림이나 트러블 나는 것도 없어서 좋았어요
1481,review,oliveyoung,oy:A000000257580,답답무거움,불만,0.0,2026-08-17,2026-08,A000000257580/64384043,썬크림의 단점이 무겁고 기름뜨고 눈따갑고 한데 순하게 가볍게 발리니 흡수도 잘되고 미끄덩거리는 유분기가 적은게 가장 큰 장점인 것 같습니다
1482,review,oliveyoung,oy:A000000257580,끈적유분,만족,0.0,2026-08-17,2026-08,A000000257580/64384005,"발림성이 수분 에센스처럼 정말 촉촉한데, 바르고 나면 유분감이나 끈적임이 전혀 없어서 놀랐어요!"
1483,review,oliveyoung,oy:A000000257580,백탁,만족,0.0,2026-08-17,2026-08,A000000257580/64384005,백탁 현상 없이 가볍게 스며들어서 위에 메이크업을 올려도 밀리지 않고 찰떡처럼 잘 먹네요.
1484,review,oliveyoung,oy:A000000257580,끈적유분,만족,0.0,2026-08-17,2026-08,A000000257580/64383970,확실히 촉촉한데 아무것도 안 바른 것 처럼 끈적임 없이 스며들어요!
1485,review,oliveyoung,oy:A000000257580,밀림,만족,0.0,2026-08-17,2026-08,A000000257580/64383846,덧발라도 밀림없어요
1486,review,oliveyoung,oy:A000000257580,끈적유분,만족,0.0,2026-08-17,2026-08,A000000257580/64383342,끈적이지않아 여름에 사용하기 적합합니다.
1487,review,oliveyoung,oy:A000000257580,끈적유분,만족,0.0,2026-08-17,2026-08,A000000257580/64383342,유분기가 거의 없어서 화장전에 발라도 화장이 뜨거나 하지 않아서 좋습니당 그리고 용기도 길고 얇은편이라 가방에 휴대하기 좋은거 같아요
1489,review,oliveyoung,oy:A000000257580,끈적유분,만족,0.0,2026-08-17,2026-08,A000000257580/64380916,끈적임이 없고 아주 얇게 발려서 가볍고 산뜻해요.
1490,review,oliveyoung,oy:A000000257580,답답무거움,만족,0.0,2026-08-17,2026-08,A000000257580/64380916,여름에 발라도 피부가 답답하지 않아서 편안했어요.
1491,review,oliveyoung,oy:A000000257580,끈적유분,만족,0.2,2026-08-11,2026-08,A000000257580/64112101,매번 찐득거리는 선제품이 싫어서 어성초 구달꺼만 쓰다가 처음으로 바꿔봤는데 끈적거리지 않고 가볍게 발려서 재구매 의사 있어요
1492,review,oliveyoung,oy:A000000257580,자극따가움,만족,0.2,2026-08-10,2026-08,A000000257580/64075168,따가울까봐 걱정했는데 그런 거 없이 발림이 좋아요
1493,review,oliveyoung,oy:A000000257580,백탁,만족,0.2,2026-08-10,2026-08,A000000257580/64061027,백탁없이 얇게 발립니다.
1494,review,oliveyoung,oy:A000000257580,끈적유분,만족,0.2,2026-08-10,2026-08,A000000257580/64054199,여름철이라 끈적이지 않는 선크림이 필요했는데 기대 이상이에요
1495,review,oliveyoung,oy:A000000257580,끈적유분,만족,0.2,2026-08-10,2026-08,A000000257580/64054199,번들거리거나 답답한 느낌이 전혀 없어서 아침마다
1496,review,oliveyoung,oy:A000000257580,답답무거움,만족,0.2,2026-08-10,2026-08,A000000257580/64053501,"손등에 덜어보면 로션처럼 부드럽고 촉촉한 제형이라 발림성이 좋고, 뻑뻑하거나 답답한 느낌 없이 부드럽게 펴 발려요."
1497,review,oliveyoung,oy:A000000257580,백탁,만족,0.2,2026-08-10,2026-08,A000000257580/64053501,백탁이나 끈적임도 심하지 않아서 부담 없이 손이 자주 갈 것 같네요.
1498,review,oliveyoung,oy:A000000257580,끈적유분,만족,0.2,2026-08-10,2026-08,A000000257580/64053249,하나도 안끈적거려요!!
1499,review,oliveyoung,oy:A000000257580,향,불만,0.2,2026-08-10,2026-08,A000000257580/64053249,냄새가 약간 이상하긴 하지만 약해서 코를 박지 않는한 안나기 때문에 상관은 없습니다
1500,review,oliveyoung,oy:A000000257580,백탁,만족,0.2,2026-08-09,2026-08,A000000257580/64038976,인스트 광고에 많이 뜨길래 궁금해서 써봤는데 많이 발라도 백탁은 아예 없어서 좋았어요
1501,review,oliveyoung,oy:A000000257580,끈적유분,만족,0.2,2026-08-09,2026-08,A000000257580/64037391,끈적임이 아예 없다는건 아닌데 확실히 끈적임이 오래가지는 않은것같아요
1502,review,oliveyoung,oy:A000000257580,백탁,만족,0.2,2026-08-08,2026-08,A000000257580/63987120,"여름에 러닝을 자주 뛰는 데 백탁, 끈적임 없는 선크림을 찾는다면 추천합니다!"
1503,review,oliveyoung,oy:A000000257580,밀림,만족,0.2,2026-08-08,2026-08,A000000257580/63981453,그리고 화장 전에 발라도 들뜨거나 밀리는거 없이 너무 마음에 들어용 #올영추천템#데일리선크림 #여름선크림 #화잘먹 #PDRN #자외선 차단 #이지워시#화잘먹선크림 #무중력선크림
1505,review,oliveyoung,oy:A000000257580,백탁,만족,0.2,2026-08-08,2026-08,A000000257580/63973807,많이 발라도 백탁현상도 없고 가볍도 얇게 발려서 부담없이 쓸 수 있어요~
1508,review,oliveyoung,oy:A000000257580,건조,만족,0.2,2026-08-08,2026-08,A000000257580/63957708,바르고 나서도 건조하지 않아서 화장전에 바르면 될 것 같아요
1509,review,oliveyoung,oy:A000000257580,발림텍스처,만족,0.2,2026-08-07,2026-08,A000000257580/63914526,촉촉하고 피부에 흡수와 화장먹임 근데..
1510,review,oliveyoung,oy:A000000257580,눈시림,불만,0.2,2026-08-07,2026-08,A000000257580/63914526,눈시림이 너무 심함ㅠㅠㅠ
1511,review,oliveyoung,oy:A000000257580,백탁,만족,0.2,2026-08-07,2026-08,A000000257580/63913958,백탁 없었고 끈적임없이 가볍게 발리기도 해서 지성 건성 다
1512,review,oliveyoung,oy:A000000257580,백탁,만족,0.2,2026-08-07,2026-08,A000000257580/63906506,발림성 굿 백탁없고 유분기 적어서 좋았어요!
1513,review,oliveyoung,oy:A000000257580,용량가격,만족,0.2,2026-08-06,2026-08,A000000257580/63885517,선크림 사용량이 많은 계절이라 여러 브랜드 많이 구매해봤는데 로션같은 질감이라 안바른것 같이 엄청 가볍고 촉촉해요
1514,review,oliveyoung,oy:A000000257580,끈적유분,만족,0.2,2026-08-06,2026-08,A000000257580/63884169,로션처럼 촉촉하지만 답답하거나 끈적이는 느낌이 전혀 없어서 매일 데일리로 사용하기에 딱 좋습니다.
1515,review,oliveyoung,oy:A000000257580,백탁,만족,0.2,2026-08-06,2026-08,A000000257580/63884169,백탁 현상이 거의 없고 자연스럽게 마무리되어 화장 전에 바르거나 외출할 때 덧발라도 들뜨지 않아서 만족스럽습니다.
1516,review,oliveyoung,oy:A000000257580,발림텍스처,만족,0.2,2026-08-06,2026-08,A000000257580/63882630,VT 피디알엔 에어 클라우드 선스크린은 전체적으로 가볍게 발리는 편이긴 한데 기대했던 것보다는 살짝 아쉬운 사용감이었어요
1517,review,oliveyoung,oy:A000000257580,끈적유분,불만,0.2,2026-08-06,2026-08,A000000257580/63882630,끈적임이 심한 편은 아니지만 완전히 산뜻하게 마무리되는 느낌까지는 아니라서 더운 날씨에는 조금 신경 쓰일 수 있었어요
1518,review,oliveyoung,oy:A000000257580,용량가격,불만,0.2,2026-08-06,2026-08,A000000257580/63882630,그리고 다른 1+1 구성 제품들에 비해 가격대가 저렴한 편은 아니라는 점도 아쉬웠어요
1519,review,oliveyoung,oy:A000000257580,백탁,만족,0.2,2026-08-06,2026-08,A000000257580/63880429,백탁현상은 전혀 없어요
1520,review,oliveyoung,oy:A000000257580,끈적유분,불만,0.2,2026-08-06,2026-08,A000000257580/63880429,번들거리는거 싫어하는 남자분들께 적극 추천해요
1521,review,oliveyoung,oy:A000000257580,끈적유분,만족,0.2,2026-08-06,2026-08,A000000257580/63875668,"근데 많이 바르면 번들 거리이 없네 10,000의 하는데 그건 솔직히 구라고요."
1522,review,oliveyoung,oy:A000000257580,끈적유분,만족,0.2,2026-08-06,2026-08,A000000257580/63875668,근데 이게 끈적거리면 거의 없긴 해요.
1523,review,oliveyoung,oy:A000000257580,눈시림,만족,0.2,2026-08-06,2026-08,A000000257580/63875668,눈 시림도 없고 괜찮았어요.
1525,review,oliveyoung,oy:A000000257580,끈적유분,불만,0.2,2026-08-06,2026-08,A000000257580/63862833,"가뜩이나 덥고 습한 요즘, 얼굴에 끈적임 남거나 유분 가득한 선크림을 피하고 있는데 에어클라우드선스크린은 정말 아무것도 안 바른것처럼 가볍고 촉촉한 선크림이에요!"
1526,review,oliveyoung,oy:A000000257580,백탁,만족,0.2,2026-08-06,2026-08,A000000257580/63862833,백탁 없어서 가족들이 부담없이 잘쓰는중입니다 ㅎㅎ
1528,review,oliveyoung,oy:A000000257580,백탁,만족,0.2,2026-08-06,2026-08,A000000257580/63861670,촉촉해서 백탁도 없고 막 바를 수 있어서 좋습니다!
1529,review,oliveyoung,oy:A000000257580,건조,불만,0.2,2026-08-06,2026-08,A000000257580/63861670,근데 아쉬운 점은 바르고 좀 마르면 너무 건조해지는 것 같아요 ㅜㅜ
1532,review,oliveyoung,oy:A000000257580,끈적유분,불만,0.2,2026-08-06,2026-08,A000000257580/63856490,"좀 많이 발라서 그럴수도 있지만 흡수까지 좀 오래걸리는 느낌이었지만, 흡수되면 마무리감이 깔끔해서 끈적이거나 선크림 바른 느낌 싫은 사람이 팔이나 목에 바르기 좋은 것 같음."
1535,review,oliveyoung,oy:A000000257580,끈적유분,만족,0.2,2026-08-06,2026-08,A000000257580/63853666,크게 끈적임이 없는 제형이라 여름철에 부담없이 바르기에 좋았어요
1536,review,oliveyoung,oy:A000000257580,끈적유분,불만,0.2,2026-08-06,2026-08,A000000257580/63853395,살짝 끈적임이 있긴합니다
1537,review,oliveyoung,oy:A000000257580,향,만족,0.2,2026-08-06,2026-08,A000000257580/63853395,그래도 다른 썬크림보단 덜하고 역한 냄새가 안나네요
1538,review,oliveyoung,oy:A000000257580,끈적유분,만족,0.2,2026-08-05,2026-08,A000000257580/63835725,성크림 끈적이는거 싫어하는데 촉촉하면서도 끈적이지 않게 싹 흡수됩니다ㅎㅎㅎㅎ
1539,review,oliveyoung,oy:A000000257580,끈적유분,만족,0.2,2026-08-05,2026-08,A000000257580/63828958,흡수는빨리되지만잔여감이아예없지는않습니다그러나눈시림적은건ㅇㅈ드립니다
1540,review,oliveyoung,oy:A000000257580,백탁,불만,0.2,2026-08-05,2026-08,A000000257580/63826149,백탁 아예 없어서 자연스러운 톤업 원하시는 분이라면 비추입니다
1541,review,oliveyoung,oy:A000000257580,용량가격,만족,0.2,2026-08-05,2026-08,A000000257580/63826149,용량 적은데 좀 비싼 거 같음
1542,review,oliveyoung,oy:A000000257580,건조,만족,0.2,2026-08-05,2026-08,A000000257580/63805902,그래서 구매해본 제품인데 자극도 없고 흡수도 빠르고 건조함도 없어서 너무 만족해요!!
1543,review,oliveyoung,oy:A000000257580,밀림,만족,0.2,2026-08-05,2026-08,A000000257580/63805902,밀림현상도 없어서 위에 쿠션이나 파데를 올려도 화장이 넘 잘먹어서 좋슴니다!
1545,review,oliveyoung,oy:A000000257580,눈시림,만족,0.2,2026-08-04,2026-08,A000000257580/63788872,눈시림 1도 없고 저는 단지 땀도 많고 극 지성이라 다
1546,review,oliveyoung,oy:A000000257580,끈적유분,불만,0.2,2026-08-04,2026-08,A000000257580/63788872,발랐을때 제일 좋긴 했는데 조금은 끈적였어요
1547,review,oliveyoung,oy:A000000257580,끈적유분,만족,0.2,2026-08-04,2026-08,A000000257580/63788872,발라봤던 선크림 중에서는 제일 겨볍고 안 끈적였어요!
1548,review,oliveyoung,oy:A000000257580,끈적유분,만족,0.2,2026-08-04,2026-08,A000000257580/63781992,요즘처럼 습하고 더울 땐 흡수되는데 5~60초 정도 걸리는데 스며들고 나면 유분기는 거의 없고 산뜻해요.
1549,review,oliveyoung,oy:A000000257580,밀림,불만,0.2,2026-08-04,2026-08,A000000257580/63781992,흡수 후 문지르면 밀림이 있을 수 있어서 베이스는 문질러 펴 바르기보단 두들기듯 얹어주는 게 좋을 것 같아요.
1550,review,oliveyoung,oy:A000000257580,답답무거움,만족,0.2,2026-08-03,2026-08,A000000257580/63739843,여러번 덧발라도 무겁지않고 가벼워서 지금까지 무거운선크림을 어떻게 발랐는지 모르겠어요..
1552,review,oliveyoung,oy:A000000257580,끈적유분,만족,0.2,2026-08-03,2026-08,A000000257580/63702128,제형이 부드럽게 발리고 끈적임 없이 마무리돼서 데일리로 사용하기 좋았습니다.
1553,review,oliveyoung,oy:A000000257580,끈적유분,만족,0.2,2026-08-02,2026-08,A000000257580/63690656,여름에 파워지성돼서 끈적이지 않고 번들거리지 않는 선크림 찾고있었음 에어리라는 이름 믿고 구매함 제형은 로션같이 꽤나 묽어서 발림성이 좋음 얼굴에 발랐을 때 살짝 광택이 돌긴 하나 번들거리지는 않음 크림 바른 느낌 정도?
1554,review,oliveyoung,oy:A000000257580,끈적유분,만족,0.2,2026-08-02,2026-08,A000000257580/63690656,눈시림 없고 끈적임 없음 데일리하게 잘 사용할 것 같음
1555,review,oliveyoung,oy:A000000257580,끈적유분,만족,0.2,2026-08-02,2026-08,A000000257580/63665135,끈적이지 않는다해서 구입함 용량이 적어서 아쉬움 세일하면 살듯
1556,review,oliveyoung,oy:A000000184352,답답무거움,만족,0.0,2026-08-06,2026-08,A000000184352/63864366,좋은 거 같음 화장 밀림이랑 눈시림도 ㅇ없고 그렇게 무겁지도 않아서 쓰기 좋다
1558,review,oliveyoung,oy:A000000184352,끈적유분,만족,0.0,2026-08-06,2026-08,A000000184352/63840861,너무 기름지지도 않고 수분감있게 뭉치지 않고 잘 발려서 좋아요
1559,review,oliveyoung,oy:A000000184352,백탁,만족,0.0,2026-08-05,2026-08,A000000184352/63833076,백탁도 없고 흡수도 잘 돼요
1560,review,oliveyoung,oy:A000000184352,끈적유분,만족,0.0,2026-08-05,2026-08,A000000184352/63831973,"먼저 수부지,복합성인 제 피부에 정말 잘 맞았어요,, 끈적이는것도 없고 완전 화장멀 선크림 느낌!"
1561,review,oliveyoung,oy:A000000184352,눈시림,만족,0.0,2026-08-05,2026-08,A000000184352/63831973,제가 민감성인데 피부 따가운것도 없고 특히 눈 매운것도!!
1562,review,oliveyoung,oy:A000000184352,백탁,만족,0.0,2026-08-05,2026-08,A000000184352/63831123,선크림 많이 바르는 편이라 바른 후 번들거리거나 하얗게 뜨는 걸 싫어하는데 넘버즈인은 그런 거 하나도 없고 스킨케어만 한 것처럼 가볍게 느껴져요.
1563,review,oliveyoung,oy:A000000184352,트러블,불만,0.0,2026-08-05,2026-08,A000000184352/63830481,너무 더울때는 트러블날때도있는데 한여름 빼고는 너무 좋아요
1564,review,oliveyoung,oy:A000000184352,끈적유분,만족,0.0,2026-08-05,2026-08,A000000184352/63830481,화장도 잘먹고 끈적거림도 덜해요
1565,review,oliveyoung,oy:A000000184352,눈시림,만족,0.0,2026-08-05,2026-08,A000000184352/63830481,눈시림 진짜 예민한데 눈시림없었던 유기자차 처음이에요
1566,review,oliveyoung,oy:A000000184352,밀림,만족,0.0,2026-08-05,2026-08,A000000184352/63810920,때처럼 밀려나오는 거 없고 베이스 쫙쫙 잘붙어요
1568,review,oliveyoung,oy:A000000184352,건조,불만,0.0,2026-08-02,2026-08,A000000184352/63689076,건조하고 ㅠ
1569,review,oliveyoung,oy:A000000184352,백탁,불만,0.0,2026-08-05,2026-08,A000000184352/63810539,저는 백탁에 뻑뻑한거 쓰면 흡수가 빠르게 안되서 화장이 뜨더라고요.
1572,review,oliveyoung,oy:A000000184352,끈적유분,만족,0.0,2026-08-04,2026-08,A000000184352/63775275,시원한 건 모르겠고 얼굴이 너무 기름지지도 않고 밀리지도 않아서 좋아요.
1573,review,oliveyoung,oy:A000000184352,끈적유분,불만,0.0,2026-08-04,2026-08,A000000184352/63752102,여름에 지성분들이 쓰시기엔 조~금 유분이 많은 거 같아요
1574,review,oliveyoung,oy:A000000184352,자극따가움,만족,0.0,2026-08-04,2026-08,A000000184352/63749450,저한텐 시간지나서 건조했는데 부모님은 잔여감없는게 좋으셨는지 사달라하셔서 재구매함~
1575,review,oliveyoung,oy:A000000184352,백탁,만족,0.0,2026-08-03,2026-08,A000000184352/63735124,촉촉하고 백탁 없이 발려서 데일리 선크림으로 사용하기 좋습니다.
1576,review,oliveyoung,oy:A000000184352,백탁,만족,0.0,2026-08-03,2026-08,A000000184352/63729425,눈시림 하나도 없고 화장도 안 밀리고 백탁현상도 없어요!!
1577,review,oliveyoung,oy:A000000184352,트러블,불만,0.0,2026-08-03,2026-08,A000000184352/63717163,복합성 특히 여드름 피부는 무기자차 쓰라고 하는데 난 반대 무기자차 지울때 데미지 들어가는거랑 유기자차 써서 화학적 데미지 입는거랑 별반 차이 없음 그리고 클렌징을 중요하게 생각하는 사람인데 유기자차는 1차 클렌징에도 잘지워짐 특히 이 제품은 클렌징 임상도 받아서 안심됨 진짜 거짓말 안하고 6번 정도 재구매중인 아이템 냄새는 약간 실리콘 냄새라 호불호 갈릴수도 있지만 모공 안 막는 성분인 논코메도제닉 인거와 500원 크기로 발라도 백탁 없는것 그리고 쿨링 효과 때문에 재구매 중.
1578,review,oliveyoung,oy:A000000184352,끈적유분,불만,0.0,2026-08-03,2026-08,A000000184352/63717163,끈적임은 조금 있긴 한데 그마저도 시간 지나고 흡수 되면 사라짐
1580,review,oliveyoung,oy:A000000184352,백탁,만족,0.0,2026-08-03,2026-08,A000000184352/63706237,백탁도없고 세정도 잘됩니다
1581,review,oliveyoung,oy:A000000184352,백탁,만족,0.0,2026-08-03,2026-08,A000000184352/63706232,백탁도없고 세정도 잘됩니다
1582,review,oliveyoung,oy:A000000184352,백탁,만족,0.0,2026-08-03,2026-08,A000000184352/63706128,백탁도없고 세정도 잘됩니다
1583,review,oliveyoung,oy:A000000184352,눈시림,만족,0.0,2026-08-03,2026-08,A000000184352/63703585,어머니께서 선크림이 필요하시다고 하셔서 드렸는데 자외선 차단도 잘 되는 것 같고 눈시림 또한 없는 것 같았어요!
1584,review,oliveyoung,oy:A000000184352,백탁,만족,0.0,2026-08-03,2026-08,A000000184352/63697754,조금씩 양조절하기 편하고 백탁현상이나 눈시림 제로예요
1586,review,oliveyoung,oy:A000000184352,끈적유분,만족,0.0,2026-08-02,2026-08,A000000184352/63686896,유분이 적어서 좋아요
1587,review,oliveyoung,oy:A000000184352,답답무거움,만족,0.4,2026-08-09,2026-08,A000000184352/64019634,완전 그냥 세럼처럼 발리고 선크림 바른 답답한 느낌이 하나도 없어서 너무좋은데 ㅜ
1588,review,oliveyoung,oy:A000000184352,답답무거움,불만,0.4,2026-08-09,2026-08,A000000184352/64019634,건성한테는 엄청 건조해요 2-30분만 지나도 로션 안바른것처럼 뻑뻑해요 ㅠㅠ
1591,review,oliveyoung,oy:A000000184352,발림텍스처,만족,0.4,2026-07-31,2026-07,A000000184352/63588694,부드럽게 발리기도 해요
1592,review,oliveyoung,oy:A000000184352,건조,만족,0.4,2026-07-31,2026-07,A000000184352/63539208,피부예민할때 바르면 ㅈㅉ 아픔 얘만 단독으로 발라도 난 좀 건조해서(다른 선세럼은 안그럼 난 건성
1594,review,oliveyoung,oy:A000000184352,트러블,만족,0.4,2026-07-23,2026-07,A000000184352/63234224,좋은데 이거 며칠 동안 쓰고 화농성여드름 폭발 났어요
1596,review,oliveyoung,oy:A000000184352,밀림,불만,0.4,2026-07-19,2026-07,A000000184352/63067433,여름에 보송해지겠다고 선크림도 수분감 없는거 바르면 나중에 화장 갈라지고 하는데 촉촉한 선크림 좋아요
1597,review,oliveyoung,oy:A000000184352,끈적유분,불만,0.4,2026-07-17,2026-07,A000000184352/62966087,"발림성은 좋은데 지성이 쓰기에는 좀 마무리가 기름지고, 눈시림과 입가와 코 주변 따가움이 있었어요ㅠ"
1598,review,oliveyoung,oy:A000000184352,트러블,만족,0.4,2026-07-17,2026-07,A000000184352/62966087,원래도 유기자차를 쓰면 트러블이 나서 잘 안 쓰다가 도전해봤는데 아무리 순하다고 해도 그냥 유기자차가 안 맞나봐요..
1601,review,oliveyoung,oy:A000000184352,기타불만,불만,0.4,2026-07-16,2026-07,A000000184352/62901070,딱히 막 엄청 좋다고 느끼진 못햇어요
1602,review,oliveyoung,oy:A000000184352,밀림,불만,0.4,2026-07-14,2026-07,A000000184352/62847680,10년 동안 화장하고 살면서 베이스가 밀린 적이 3번밖에 없었는데 이건 밀리네요; 화잘먹이라고 해서 샀는데 밀려요
1605,review,oliveyoung,oy:A000000184352,트러블,불만,0.4,2026-07-11,2026-07,A000000184352/62708258,"민감하시거나 트러블 많거나 여드름,뾰루지 피부시면 안사시는게 나을것 같아요"
1606,review,oliveyoung,oy:A000000184352,끈적유분,불만,0.4,2026-07-11,2026-07,A000000184352/62708258,촉촉해서 잘발리고 쿨링감이 좋긴한데 너무 유분이 너무 많아서 코나 나비존에 여드름이 올라오더라구요
1610,review,oliveyoung,oy:A000000184352,끈적유분,불만,0.4,2026-07-04,2026-07,A000000184352/62368741,약간 기름지고 무겁게 올라가는데 사람에 따라 촉촉하다고 느낄수도 잇을것같아요
1611,review,oliveyoung,oy:A000000184352,자극따가움,불만,0.4,2026-07-01,2026-07,A000000184352/62189990,ㄴㄴ 따갑 ㅇㅇ 쿨링은 모르겠고 진짜 따갑습니당...
1613,review,oliveyoung,oy:A000000184352,끈적유분,불만,0.4,2026-06-24,2026-06,A000000184352/61877995,지복합이나 지성피부가 써도 기름지지 않다길래 사왔는데 너무 번들거림ㅜㅜ그래서 듬뿍 바르기도 애매....
1619,review,oliveyoung,oy:A000000184352,끈적유분,불만,0.4,2026-06-06,2026-06,A000000184352/61086323,지성은 유분이 쫌 느껴질거 같아요
1620,review,oliveyoung,oy:A000000184352,톤업색상,만족,0.4,2026-06-06,2026-06,A000000184352/61086323,톤업은 1도 안되고요
1623,review,oliveyoung,oy:A000000184352,트러블,불만,0.4,2026-06-05,2026-06,A000000184352/61024545,발림성이 좋아서 샀는데 트러블이 조금 올라와유 ㅠ
1625,review,oliveyoung,oy:A000000184352,자극따가움,만족,0.4,2026-06-04,2026-06,A000000184352/60901130,이건 내가 민감성 피부라 그런 걸수도 있는데 일본 선크림 쓸 때는 계속 덧발라도 크게 자극이 없었어서 다음에 또 구매할지는 미지수..
1626,review,oliveyoung,oy:A000000184352,끈적유분,만족,0.4,2026-06-04,2026-06,A000000184352/60901130,그래도 발림성 좋고 끈적임이 없는 게 진짜 매력적임
1628,review,oliveyoung,oy:A000000184352,밀림,불만,0.4,2026-06-01,2026-06,A000000184352/60630558,밀릴것같아용 그냥 선크림만 바른다면 ㄱㅊ
1630,review,oliveyoung,oy:A000000184352,끈적유분,불만,0.4,2026-05-29,2026-05,A000000184352/60360079,발림성은 진짜 좋은데 지성들은 좀 생각해봐야할듯 기름이 좀
1631,review,oliveyoung,oy:A000000184352,끈적유분,불만,0.4,2026-05-24,2026-05,A000000184352/60134907,T존은 유분 꽤나 있고 U존은 완전 건성인 수부지 복합성인데 해당 상품 좋아하는 뷰튜버분이 잘 쓰시길래 따라 샀어용 갠적으로 1번라인 잘 쓰고 있어서 샀는데 얘 쓴지 이틀만에 양볼에 빨갛게 염증 올라오고 피부 벗겨짐ㅠㅜ
1634,review,oliveyoung,oy:A000000184352,향,만족,0.4,2026-05-24,2026-05,A000000184352/60099180,자작나무 쓰다가 갈아탔는데 진짜 냄새 좀 어떻게 안 되나요?
1637,review,oliveyoung,oy:A000000184352,끈적유분,불만,0.4,2026-05-24,2026-05,A000000184352/60099180,복합성이어서 그런지 좀 기름지다고 느끼긴 했어요
1638,review,oliveyoung,oy:A000000184352,발림텍스처,만족,0.4,2026-05-22,2026-05,A000000184352/60026193,좋다고해서 샀는데 부드럽게 발리고 시원하긴 하거든요?
1639,review,oliveyoung,oy:A000000184352,자극따가움,불만,0.4,2026-05-22,2026-05,A000000184352/60026193,근데 제 피부에 성분이 좀 안맞았는지 따갑고 알러지같이 오돌토돌하게 뭐가 많이 났어요
1644,review,oliveyoung,oy:A000000184352,발림텍스처,만족,0.4,2026-05-11,2026-05,A000000184352/59541136,"너무너무 촉촉하고, 화장도 잘먹고, 발림성도 넘 좋아서 이건 진짜 인생템이다 .."
1645,review,oliveyoung,oy:A000000184352,자극따가움,불만,0.4,2026-05-11,2026-05,A000000184352/59541136,하고 꾸준히 썼는데 🚨어떤 성분인진 모르겠으나 약간의 화함이 느껴져 따가웠습니다 … 그리고 약간의 좁쌀도 좀 났구요 ㅠ
1652,review,oliveyoung,oy:A000000184352,눈시림,불만,0.4,2026-05-07,2026-05,A000000184352/59371369,눈시려요 ..
1653,review,oliveyoung,oy:A000000184352,끈적유분,만족,0.4,2026-05-07,2026-05,A000000184352/59371369,발림성 좋고 안끈적이는건 좋은데 눈 근처는 못바릅니다
1654,review,oliveyoung,oy:A000000184352,답답무거움,불만,0.4,2026-04-30,2026-04,A000000184352/59034812,데일리로 쓰기 좋기는 한데 발랐을 때 약간 답답하고 많이 바르면 때처럼 밀림.
1661,review,oliveyoung,oy:A000000184352,끈적유분,불만,0.4,2026-03-14,2026-03,A000000184352/57095353,다만 살짝 유분기가 있어서 호불호가 갈릴 수도 있을거 같아용
1662,review,oliveyoung,oy:A000000184352,밀림,불만,0.4,2026-02-19,2026-02,A000000184352/55802114,사용하던 선크림이 갑자기 밀려서 더 가벼운 제형의 선크림으로 바꾼건데 제형은 만족하고 있어요
1664,review,oliveyoung,oy:A000000184352,눈시림,불만,0.4,2026-02-19,2026-02,A000000184352/55802114,얼굴에 각질이 많은 분은 조금 밀릴 것 같습니다 (당사자성 발언입니다) 딱히 눈시림 같은건 못 느낀 것 같습니다
1666,review,oliveyoung,oy:A000000184352,발림텍스처,만족,0.4,2026-02-17,2026-02,A000000184352/55718504,발림성도 좋고 자외선 차단도 좋아요
1667,review,oliveyoung,oy:A000000184352,발림텍스처,만족,0.4,2026-02-17,2026-02,A000000184352/55718504,촉촉하게 발리고 화장도 잘 먹어요
1669,review,oliveyoung,oy:A000000184352,자극따가움,불만,0.4,2026-01-29,2026-01,A000000184352/54927050,역시나 화끈거림+따가움 느껴졌습니다 ㅜㅜ
1671,review,oliveyoung,oy:A000000184352,건조,불만,0.4,2026-01-15,2026-01,A000000184352/54393574,건조해서 못바르겟음..겨울철이라 그런가..여름엔 어떨지 모르겟네요
1672,review,oliveyoung,oy:A000000184352,눈시림,불만,0.4,2025-12-10,2025-12,A000000184352/52928927,다른선크림은 눈시림이 심해서 너무불편해서 유투버지냐님 광고보고 혹해서 일단 속는샘치고 처음사봤어요
1673,review,oliveyoung,oy:A000000184352,눈시림,만족,0.4,2025-12-10,2025-12,A000000184352/52928927,눈시림만이라도없다면 쭉 사용할예정입니다~
1675,review,oliveyoung,oy:A000000184352,밀림,불만,0.4,2025-12-03,2025-12,A000000184352/52384661,바르고 화장하면 좀 밀릴 때가 많아요
1678,review,oliveyoung,oy:A000000184352,트러블,불만,0.4,2025-11-27,2025-11,A000000184352/51914955,살짝 트러블올라오는늠김
1679,review,oliveyoung,oy:A000000184352,자극따가움,불만,0.4,2025-11-06,2025-11,A000000184352/51085514,내 피부엔 따갑게 느껴져서 피부 예민한 남동생한테 줬더니 순하다고 잘 씀
1680,review,oliveyoung,oy:A000000184352,자극따가움,불만,0.4,2025-10-02,2025-10,A000000184352/48973058,피부에 자극이 있는 편인 것 같네요.
1682,review,oliveyoung,oy:A000000184352,답답무거움,만족,0.4,2025-09-25,2025-09,A000000184352/48699957,발림성은 로션 바르는 것처럼 좋고 발랐을 때 답답하지는 않은데...
1683,review,oliveyoung,oy:A000000184352,눈시림,불만,0.4,2025-09-25,2025-09,A000000184352/48699957,눈이 좀 시려요...
1685,review,oliveyoung,oy:A000000184352,끈적유분,불만,0.4,2025-09-13,2025-09,A000000184352/48307791,남자 지성이 쓰기에 유분감이 적기는 한데 바르고 시간 지나면 속건조가 심해져요
1688,review,oliveyoung,oy:A000000184352,끈적유분,불만,0.4,2025-09-02,2025-09,A000000184352/47389137,유분만 애매하게 남은 뭔가 속건쥬 느껴짐.
1691,review,oliveyoung,oy:A000000184352,발림텍스처,만족,0.4,2025-09-01,2025-09,A000000184352/47319744,발림성은 무난해요.
1695,review,oliveyoung,oy:A000000184352,끈적유분,불만,0.4,2025-08-29,2025-08,A000000184352/47106277,화잘먹템이라서 샀는데 화장은 확실히 잘먹는데 제가 건성 혹은 수부지인데도 바른뒤에 화장하면 좀 유분기 돌음 그래서 재구매는 안할듯 좀 비싸기도 해서
1696,review,oliveyoung,oy:A000000184352,자극따가움,불만,0.4,2025-08-24,2025-08,A000000184352/46792300,개인적으로 사용했을 때 자극이 많이 느껴지고 바로 열감이 올라와서 자주 사용하지 못하고 방치되고 있어요 ㅠㅠ
1697,review,oliveyoung,oy:A000000184352,트러블,불만,0.4,2025-08-16,2025-08,A000000184352/46461039,바르자마자 일분되지도않아서 따끔거리고 뭐가 올라오길래 바로 씻어냇어요.
1699,review,oliveyoung,oy:A000000184352,끈적유분,불만,0.4,2025-08-16,2025-08,A000000184352/46461039,그리고 촉촉하나 기름이 오지게.
1701,review,oliveyoung,oy:A000000184352,기타불만,만족,0.4,2025-08-01,2025-08,A000000184352/45896268,수분크림처럼 엄청 촉촉하게 잘 발리고 끈적임도 없고 좋은데 갑자기 어느 순간부터 입구부분이 터져?
1703,review,oliveyoung,oy:A000000184352,기타불만,불만,0.4,2025-08-01,2025-08,A000000184352/45896268,흘러있고 이거 어디다가 이야기해야대요?
1706,review,glowpick,gl:190749,건조,만족,0.0,2026-08-18,2026-08,190749/7857032,허니 바나나 수분막 때문에 선에센스처럼 묽게 발리고 수분에센스처럼 촉촉하구 부드럽게 발려서 건조하시거나 텁텁함 없이 자연스러운 톤업 원하시는 분들께 추천해요💛
1707,review,glowpick,gl:190749,끈적유분,불만,0.0,2026-08-18,2026-08,190749/7856915,"여름철은 특히나 더 선크림이 중요한 시기인데 사실 중요한걸 알아도 끈적이는 느낌이라 바르기 싫을 때가 많은데, 이 제품은 세럼처럼 발리고 전혀 끈적임이 없는데 그렇다고 속건조가 생기는거도 아니라서 설명하신 그대로 화잘먹 선크림이에요."
1708,review,glowpick,gl:190749,향,불만,0.0,2026-08-18,2026-08,190749/7856915,약간 연고 냄새같은게 나는데 오히려 향료 안넣은거 같아서 마음에 들어요.
1709,review,glowpick,gl:190749,끈적유분,불만,0.2,2026-08-18,2026-08,190749/7856908,"​민감성에 건성, 각질까지 있어서 요즘 같이 덥고 습한 날에는 유분은 올라오고 화장은 들떠서 고민이 많았습니다."
1710,review,glowpick,gl:190749,끈적유분,만족,0.2,2026-08-18,2026-08,190749/7856908,"기존에 쓰던 제품들에 비해 유분기가 과하지 않고 적당해서, 정량을 채워 바르느라 듬뿍 얹어도 겉돌지 않고 쏙 흡수됩니다."
1711,review,glowpick,gl:190749,자극따가움,불만,0.2,2026-08-18,2026-08,190749/7856908,"​민감성 피부라 자극을 가장 걱정했는데 눈 시림은 전혀 없었고, 따갑거나 간지러운 느낌도 없었습니다."
1712,review,glowpick,gl:190749,트러블,만족,0.2,2026-08-18,2026-08,190749/7856908,하루 동안 메이크업하고 외부 활동까지 하고 왔는데도 트러블 하나 올라오지 않고 편안했어요.
1713,review,glowpick,gl:175474,백탁,만족,0.0,2026-08-18,2026-08,175474/7856849,조선미녀 아쿠아 선크림 백탁도 없고.
1714,review,glowpick,gl:175474,끈적유분,만족,0.0,2026-08-18,2026-08,175474/7856849,눈사람도 없고 끈적이지않아 좋았어요
1715,review,glowpick,gl:190749,백탁,만족,0.0,2026-08-18,2026-08,190749/7856808,"백탁현상 전혀 없어서 얼굴 뿐만 아니라 목, 뒷목에 펴발라도 옷에 묻어 나오는 것 없어서 편하고 끈적거림도 없어요."
1716,review,glowpick,gl:190749,끈적유분,불만,0.0,2026-08-18,2026-08,190749/7856808,제가 건성이라서 그런지 막 유분기 많은 모습 보다는 적당히 윤기 있어서 보이게 광이 돌아서 마음에 들었습니다.
1717,review,glowpick,gl:190749,끈적유분,만족,0.0,2026-08-18,2026-08,190749/7856787,바를 때 끈적이지 않고 쫀득하게 피부에 딱 밀착되면서 자연스러운 광이 돌아요.
1718,review,glowpick,gl:190749,밀림,만족,0.0,2026-08-18,2026-08,190749/7856787,위에 쿠션 올려도 밀림 전혀 없고 오히려 베이스가 쫀쫀하게 잘 먹어서 요즘 메이크업 전에 무조건 이것만 바릅니다.
1721,review,glowpick,gl:146765,끈적유분,만족,0.4,2026-08-18,2026-08,146765/7856759,엄청 끈적이고 잘 안 발리고… 돈 더주고 좋은 거 살걸 그랬어요ㅠㅠ
1724,review,glowpick,oy:A000000219553,백탁,만족,0.0,2026-08-17,2026-08,149393/7856069,백탁현상 없고 눈시림없고 무향에 가깝고 수분크림처럼 발림성 좋고 화장밀림도 없어서 제 기준 거의 최고의 선크림이라고 생각합니다
1726,review,glowpick,oy:A000000261603,눈시림,만족,0.2,2026-08-14,2026-08,190652/7854043,"무기자차라 눈시림 없음, 피부 트러블이나 자국 없음 2."
1727,review,glowpick,gl:190749,눈시림,만족,0.3,2026-08-17,2026-08,190749/7855989,촉촉하고 눈시림이나 따가움도 없었고 피부결정리 흡수도빠르고 약간 프라이머같아서 쿠션발라도 들뜸이없더라구요~
1728,review,glowpick,oy:A000000219553,눈시림,불만,0.2,2026-08-16,2026-08,149393/7855752,가성비 선크림 알아보다가 접했는데 수분 있고 촉촉하게 잘 발렸습니당 눈 시림은 좀 있는편이라 고려 해보셔야할거같아용 화장전에 데일리로 사계절 바르고있습니당
1729,review,glowpick,gl:190749,백탁,만족,0.2,2026-08-16,2026-08,190749/7855516,진득함보다는 촉촉하고 쫀쫀한 느낌인데 백탁이 없어서 남자분들도 사용하기 좋다고 느껴고 화장밀림없이 베이스가 잘 먹어서 좋았어요!
1730,review,glowpick,gl:190749,향,불만,0.2,2026-08-16,2026-08,190749/7855516,다만 냄새는 조금 꼬시롱한 느낌..?ㅎㅎ
1731,review,glowpick,gl:190749,끈적유분,불만,0.2,2026-08-16,2026-08,190749/7855516,수부지에 가까운 피부인데 조금 유분감이 느껴지는 느낌이라 건성분들이 제일 잘 맞을 것 같습니다!
1732,review,glowpick,gl:190749,끈적유분,만족,0.1,2026-08-20,2026-08,190749/7857723,촉촉하게 잘 발리고 끈적이지 않아서 피부가 편하더라구요
1733,review,glowpick,gl:175474,백탁,만족,0.5,2026-08-20,2026-08,175474/7857630,"완전 가벼운 맑은 로션제형이어서 발림성도 좋고, 촉촉하고 백탁이나 눈시림없이 정말너무 좋은데요...."
1734,review,glowpick,gl:175474,밀림,불만,0.5,2026-08-20,2026-08,175474/7857630,저만 때밀림현상 생기나요?ㅠㅠ
1737,review,glowpick,gl:175474,밀림,불만,0.5,2026-08-20,2026-08,175474/7857630,가끔 화장실가면 얼굴에 뭉쳐서 떡져가지고 밀려나오고 있더라구요
1739,review,glowpick,gl:175474,답답무거움,만족,0.5,2026-08-20,2026-08,175474/7857630,기초를 많이바르거나 두껍게 바르는것도 없어요.
1744,review,glowpick,gl:159039,백탁,만족,0.2,2026-08-20,2026-08,159039/7857559,"백탁이 잇진 않은 것 같고, 촉촉하고 가벼워서 사용하기 좋앗어요"
1747,review,glowpick,oy:A000000219553,백탁,만족,0.0,2026-08-20,2026-08,149393/7858191,백탁이 없는 선크림 찾는분들한테 추천드려요~
1748,review,glowpick,oy:A000000219553,백탁,만족,0.0,2026-08-20,2026-08,149393/7858191,우선 퍽퍽하게 발리는 선크림이랑 하얗게 뜨는 선크림에 넌더리가 나서 이 구달 선크림 샀는데 향도 크게 없고 눈시림도 없이 부드럽게 발리면서 흡수가 빠르게 되는 선크림이어서 화장전에 바르기에 부담없이 사용하고있어요!
1750,review,glowpick,oy:A000000261603,건조,만족,0.3,2026-08-20,2026-08,190652/7858472,제 피부 올렸을때는 다소 건조하다고 느껴져서 손이 잘 안가네요 ㅜㅜㅜ
1751,review,glowpick,oy:A000000261603,건조,불만,0.0,2026-08-21,2026-08,190652/7858659,그리고 이게 매트하긴 한지 실키스테이 + 파우더 조합해도 건조하다고 못느꼈는데 이건 파우더 전체적으로 싹 해줬더니 건조해서 당기긴 하더라구요
1754,review,glowpick,oy:A000000202446,백탁,불만,0.5,2026-08-21,2026-08,172572/7858673,낯빛만 조금 하얘지면 좋겠다
1757,review,glowpick,oy:A000000206826,백탁,불만,0.1,2026-08-21,2026-08,163778/7859040,"성분도 괜찮고, 발림성 좋고, 백탁이 있긴 하지만 너무 심한 편은 아니어서 올 여름 정말 잘 사용했어요"
1758,review,glowpick,oy:A000000206826,발림텍스처,불만,0.1,2026-08-21,2026-08,163778/7859040,다만 무기자차 특성상 기초제품 바를 때 유의점이 있는데 질감이 약간 묵직하고 되직한 로션 또는 크림과는 상생이 안 맞습니다.
1759,review,glowpick,oy:A000000206826,백탁,만족,0.0,2026-08-21,2026-08,163778/7858745,백탁도 심하지 않고 자얀스럽게 발랴서 더 좋앗음
1760,review,glowpick,oy:A000000184352,백탁,만족,0.0,2026-08-21,2026-08,164747/7859163,백탁 ㄴㄴㄴ 눈시림 ㄴㄴㄴ 선크림 느낌 안 나구 촉촉한 수분크림 같아유
1761,review,glowpick,oy:A000000219553,끈적유분,만족,0.0,2026-08-22,2026-08,149393/7859290,"기본적으로 성분을 먼저 보게 되는데 성분 괜찮고, 얼굴이 막 기름지게 올라오는 느낌도 없어서 화장할 때 잘 유용하게 쓰고 있어요!"
1762,review,glowpick,oy:A000000206826,트러블,만족,0.2,2026-08-22,2026-08,163778/7859852,자극 없고 트러블이 나거나 하지 않았어요!
1763,review,glowpick,gl:159039,끈적유분,불만,0.2,2026-08-23,2026-08,159039/7859925,저는 끈적이는거 너무 싫어하는데 이 제품은 그렇지 않았어요!
4589,yt_comment,youtube,,건조,불만,2,2026-03-22,2026-03,TQMQyee-8fk/UgyN_kdN9gX0oFtAw-t4AaABAg,보니 선크림이나 화장을 지울 때 꼭 2차 세안을 해주는데 아무래도 피부가 건조하다
4590,yt_comment,youtube,,백탁,불만,0,2026-08-16,2026-08,YP7XpR-p7as/UgzD-FcMmj8aEYwPT4l4AaABAg,피부가 예민할 때도 부담 없이 사용할 수 있는 선크림이라니 느무 기대돼욤…..🧡 특히 무기자차 특유의 두꺼운 발림이나 백탁이 고민이었는데 촉촉하고 얇게 톤 보정되는 점이 너무 궁그매여!
4591,yt_comment,youtube,,끈적유분,불만,2,2026-08-08,2026-08,fmOyo1DyAkg/UgxrzNp4x9YaFuwMh6p4AaABAg,기존에 쓰고 있는 썬크림이 유분이 좀 있어서요
4592,yt_comment,youtube,,눈시림,불만,1,2026-08-08,2026-08,fmOyo1DyAkg/UgwBpt3CMCauKUe2jhF4AaABAg,눈시림때매 눈가엔 암것도 못발랐는데 눈시림없다해서 사본 선크림들이 죄다
4593,yt_comment,youtube,,향,불만,1,2026-08-08,2026-08,p8tY81ssP4I/Ugys7_W3dO3blbVY2O14AaABAg,그냥 던생복숭아 냄새 경동제약 선스틱도 좋고 브레이 착색도 예쁘고..
4594,yt_comment,youtube,,트러블,불만,0,2026-08-20,2026-08,TGto53yWF8E/Ugykve8V3tXLt2UHO814AaABAg,지성+트러블성 피부인데 무기자차 선크림 1차 세안으로 클렌징 젤은 어떤가요 ?
4597,yt_comment,youtube,,끈적유분,불만,3,2026-08-09,2026-08,K4YNVb6Eg3k/UgzEcbces0EPkb87cEF4AaABAg,습할때 끈적임 썬크림 극혐😂
4599,yt_comment,youtube,,끈적유분,불만,0,2026-08-11,2026-08,K4YNVb6Eg3k/Ugz719LbBo4uLq7XNQh4AaABAg,특히 PDRN 선크림은 바를 때 수분 에센스처럼 촉촉하고 가볍다고 하셔서 끈적임 싫어하는 제 피부에도 부담 없이 데일리로 바르기 딱 좋을 것 같아요.
4600,yt_comment,youtube,,백탁,만족,0,2026-08-11,2026-08,K4YNVb6Eg3k/Ugz719LbBo4uLq7XNQh4AaABAg,"그리고 블루 페더 선스크린은 무기자차 특유의 동동 뜨는 백탁 없이 자연스럽고 맑게 톤업되는 데다가, 평소에 화면 많이 보는 날 가볍게 바르기 좋은 블루라이트 차단 기능까지 들어있다니 진짜 센스 넘치는 제품이라고 느껴졌어요!👍👍 두 제품 다"
4601,yt_comment,youtube,,백탁,불만,0,2026-08-11,2026-08,RxIebNLsBWk/UgyX0OUdTBKuChGom2p4AaABAg,"💙선크림 좋아, 노화 싫어💙 요즘 자외선 차단은 진짜 꼬박꼬박 챙기려고 하는데 백탁 심한 무기자차는 손이 잘 안 가더라구요ㅠ"
4602,yt_comment,youtube,,건조,만족,0,2026-08-11,2026-08,RxIebNLsBWk/UgyX0OUdTBKuChGom2p4AaABAg,수부지라 속건조도 걱정되는데 저녁까지 건조하지 않다니 기대됩니다✨ ㅜ!!!!피부가 예민한 편이라 순하게 사용할 수 있는 선크림 찾고 있었는데 꼭 한번 써보고 싶어요!
4604,yt_comment,youtube,,건조,불만,0,2026-08-11,2026-08,RxIebNLsBWk/Ugx2QXWz3AmEQ0cOk8l4AaABAg,아토피인인데 선크림들이 시간이지나면 건조해져서 여러개 버려서요 ㅜ
4605,yt_comment,youtube,,용량가격,만족,0,2026-08-11,2026-08,RxIebNLsBWk/UgyL9kKi8n44LOZwtOR4AaABAg,"💙선크림 좋아, 노화싫어💙 최근에 선크림의 중요성을 깨달아서 열심히 바르고 있는데 마침 이렇게 좋은 선크림을 좋은 가격에 살 수 있게 되어서 너무 좋아요ㅜㅜ"
4606,yt_comment,youtube,,발림텍스처,만족,0,2026-08-11,2026-08,RxIebNLsBWk/Ugy5TVNpnA76qtUVcct4AaABAg,"💙선크림 좋아, 노화 싫어💙 선크림 비교 영상 보고 마일드랩이 성분도 순하고 발림성도 좋다고 하셔서 사려고했는데 !!아무곳에서도 구매할수없어서 너무 아쉬웠어요!"
4607,yt_comment,youtube,,백탁,불만,0,2026-08-11,2026-08,RxIebNLsBWk/UgxjEx9Yb4xfO6CKuI14AaABAg,"끈적임, 백탁 싫어해서 선크림 잘 못 바르는 1인인데,, 설명을 너무 잘 해주셔서 믿고 도전합니당."
4608,yt_comment,youtube,,답답무거움,불만,1,2026-08-11,2026-08,RxIebNLsBWk/Ugyz9AsCWYXg5rjPw7x4AaABAg,선크림 바르기 정말 귀찮고 답답하지만 좋은 제품 구한 만큼 이번에는 잘 발라보려 합니다💙
4609,yt_comment,youtube,,끈적유분,불만,3,2026-06-22,2026-06,6EF-MG7hnvs/UgzsL6ms42Md4j9LmvJ4AaABAg,식물나라에서 자외선 차단 립 에센스 나왔는데 7800원이에요 SPF50+ PA ++++ 단점은 좀 많이 기름지고 맛이 좀 씁쓸해요
4611,yt_comment,youtube,,끈적유분,불만,0,2026-04-22,2026-04,NobQ4P8lCfc/Ugyyjfl5PKUUaTtaoU94AaABAg,"제가 몽몽님처럼 지성 피부라 개기름 잡는 선크림에 관심이 많았는데, 유분기 싹 잡아준다는 평을 들으니 올여름 필수템이 될 것 같아 너무 궁금합니다!"
4612,yt_comment,youtube,,백탁,불만,0,2026-04-22,2026-04,NobQ4P8lCfc/UgzSV1yG5DtZhW-mwCV4AaABAg,기름종이선크림 완전뽀송에 백탁..건성인 저는 감사하게 패스합니다
4626,yt_comment,youtube,,끈적유분,불만,4,2026-04-23,2026-04,XxleeRPFCrI/UgzxpwrS-2eauea4anF4AaABAg,"아침엔 수분위주 + 선크림 / 저녁은 나이아신 + 레티놀 (격일로 각각 사용)하면서 봄 , 여름은 약간의 유분 + 수분위주 크림 / 가을 , 겨울은 장벽크림 쓰니 피부가 광택나고 좋아졌어요."
4627,yt_comment,youtube,,답답무거움,불만,1,2026-08-08,2026-08,svELk5zeHMY/Ugzw9cnaPNiVsucRDq54AaABAg,우리때만 하더라도 답답하고 귀찮아서 선크림을 바르지 않았는데 요즘 아이들은 지하철에서 아무렇지 않게 선크림을 바르더라고요.
4628,yt_comment,youtube,,백탁,불만,0,2026-08-08,2026-08,svELk5zeHMY/UgyK9p46vNio74exBdx4AaABAg,13:07 저도 처음엔 당연히 선크림이 가장 먼저 나올 줄 알았는데 메디님이 백탁 유무나 피부톤에 따라 호불호가 갈릴 수 있다고 짚어주신 부분이 정말 신선했어요!
4629,yt_comment,youtube,,끈적유분,불만,0,2026-08-01,2026-08,LLHh9QbYhRw/UgzrfoxZ7KmC7SwSwZ54AaABAg.AZiy1OGSCSOAZj67MV_LbS,@군긍-04n 저두 첨에 잘 못쓰겠어서 처박템이었는데 각질 제거 잘해주고 베이스 프렙 후에 유분 많이 나오는 부분만 선크림 바르듯이 손으로 발라주니까 괜찮더라구요!!
4630,yt_comment,youtube,,백탁,불만,0,2026-08-08,2026-08,svELk5zeHMY/UgxT5uxK0zO3swpfStB4AaABAg,모두에게 필요한 선크림마저도 인종과 피부 톤에 따라 백탁 현상 때문에 누군가에게는 안 맞을 수 있다는 피드백을 보고 유레카를 외쳤습니다.
4631,yt_comment,youtube,,답답무거움,만족,0,2026-08-08,2026-08,svELk5zeHMY/Ugz28azSS029v0STCaV4AaABAg,"저도 어릴 땐 선크림 답답해서 절대 안 발랐는데, 요즘 애들 피부 좋은 이유가 다"
4632,yt_comment,youtube,,끈적유분,불만,24,2026-08-08,2026-08,4U2y0LAOJRM/UgyL7W0fAjbT4TXkuZ14AaABAg,선크림 바르고 차단 되고있는건지 아닌건지 진짜 궁금했고 닦였는지도 궁금했는데..아크릴판 유분 진짜 ..신박 저래서 잘 세안 안되면 트러블 난거였군..
4633,yt_comment,youtube,,트러블,불만,8,2026-08-08,2026-08,4U2y0LAOJRM/UgzjnUhEuCn99MF7gC14AaABAg,무기자차 선크림 아침에 바르고 오후 6시쯤 일 끝나고 안씻고 운동해도 트러블 측면에서 괜찮은지 아니면 무조건 씻고 운동 시작해야하는지 궁금합니다
4634,yt_comment,youtube,,지속력워터,만족,0,2026-08-11,2026-08,4U2y0LAOJRM/UgyzEGHhobqzdQY-qRJ4AaABAg.A_D_nXJV_d5A_KAVygbcFD,유기자차 또한 모두 지워진 듯 하지만 선필터가 남아 유브이 카메라로 확인되는걸 확인 할 수 있고 무기자차나 워터프루프도 선크림과 세안제가 어떤 제품인지에 따라 결과가 달라 딱 단정지어서 형태에 따라 분류할 수 없을 것 같아요
4635,yt_comment,youtube,,트러블,불만,17,2026-08-01,2026-08,yMQPycCxoKI/UgxSUNViY6dSLg1RdxR4AaABAg.AZPARfyxJISAZn9kxGa31W,피부과의사들도 트러블피부나 예민피부 아니면 자외선차단제는 꼭 바르라는건데 방구석전문가ㅋㅋ
4636,yt_comment,youtube,,트러블,만족,12,2026-07-22,2026-07,yMQPycCxoKI/UgyluDye5NXUVNnBmVN4AaABAg,바르고 트러블 없으면 그냥 그 썬크림 계속 쓰시라는 말씀 유트브 에서 피부과 의사가 추천하는 썬크림 베스트5 이런건 해당 피부과 의사한테 베스트 5 인거지 모두에게 베스트 5 가 아닙니다
4637,yt_comment,youtube,,트러블,불만,33,2026-07-22,2026-07,yMQPycCxoKI/UgzHb4-wQ_GGdyB6Ctl4AaABAg,무기자차나 선스틱 바르면 트러블 나요!
4638,yt_comment,youtube,,답답무거움,불만,1,2026-08-01,2026-08,yMQPycCxoKI/UgyODwjMXYA-wOj8dvx4AaABAg,썬크림바르면 씻어내기도 힘들고 답답하고 자극적이라서..
4640,yt_comment,youtube,,트러블,불만,0,2026-08-17,2026-08,yMQPycCxoKI/UgwJwHQ3-J0FNgHu4OV4AaABAg.AZzSiycKOq6A__3xGzXFPN,전 썬크림 평생 안바르다 3-4년전부터 발랐어요.썬크림 매일 바르면 피부가 안좋아지는거 공감해요 😂 하지만 자외선 차단은 필요한거 같더라구요.
4642,yt_comment,youtube,,향,불만,623,2026-01-22,2026-01,O17sbNrKAJk/Ugy_Om5RRYyqLZKiJSd4AaABAg,냄새에 둔한 편이라 헤라 선크림 써보고 싶네용!!
4643,yt_comment,youtube,,건조,불만,0,2026-07-22,2026-07,JyH7eirV8Rk/Ugy6uFRZqAnmerEwSyh4AaABAg,선크림 특유의 서걱거림과 건조함이 싫어용 ㅜㅜ
4644,yt_comment,youtube,,끈적유분,불만,0,2026-08-06,2026-08,UsQtP5Cp4Qg/Ugy6_uamiRqzCAQbEO94AaABAg,수부지 유분많고 예민해서 잘 뒤집어 지는 피부를 가진 제가 💙육각형 수분 선크림💙으로 정착할 수 있을까요?!!
4645,yt_comment,youtube,,자극따가움,불만,0,2026-08-06,2026-08,UsQtP5Cp4Qg/UgzqRs28MMsc6Cy_KnR4AaABAg,항암중이라 피부가 너무 민감해서 선크림바르기만 해도 따가워요.ㅜㅜ이건 괜찬을까요?공구때 사봐야겠어요~😊😊
4646,yt_comment,youtube,,트러블,불만,0,2026-08-07,2026-08,UsQtP5Cp4Qg/UgzUhERgHwQPWrlqZyl4AaABAg,"저 민감성 수부지에 지금 모낭염으로 고생중인 데,,,순한 선크림만 바르고 있어도 밤에 트러블이 오도도 올라와서 이 선크림 너무 궁금해요...!!"
4647,yt_comment,youtube,,답답무거움,불만,0,2026-08-06,2026-08,UsQtP5Cp4Qg/UgyFfu0uLG0Wa8C6BSV4AaABAg,아기는 탈까봐 꽁꽁 감춰줄 지언정 엄마는 햇빛 그대로 받으면서도 집에만 있으려니 답답해서 산책 포기 못하죠😂 화장할 시간 당연히 없는데 톤업까지 되는 선크림이라니 더더 써보고 싶어요
4648,yt_comment,youtube,,건조,불만,0,2026-08-06,2026-08,UsQtP5Cp4Qg/UgxweEYPvdFsxj6sMR94AaABAg,"선크림을 바르고 싶어도 얼굴에 더 생겨나는 트러블 때문에 선크림에 정착을 못했어요… 유기자차 쓰면 트러블이 나고, 무기자차 쓰면 너무 건조해져서 더 붉어지고 뜨더라고요"
4649,yt_comment,youtube,,눈시림,불만,0,2026-08-06,2026-08,UsQtP5Cp4Qg/UgxPmNtO0h1ZUtDHlk94AaABAg,연주님이 추천하는거 믿고쓰는데 요새 무기자차 선크림 자주바르는데 보송한거 써도 눈시림도 있어서 운동할때도 선크림 바르고 싶은데 그럴때마다
4650,yt_comment,youtube,,답답무거움,불만,0,2026-08-06,2026-08,UsQtP5Cp4Qg/UgwN-CB0fikCnHKvfcx4AaABAg,선크림을 매일 바르긴 하지만 그냥 아무거나 써서 매번 정착 못하고 이것저것 써보던 사람이에요
4651,yt_comment,youtube,,눈시림,불만,0,2026-08-06,2026-08,UsQtP5Cp4Qg/UgzQYP4w8C1o621f-Dp4AaABAg,잘쓰다가도 눈시림 생겨서 보내주고 첫느낌은 좋다가도 몇번써보면 백탁이나 다른 화장품들이랑 안맞는건지 때처럼 밀려나올때도있구 해서 연주님픽 선크림 사용해보고싶어요😶
4652,yt_comment,youtube,,눈시림,불만,0,2026-08-06,2026-08,UsQtP5Cp4Qg/Ugwadfz-WRVgUkjdvGp4AaABAg,선크림을 발라야하는건 알지만 어떤걸 써도 눈시림이 있어서 눈물이 주룩주룩 나더라구요..
4653,yt_comment,youtube,,끈적유분,불만,0,2026-08-06,2026-08,UsQtP5Cp4Qg/Ugwadfz-WRVgUkjdvGp4AaABAg,그리고 연주님 말씀처럼 끈적거림과 뽀송하면 건조함을 느끼는 민감성+건성이라 진짜 선크림 유목민인데 눈시림 덜하다
4654,yt_comment,youtube,,눈시림,불만,0,2026-08-06,2026-08,UsQtP5Cp4Qg/UgyM3FwD0x2rjSIN4Vt4AaABAg,썬크림 안 바르자니 얼굴 빨갛게 익고 썬크림을 바르니까 눈이 따갑고 다른 순하다는 썬크림은 눈시림이 있어서 못쓰겠더라구요
4655,yt_comment,youtube,,건조,불만,0,2026-08-06,2026-08,UsQtP5Cp4Qg/Ugyd8KFXgvvFYDp_5ml4AaABAg,피부가 민감해서 로션만 잘못발라도 바로 뾰루지 나고 기름은 많은데 또 건조해서 선크림 발랐더니 막 떼처럼 밀려나와서 성인이 된 지금까지도 선크림을 제대로 바르고 다닌 적이 없습니다..
4658,yt_comment,youtube,,답답무거움,불만,0,2026-08-07,2026-08,UsQtP5Cp4Qg/UgxkR3DnX4o6okKpo8p4AaABAg,"💙육각형 순둥 선크림💙 민감성이라 무기자차도 잘못 쓰면 답답하거나 백탁 때문에 손이 안 가는데, 에어리한 사용감에 백탁도 거의 없다고 해서 너무 궁금해요!!🥹 눈시림도 없고 성분까지 순하다고 하니 꼭 직접 써보고싶어요😊"
4659,yt_comment,youtube,,자극따가움,불만,0,2026-08-06,2026-08,UsQtP5Cp4Qg/UgzHerCFmFNrvJ0Yf154AaABAg,선크림 무기자차도 무서워서 1년에 3~4번밖에 못바르다가 올여름 자외선이 따가울정도길래 유명한제품 3개사서 바르고 다
4660,yt_comment,youtube,,자극따가움,불만,0,2026-08-06,2026-08,UsQtP5Cp4Qg/Ugzhm22dPjMnlaAfVeB4AaABAg,💙육각형 순둥 선크림💙 요즘 뭘 발라도 얼굴이 따가웠어요 ㅠㅠ
4661,yt_comment,youtube,,자극따가움,불만,0,2026-08-07,2026-08,UsQtP5Cp4Qg/UgynfXj10zc5KATLf354AaABAg,썬크림 바르면 따가워서 잘 못 바르고 있는 쿠키 입니다ㅠㅠ
4662,yt_comment,youtube,,자극따가움,불만,0,2026-08-07,2026-08,UsQtP5Cp4Qg/UgynfXj10zc5KATLf354AaABAg,항상 이번에는 성공하겠지 하며 사지만 실패로 돌아와서 그냥 따가워도 참고 선크림 바르고 있는 중이에요.
4663,yt_comment,youtube,,백탁,불만,0,2026-08-06,2026-08,UsQtP5Cp4Qg/UgwaCUe5pDBGCvBT1ap4AaABAg,"아무리 가벼운 무게감에 백탁 심하지않고 유분기 많이 안올라온다고해도 화장품이 한겹 올라간듯한 두꺼운 느낌, 파운데이션을 더 올려도되나싶은 백탁과 유분기가 느껴지더라구요,, 얼마전에 연주님이 💙육각형 순둥 선크림💙마일드랩 선크림 추천하셨길래 이건 한번 속는셈치고 써봐야겠다고 생각해서 올영장바구니에 넣어놨어요ㅎㅎ"
4664,yt_comment,youtube,,눈시림,불만,0,2026-08-06,2026-08,UsQtP5Cp4Qg/UgwGCgPXwzvCi4QfcG14AaABAg,육각형 순둥 선크림 ✨ 저는 피부가 정말 민감하고 특히 눈시림이 너무 심해서 선크림 고르기가 쉽지 않았습니다.
4665,yt_comment,youtube,,눈시림,불만,0,2026-08-06,2026-08,UsQtP5Cp4Qg/UgwGCgPXwzvCi4QfcG14AaABAg,"😊 연주님이 무기자차 선크림 15개를 직접 비교하고 1등으로 꼽은 이유가 너무 궁금하고, 특히 눈시림·사용감·순한 성분까지 다"
4666,yt_comment,youtube,,건조,불만,0,2026-08-06,2026-08,UsQtP5Cp4Qg/Ugzkz-08LIBc1VW_bYZ4AaABAg,한여름에 선크림 자주 발라야한다고 해서 2~3번 덧바르니 건조해서 며칠전에 발림성 좋고 수분감이 좋다는 유기자차를 샀는데 눈따갑고 아파서 중지했어요.
4667,yt_comment,youtube,,백탁,불만,0,2026-08-06,2026-08,UsQtP5Cp4Qg/Ugz5Ia6xUNSuvd8V36R4AaABAg,"우와🫶🏻🫶🏻🫶🏻 💙육각형 순둥 선크림💙 저는 선크림 매일 연주님이 알려주신 양으로 바르고 있는데, 백탁 때문에 항상 얼굴이 둥둥 뜨더라구요ㅠㅠ"
4669,yt_comment,youtube,,백탁,만족,1,2025-12-22,2025-12,x2tusuUFa5c/Ugwwk-D0AfSqsfPvNpx4AaABAg,백탁없는 유기자차 선크림이나 보송해지는 선스틱을 바른 얼굴 위에 1~3시간정도 지난 후 크림을 그 위에 발라도 상관 없을까요?
4670,yt_comment,youtube,,밀림,만족,0,2026-08-08,2026-08,r7dPVMAYN1w/UgzyDnrCy0y9kMf716R4AaABAg.A_1l0aCHmjEA_1xUS98Rqa,넹❤ 화장 밀림 없이 선크림 바르는 법 롱영상 있으니 꼭 봐주세요!
4671,yt_comment,youtube,,눈시림,만족,13,2026-08-18,2026-08,_UP4tD6EmMM/Ugw3jmTYZQlnHJlsUnl4AaABAg,"눈두덩이에 발라도 눈 시림이 없었고, 또 중요한 선스틱사용 후 메이크업!"
4673,yt_comment,youtube,,끈적유분,만족,5,2026-08-17,2026-08,_UP4tD6EmMM/UgwmA16su6_3t5dROOt4AaABAg,"야외 촬영도 많이 하고 축구도 자주 하고 얼마 전에 공지채널에서 무대 조명 아래에서도 잘 타는 것 같다고 말해준 적이 있는데, 이런 오빠에게 비레디 선스틱이 좋을 것 같다고 생각합니다!☺️ 끈적임도 없고 눈시림도 없는데다가 방수까지 된다니 더더욱 좋을 것 같아요."
4674,yt_comment,youtube,,자극따가움,불만,3,2026-08-17,2026-08,_UP4tD6EmMM/Ugy7OQODRDEd09dAn_R4AaABAg,"전 선스틱이요!!.,!!!!☀️실내 복싱🥊부터 야외 축구⚽️까지 덥고 따가운 여름철에 야외활동 많은 두준이에게 얼굴부터 놓치기 쉬운 뒷목까지 쉽고 편하게 바를 수 있을 것 같아용😄"
4677,yt_comment,youtube,,자극따가움,만족,2,2026-08-17,2026-08,_UP4tD6EmMM/UgyGMnlrapVHHhC6bgx4AaABAg,5:57 두준이와 젤 잘 어울리는 건 선스틱이욤💙 미남두준 피부까지 미남인데 축구좋아 복싱좋아 미남의 피부를 한 여름 강렬한 햇빛에 안 타게 해주니까 감사드리고 땀 많이 흘려도 눈 안아프게 해줘서 넘 고마우시고 백탁 없어서 또 땡큐이시고 방수도 된다니 두준pick 될 수 밖에 없죠👏🏻 두준이는 원래 본인 입술색도 이뻐요💙 (아모레 선생님들께서 두주니 모델로 모셔주시면 정말 넘넘 좋겠눈뎅💙)
4678,yt_comment,youtube,,기타불만,만족,1,2026-08-18,2026-08,_UP4tD6EmMM/Ugyhz322L5AKFW3zh0B4AaABAg,"원래도 입술이 예쁜데 거기 코팅만 해주는 수준이라서 감흥이 별로 안왔는데 선스틱 경우는 제가 사실 선스틱 불호파 가깝고 선크림도 귀찮아서 안바를때가 많았는데, 그냥 피부 좀 타고 말지~"
4680,yt_comment,youtube,,트러블,불만,0,2026-05-22,2026-05,RAhORo-MGiI/UgwyYkgomHbOLls34694AaABAg,선크림바르고 신경안쓰면 트러블이 올라오는데 타고난피부 부럽습니다ㅜ.ㅜ
4681,yt_comment,youtube,,답답무거움,불만,0,2026-05-22,2026-05,8j88EBbZmpA/UgymUQVkPDqI7gACrZV4AaABAg,"피부가 연약해서 아무거나 사용못하는데 조선미녀는 선크림 진짜 순하고 좋던데, 탄력 크림도 순한 레티놀 제품이라니 믿고 한 번 사용해봐야겠네요~"
4683,yt_comment,youtube,,자극따가움,불만,4,2025-11-22,2025-11,VoFzRn7c1JY/Ugz6ELkFmNyaQkiP2T54AaABAg,썬크림 지우고나면 피부가 자극적인것 같고 꼭 한두개씩 트러블 생기더라고요..
4685,yt_comment,youtube,,끈적유분,불만,3,2025-08-22,2025-08,6VclTIn1mb4/UgyBKvNxCcDnj85CYvx4AaABAg.AM58E-Eu4TKAM5X_O4vEde,"사춘기 그 나이때 관리 잘 해줘야 하는데 “살리실산이 함유된 로션” 을 발라주면 블랙헤드, 유분기 조절되서 모공 관리 피지 관리 됩니다.“ 클렌징은 자외선 차단제를 어떤 종류를 사용하느냐?에 따라 달라지는데 대체적으로 클렌징 오일 사용하면 강력한 자외선 차단제도 잘 지을 수 있습니다."
4686,yt_comment,youtube,,기타불만,만족,1,2025-08-22,2025-08,aaEfaaqyY8Y/UgxPBqwQiNW-DwoMezh4AaABAg,선크림 지우는 클렌징 폼이나 바디샤워가 별로 없어서 엄청 검색해서 사서 쓰고 있거든요😮 정말 필요한 영상 감사합니다!
4687,yt_comment,youtube,,트러블,만족,1,2025-08-22,2025-08,aaEfaaqyY8Y/UgxPBqwQiNW-DwoMezh4AaABAg.ALUEtzXrVQYALUalnUQo0R,몇년째 선크림만 바른날은 워터로 1차로 닦은뒤 폼클로 마무리하는데 피부 뒤집어지거나 한적 전혀 없습니다~!
4689,yt_comment,youtube,,자극따가움,만족,0,2026-05-22,2026-05,8j88EBbZmpA/Ugy6ohVmrX8cuWuB5ON4AaABAg,요즘에 햇볓 진짜 여름같이 강하더라고요☀️ 선크림 발라도 여름에는 꼭 미백 세럼을 사용하는 편인데 유세린 특허 성분이 들어간 티아미돌 부스터 세럼은 비타민C처럼 자극적임이라던지 기름짐 없이 피부 톤을 균일하고 화사하게 만들어줘서 너무 좋아보여요✨️
4692,yt_comment,youtube,,트러블,불만,0,2026-04-22,2026-04,e90MVcuVgUg/UgxxEy1YUJhQ_lI8Y_Z4AaABAg,구달 어성초 수분 선크림 쓰는데 귀찮아서 세안 안하고 잘 때도 트러블이 진정되어 있을 때가 많더라구요
4694,yt_comment,youtube,,끈적유분,불만,0,2026-06-20,2026-06,mWs5t97ObKE/UgxVzS-rBPXjg1Weaih4AaABAg.AXPq-mIxB2qAXYHsx_xPhD,선크림은 유분많아 오일로 한번하고 비누하세요 2중으로..
4695,yt_comment,youtube,,트러블,불만,1,2026-04-22,2026-04,WB0-UoROeQo/Ugy9t429mfoQGz-QvJl4AaABAg,와 선크림 트러블 난다고 환불해달라 했는데 댓글 삭제 하셨네요ㅠㅠ
4697,yt_comment,youtube,,답답무거움,만족,6,2026-04-22,2026-04,K2__pDe8FNI/Ugwt5_Svs67WFGPYGw14AaABAg,선크림 특유의 냄새도 없고 얼굴이 답답하지도 않고 가볍고 편안해요!!
4698,yt_comment,youtube,,눈시림,만족,0,2026-03-22,2026-03,K2__pDe8FNI/UgwA_h-ckVCKmWIH9z94AaABAg,무기자차 선크림 눈시림 내용은 없네요ㅜㅜ
4699,yt_comment,youtube,,눈시림,만족,0,2026-03-22,2026-03,K2__pDe8FNI/UgwA_h-ckVCKmWIH9z94AaABAg,무기자차 선크림은 눈시림 없을까요??
4700,yt_comment,youtube,,트러블,불만,0,2026-03-22,2026-03,K2__pDe8FNI/Ugxg3W2YYRvSuynALqV4AaABAg,최근에 선크림 샀는데 한번쓰고 뒤집어져서 못쓰고 디파님 제품 기다리고 있었어요
4701,yt_comment,youtube,,눈시림,만족,1,2026-03-22,2026-03,K2__pDe8FNI/Ugw0jARMPzwjWVBcgPZ4AaABAg,에뛰드도 무기 유기 할거 없이 정말 잘 사용중인데(눈시림 없는 사람) 디파님 선크림이라니🤩 고생 하셨고 귀한 선크림 잘쓸게요.
4702,yt_comment,youtube,,건조,만족,7,2026-04-22,2026-04,K2__pDe8FNI/UgwTwSn1DiHykbQOPQl4AaABAg,더 써보고 원래 쓰던 에뛰드 공동개발 선크림으로 다시 가야될 수도 하하😂 그치만 무기자차 이렇게 촉촉하고 하나도 안건조하고 발림성까지 좋다니 진짜 좋은거같아요!!
4703,yt_comment,youtube,,톤업색상,만족,2,2026-03-22,2026-03,K2__pDe8FNI/UgxpSWRZn1F8fs9Guph4AaABAg,근데 전 선크림을 정량바르고 싶어 선크림을 데일리로 화장대용으로 쓸수있는 톤업선크림을 좋아하는데 이번 선크림들은 다
4705,yt_comment,youtube,,트러블,불만,1,2026-03-22,2026-03,K2__pDe8FNI/UgxqOvz2o3Iz15sgRkd4AaABAg,제가 지성이라 트러블이 많이 올라오는데 이번 선크림은 지성 트러블 피부도 사용해도 될까요?
4706,yt_comment,youtube,,끈적유분,불만,0,2026-03-22,2026-03,K2__pDe8FNI/UgwnDNsHImDOsIofC-J4AaABAg,제 피부는 디렉터파이님이 전에 추천해주신 코스알엑스 울트라 라이트 인비저블 선스크린 제품을 사용해도 유분감이 있다
4707,yt_comment,youtube,,끈적유분,불만,0,2026-03-22,2026-03,K2__pDe8FNI/UgwnDNsHImDOsIofC-J4AaABAg,"평소 브링그린 티트리라인 토너크림 사용 후 후시다인 더마트러블 징크카밍 선크림 애용해왔었는데요, U존은 적당한, T존은 유분이 선크림을 뚫고 나오는 상황이 벌어졌었습니다."
4708,yt_comment,youtube,,건조,불만,1,2026-05-22,2026-05,K2__pDe8FNI/UgwnTCaSzpDhv7gN98V4AaABAg,"일단 저는 복합성이라 U존이 건조한 편인데, 바르고 금방 외출 가능한 무기자차를 선호해서 수분 라인으로 기초 탄탄하게 잡아준 다음에 선크림를 바르거든요."
4709,yt_comment,youtube,,트러블,불만,1,2026-04-22,2026-04,K2__pDe8FNI/UgyNJjSdhuS68uGY0gF4AaABAg,썬크림 잘 못바르는데(트러블)이건 강추!!
4710,yt_comment,youtube,,자극따가움,만족,5,2026-03-22,2026-03,K2__pDe8FNI/UgypMrPGuTTgqeGAbSZ4AaABAg,디렉터파이님 기미도 심하지만 주사피부염에 복합민감성이라서 선크림 매일 써야하는데 자극이 덜하고 이중세안이 필요없는 이지워시를 원하는데 어떤걸 써야 하나요
4713,yt_comment,youtube,,끈적유분,만족,0,2026-07-22,2026-07,PAUYDV9fMno/UgxXBllNob84T4aGL9x4AaABAg,다이소 선스틱 끈적임없어요
4714,yt_comment,youtube,,눈시림,불만,0,2026-06-22,2026-06,K2__pDe8FNI/UgzRApXTW25aDs_jXjt4AaABAg,자외선 때문에 눈밑 푹 꺼질까 봐 걱정돼서 선크림 바르려고 해도 성분 독하면 눈 시리고 눈물 질질 흘려서 포기했었거든요;; 영상 보고 집에서도 잘 챙겨 발라야겠다
4715,yt_comment,youtube,,백탁,만족,1,2026-03-22,2026-03,K2__pDe8FNI/Ugwh9B_Uq-51myqgAj14AaABAg,"기미때문에 미치겠는데, 쓰던 썬크림에 에칠헥실메톡시신나메이트 들어있었어요..😨 발림성좋고 백탁없어 팔ㆍ다리 다"
4718,yt_comment,youtube,,지속력워터,불만,1,2026-03-22,2026-03,K2__pDe8FNI/Ugyc247NofUC4FJwT3B4AaABAg,선크림은 손에 묻어서 손을 씻어야 하는 불편함이 있어요
4719,yt_comment,youtube,,건조,불만,0,2026-04-22,2026-04,K2__pDe8FNI/Ugy4AND3cO5azplsTE94AaABAg,"최근 피부가 뒤집어져서 AI에게 물어보면서 수정용으로 선스틱, 선쿠션 종류 별로 하나씩 구매해 봤는데 덧바르면 화장이 뜨고 건조하고 퍼프에 먼지 묻고 난리더라고요.."
4720,yt_comment,youtube,,끈적유분,불만,1,2026-04-22,2026-04,K2__pDe8FNI/UgwNpFYnH4HoLdxjt-N4AaABAg,기름기많은 수부지에 썬크림만바르면 트러블이나요(의사쌤말로는 모공막히고 유분도많고 땀도많아서그렇다고함) 유기자차를써야할까요
4721,yt_comment,youtube,,트러블,불만,1,2026-04-22,2026-04,K2__pDe8FNI/UgwNpFYnH4HoLdxjt-N4AaABAg,썬크림만바르면 트러블이나서 피부과의사쌤이차라리 썬크림바르지말라고할정도에요ㅜㅜ
4722,yt_comment,youtube,,트러블,만족,1,2026-04-22,2026-04,K2__pDe8FNI/UgwNpFYnH4HoLdxjt-N4AaABAg,"(둘중하나를택해라 썬크림바르면 노화,탄력 보호받지만 트러블남 안바르면 트러블은안나지만 탄력떨어짐)"
4724,yt_comment,youtube,,트러블,불만,0,2026-04-22,2026-04,K2__pDe8FNI/Ugw8B7InBOSTMfQOAXp4AaABAg,디렉터파이님 제가 썬크림 바르고 계속 트러블이 나는데 환불가능한가요?
4725,yt_comment,youtube,,기타불만,불만,3,2026-03-22,2026-03,4jh_MGQQb14/Ugxgo9IdiYiG6epg2cR4AaABAg,근데 에스트라 무기자차 선크림은 별로일까요?
4726,yt_comment,youtube,,끈적유분,불만,0,2026-08-01,2026-08,4jh_MGQQb14/UgwLp8ckHTc4fssqy514AaABAg,"그나마 일리윤 레드이치 바디워시 유일하게 순하게 맞았으나 등이나 유분기 있는 부분은 세정력이 좀 더 있는 제품으로 하루 걸러서 따로 세정해줬음 안그러면 유분 폭발해서 등드름 폭발😂 아침세안 : 에스트라 아토베리어 포밍클렌저 EX 저녁세안 : 바닐라코 클렌징 밤 손으로 녹여서 포인트 메이크업 위주 꼼꼼히 지우고 손바닥 전체로 살짝씩 눌러가며 온도로 지우기, 유화 단계에서 많이 지워내기+ 에스트라 아토베리어 클렌저 250ml+페이스 타올로 모공에 남아있는 피부메이크업까지 걷어내기 선크림 : 33년 동안 맞는 선크림 못찾음...추천좀 해주세요"
4728,yt_comment,youtube,,트러블,불만,0,2025-08-22,2025-08,pOZ0n-Cosqw/UgyLNPlj2QZTQAvUUSp4AaABAg,저는썬크림한번도바른적이없어요아무리좋다고하는것들은다발라보고나면무조건트러블이일어나피부가다뒤집어지기때문에어떻게해야될까요선생님좀가르켜주시면안될까요??
4729,yt_comment,youtube,,용량가격,만족,2,2025-08-22,2025-08,HKRgghQ3O9Q/UgxA2HAQIi1nfdBJOpF4AaABAg,오우 저도 예전에 수입화장품 선크림만 비싸게 쓰다가 요즘은 닥터지 에스트라 쓰고있는데 추천해주시는거 보니 반갑고 안심?되네요 ㅎㅎ
4732,yt_comment,youtube,,지속력워터,만족,9,2025-10-22,2025-10,HKRgghQ3O9Q/UgxR9SZO9x21eZn1Iul4AaABAg,추천해주신 6개 다 2차세안해야 하는거 같은데 이지워시형으로 1차세안만으로 잘지워지는 선크림도 추천해주세요 ㅜ
4734,yt_comment,youtube,,건조,불만,2,2025-10-22,2025-10,HKRgghQ3O9Q/UgwMEvIcuorcBT9qMD54AaABAg,"닥터지 선크림은 너무 유명해서 쓰고 싶은데, 건성피부에 쓰니까 지인짜 건조해요ㅠㅠㅠ"
4735,yt_comment,youtube,,기타불만,불만,0,2025-08-22,2025-08,HKRgghQ3O9Q/UgwLvL75YaNIN-WD7NV4AaABAg,에스테라레드톤업선크림은 별로더라구요.ㅠ
4736,yt_comment,youtube,,눈시림,만족,65,2025-08-22,2025-08,HKRgghQ3O9Q/Ugxl4p_iUHijlGE2ORN4AaABAg,저두 우연히 공효진님 유튜브보고 선크림 바꿔봤는데 눈시림 없어서 좋더라구요
4738,yt_comment,youtube,,기타불만,불만,0,2025-08-22,2025-08,HKRgghQ3O9Q/UgyxA5fscA52DycLJYF4AaABAg,24펄센ㅌㅡ이상 징크 악사이드 선크림 1그래ㅁ 두번연속 바르고 출근하시면되여 ㅋ 근데 져는 미쿡살아서 차만타고다니니 실제로 밖에서 햇ㅂㅣㅊ 맞을일이 별로 uva 약한데 가서 사세여 인도네시아나 적도 부근이 uva가 제일약함 파장이 기니 적도가 태양에 가까워서 파장이 짧ㅇㅡㄹ수밖에 ㅋㅋ
4740,yt_comment,youtube,,눈시림,불만,1,2026-07-23,2026-07,McCI42z6HhY/UgyNhlrknkdlDO1y05V4AaABAg,눈시림이 너무 심해서 맞는 썬크림 못찾던 선크림 유목민이었는데…ㅜㅠ
4741,yt_comment,youtube,,건조,불만,1,2025-11-23,2025-11,McCI42z6HhY/UgwYuzTdAr2KZQsoVOt4AaABAg,너무 건조해서 잔주름 ㄷㄷㄷ 한겨울용 도톰썬크림 찾고 있었는데요
4743,yt_comment,youtube,,지속력워터,만족,0,2025-08-22,2025-08,HKRgghQ3O9Q/UgxL2fhStQY1qAs209l4AaABAg,여름 휴가를 대비하여 해외 동남아 열대지방 물놀이에도 안전한 선크림도 추천해주세요
4744,yt_comment,youtube,,건조,만족,2,2025-08-22,2025-08,HKRgghQ3O9Q/UgyseTmB1alxtVTzhr14AaABAg,건조함 없이 선크림 바르는 방법은 없을까요?
4745,yt_comment,youtube,,백탁,불만,11,2025-08-22,2025-08,HKRgghQ3O9Q/UgxmglEwsbHQyuaYEUd4AaABAg,전 화장을 안하고 선크림만 사용해서 백탁이 있는 무기자차를 선호하는 편이었는데 셀퓨전씨 만난 이후로 셀퓨전씨만 4통째고 닥터지는 확실히 백탁이 심하고 건조하더라구요.
4748,yt_comment,youtube,,트러블,불만,2,2026-02-22,2026-02,rm6Q7Nxoiro/UgzDYwWRc3kk0aBugVF4AaABAg,쿠션만 쓰면 여드름 나는 사람들 무기자차 쿠션을 찾아보시길… 선크림의 유기자차 성분에 트러블 발생되는 사람들 생각보다
4749,yt_comment,youtube,,트러블,만족,0,2026-01-22,2026-01,UogoCOSiCv8/UgxDCHKY0lnNbbDumrR4AaABAg,"수부지복합성민감피부입니다.트러블도 올라고오고 예민한피부입니다.😢😢쿠션매트 어떤걸로 써야될지 모르겠습니다.추천해주세요.톤업세럼은 어떤걸로 써야되나요.알레르기도 있습니다.꼭 답변부탁드립니다.😢독도토너,세럼은토리든,녹두클렌징.메이크램 무기자차 선크림.이렇게 쓰고 있습니다."
4750,yt_comment,youtube,,건조,불만,0,2026-02-22,2026-02,UogoCOSiCv8/Ugx3-SPDkg-IRE4M-jx4AaABAg,건조피부인데 아떼 무기자차 선크림발랐더니 따가웠는데 장벽이 무너진걸까요?ㅠ
4751,yt_comment,youtube,,건조,불만,2,2026-01-22,2026-01,UogoCOSiCv8/Ugy6cPgUntkoxZq_etF4AaABAg,10:09 진짜 요즘 너무 건조해서 선크림 바르면 화장떠서 겨울에 소홀히 발랐더니 기미가 더 짙어진거같았는데 찰떡같은 추천 놀랐어요
4752,yt_comment,youtube,,답답무거움,불만,1,2026-08-09,2026-08,5GMiVH7-6aI/UgzmODHiKaBz2KcncWB4AaABAg,선크림 바르고 연작 바르니 너무 무거워진 느낌....
4753,yt_comment,youtube,,눈시림,불만,23,2026-07-22,2026-07,BRvINdqicno/UgxUbce8beoltbD8I_Z4AaABAg,헤라 선크림 친구가 강추해서 샀는데 역대급 눈시림.
4758,yt_comment,youtube,,눈시림,불만,2,2026-07-22,2026-07,BRvINdqicno/Ugx0AQypqSACFTACovN4AaABAg,눈시림 있나보다..했는데 바닐라코 프라이머 선크림 바르고 나서는 더이상 모험을 안하게됨.
4759,yt_comment,youtube,,건조,불만,1,2026-07-25,2026-07,BRvINdqicno/UgwPMfUiLojJwI-uTLN4AaABAg,썬크림을 바르면 눈 시림도 있고 시간이 지나면 너무 건조해지는데 어떤 것을 바르면 좋을까요?
4760,yt_comment,youtube,,끈적유분,불만,0,2026-08-01,2026-08,BRvINdqicno/UgzRt8fydfkK0ZsOOlV4AaABAg,엥 달바가 눈 시리다규요?😮 선크림 사용 후 눈두덩이는 항상 티슈로 톡톡 유분 제거하고 파우더 살짝 하지 않아요?
4761,yt_comment,youtube,,건조,불만,9,2026-07-22,2026-07,BRvINdqicno/UgyiLXKa8TLBdLkinr94AaABAg,닥터지 무기자차 썬크림 바르고 얼굴 찢어지는 건조함
4762,yt_comment,youtube,,눈시림,불만,2,2026-07-22,2026-07,BRvINdqicno/UgzQvfQfNI19fcCgZwx4AaABAg,달바 비타민캡슐 썬크림 쓰는데 눈시림때메 그날 계속 울고 처박아두는데 혹시 달바 판테놀은 눈시림이 없을까요??😊
4763,yt_comment,youtube,,트러블,만족,2,2026-07-22,2026-07,BRvINdqicno/UgzPUHMfgYbxftVYj0F4AaABAg,민감성피부인데 자작나무선크림< 피무트러블 없음.
4764,yt_comment,youtube,,끈적유분,불만,1,2026-07-25,2026-07,BRvINdqicno/UgxFW_vhZt6ddAGtmk94AaABAg,라로슈포제 저 썬크림은 번들거림때메 세상 먼지 다
4765,yt_comment,youtube,,트러블,불만,0,2026-01-22,2026-01,D52HfS7MBq4/UgwJDYOvrwBSy6y6a5h4AaABAg,선크림 사용하면 트러블났었는데 리뉴얼전 순정선크림 유.무기자차 둘다
4766,yt_comment,youtube,,향,불만,0,2025-12-22,2025-12,D52HfS7MBq4/UgxyinJQ9dXRWZvR7aF4AaABAg,상아빛 톤업썬크림은 발림성은 좋았는데 꼬릿꼬릿한 발냄새 같은 향이 너무 참기 힘들었어요.
4767,yt_comment,youtube,,눈시림,불만,0,2025-12-22,2025-12,D52HfS7MBq4/UgxxDLn-dbTmPefRj6R4AaABAg,"에뛰드 순정디렉터 톤업 수정 선크림 제품 쇼핑몰에서 리뷰보면 눈시림이 있다는데, 답변 부탁드려요."
4768,yt_comment,youtube,,톤업색상,만족,0,2025-12-22,2025-12,QIcfLggdOpE/UgwHcYR9uu3_H88IxNx4AaABAg,프라이머 기능있는 톤업 선쿠션도 추천해주세요.
4769,yt_comment,youtube,,트러블,불만,0,2025-12-22,2025-12,QIcfLggdOpE/UgxnYr4UK1Dw97u_q7V4AaABAg,선크림을 제아무리 순한거라하는걸 사다바르는 족족 트러블이나서 3년째 고생중이에요
4770,yt_comment,youtube,,트러블,불만,1,2025-12-22,2025-12,QIcfLggdOpE/UgxnYr4UK1Dw97u_q7V4AaABAg.APrzvlJfY00AQDgC8Gz9mK,촉촉한 토너(에센스) 1개+선크림 이렇게 바르면 트러블이 훨씬 줄어들 겁니다.
4771,yt_comment,youtube,,건조,불만,0,2026-03-22,2026-03,ltvrTyURDx4/Ugxcym9GOeJ6DYhROUR4AaABAg,말씀주신 제품들 쓰고 흡수시킨 후 썬크림을 바르고나면 건조해져요.
4772,yt_comment,youtube,,건조,만족,0,2026-03-22,2026-03,ltvrTyURDx4/Ugxcym9GOeJ6DYhROUR4AaABAg,덜 건조해지는 썬크림도 소개해주세요~~~
4773,yt_comment,youtube,,건조,불만,0,2026-03-23,2026-03,-qaD-T_yY1M/UgwtwEo7CCK-OlLK4_V4AaABAg,끝내고 유이크 마일드 선크림 쓰면 좀 건조해지는 것 같은데 유기자차로 바꿔야 될까요...?
4774,yt_comment,youtube,,톤업색상,만족,1,2026-06-22,2026-06,m7xXymxldIw/UgxhQ5NqLD9ObVhsCZ14AaABAg,그린색상 베이스 선크림도 추천해주세요 ㅠㅠ
4775,yt_comment,youtube,,건조,불만,0,2026-08-08,2026-08,QvI0EcO3EMI/UgzwEH3PAKGggOyEcVx4AaABAg,제가 무기자차 선크림을 바르면 약간 건조하던데 어떻게 하는게 좋을까요?
4780,yt_comment,youtube,,끈적유분,불만,1,2026-06-22,2026-06,wY2KfOZYEsw/UgxyABMj_v5PNDizmS14AaABAg,수분형에 에스네이처 아쿠아 선크림 썼을 때 좀 유분지다고 느꼈었는데 코스알엑스 선세럼 한번 사용해봐야겠어요...
4781,yt_comment,youtube,,끈적유분,불만,3,2026-06-22,2026-06,wY2KfOZYEsw/Ugy3lQBV_xhx8zblWT14AaABAg,"화장할때 수분크림은 속건조가 느껴져 살짝 보습감 있는 수분크림을 화장할 때 사용하는데요, 여기에 유기자차 선크림를 바르면 좋게 말하면 윤광, 나쁘게 말하면 기름이 엄청 나오더라구요 ㅠ"
4782,yt_comment,youtube,,건조,불만,0,2026-06-22,2026-06,wY2KfOZYEsw/UgwytHthaTzaGEnyF4J4AaABAg,"수부지라 예전에 로우퀘스트 공구로 선크림과 클렌저 주문해 써보고 얼굴이 넘아프고, 넘 건조해서 못쓰겠더라구요,"
4783,yt_comment,youtube,,끈적유분,불만,0,2026-06-22,2026-06,wY2KfOZYEsw/UgyPncCqFiGp52T5_Bp4AaABAg,초라이트형 선크림들 시간지나서 유분감 어떤가요?!?!
4784,yt_comment,youtube,,트러블,불만,0,2026-06-22,2026-06,wY2KfOZYEsw/Ugxsj0H7MF_KaAiErXp4AaABAg,저는 트러블 민감성 수부지라서 여러가지 선크림 중에 구달만 트러블이 안나더라고요..
4786,yt_comment,youtube,,건조,불만,0,2026-07-22,2026-07,wY2KfOZYEsw/UgxInaWSu5Wrj43Cx1t4AaABAg,닥터지 선크림 수부지가 쓰기는 좀 건조할까요?
4787,yt_comment,youtube,,끈적유분,불만,0,2026-07-22,2026-07,wY2KfOZYEsw/UgxInaWSu5Wrj43Cx1t4AaABAg,촉촉 선크림쓰니까 낮에는 유분이 엄청 나와서요ㅠ
4788,yt_comment,youtube,,트러블,불만,0,2026-06-22,2026-06,wY2KfOZYEsw/UgyqDSynf3rZ9JoylAh4AaABAg,복합성 피부인 남성입니더.유기자차 선크림바르면 T존만 트러블 폭발인데 T존만 다른 선크림 발라야할까요
4789,yt_comment,youtube,,끈적유분,만족,5,2026-06-22,2026-06,wY2KfOZYEsw/UgwaRaYNcnOSCBxLiMx4AaABAg,산뜻하고 아주 살짝 수분있는 안 바른 거 같은 기름기 없는 보송 건조해지지 않는 선크림 추천해주세요
4790,yt_comment,youtube,,발림텍스처,불만,9,2026-06-22,2026-06,wY2KfOZYEsw/Ugz8qj4EpWVe5OqUIgt4AaABAg,수부지이긴하지만 스킨케어를 진짜여러겹 하는편인데 화잘먹 가벼운선제품이나 선세럼같은 라이트한제형은 여러번 사봐도 스킨케어에비해 너무 가벼워서 안맞더라고요ㅠ
4791,yt_comment,youtube,,자극따가움,불만,0,2026-06-22,2026-06,wY2KfOZYEsw/UgyXXF3KJ5vKJpiPWvR4AaABAg,홍조피부인데 화장 전 바르기 좋은 선크림 추천해주세요 ㅠㅠ
4792,yt_comment,youtube,,밀림,불만,1,2026-06-22,2026-06,wY2KfOZYEsw/UgwzZfvRqhMwFFnMBKJ4AaABAg,"항상 남들 좋다는 거 샀다가 화장 밀려서 속상했는데, 선크림 탓이 맞았네요 ㅠㅠ"
4793,yt_comment,youtube,,끈적유분,만족,0,2026-06-22,2026-06,wY2KfOZYEsw/UgypW_OegIAYSUQVcJ14AaABAg,유분감 적고 화장 안뜨는 자연스러운 톤업 선크림 뭐가 있을까요ㅠㅠ?
4794,yt_comment,youtube,,끈적유분,만족,0,2026-06-22,2026-06,wY2KfOZYEsw/UgzTi7dY8F12mYqUpu94AaABAg,평소 화장 안할때는 진짜 초초초라이트 썬크림을 선호하고 화장할때는 화잘먹썬크림 쓰구싶은데용 물토너+수분세럼+유분기적은 수딩크림으로 라이트하게 스킨케어하고 세미매트~매트쿠션 선호하는데 수분쫀쫀형을 사면 될까요?
4798,yt_comment,youtube,,건조,불만,0,2025-12-22,2025-12,E2m5U9tm10c/UgxDxTugT6bRc7OeXKJ4AaABAg,집안일을 하면서 손이 건조해졌는데 보습감이 있으며 미백 및 주름 개선 효과 그리고 자외선 차단 기능까지 있는 에가 어드밴스드 핸드크림으로 저의 손 피부결이 개선되면 좋겠습니다~!
4799,yt_comment,youtube,,트러블,불만,0,2026-02-22,2026-02,QHhksyN8fRY/UgywKLO3tm1QtTgvZ6x4AaABAg,마일드랩 멜라케어 마켓이라니 텃밭 가꾸면서 선크림 바르고 뒤집어 써도 기미잡티 때문에 스트레스 였어요
4800,yt_comment,youtube,,트러블,불만,1,2026-02-22,2026-02,QHhksyN8fRY/Ugxoz25PbMJFIzmUIHR4AaABAg,하얀 피부라고 생각했기에 자외선 차단에 소홀했던 것도 있고 트러블이 가라앉기를 마냥 기다리는 등과 같은 관리 소홀이 30대가 되니 스노우볼처럼 나타나더라고요.
4801,yt_comment,youtube,,밀림,불만,2,2026-04-23,2026-04,_4oxcJqESic/Ugxxq4qZSTKzpVLfMbd4AaABAg,저번에 추천해주셔서 톤업선크림 사용해봣는데 바를땐좋은데 좀 지나면 매트해짐.화장이들떠요..저는 수부지입니다
4802,yt_comment,youtube,,트러블,불만,0,2026-08-11,2026-08,fNCJiCtAnAE/Ugy-jOZkZBaZYtNaylJ4AaABAg,화장으로 덮었다가 피부 뒤집어진거 너무 공감돼서 써보고싶은데 선크림도 발라야 하니까요 ㅜㅜ
4804,yt_comment,youtube,,끈적유분,불만,1,2026-08-08,2026-08,IuKsqgaHJjg/UgxGk8ID9Pf4s7LQkOF4AaABAg,"특히 여름에는 조금만 무겁거나 끈적여도 베개에 묻는 느낌이 싫고, 아침에 바르면 선크림이나 베이스가 밀릴까 봐 결국 안 쓰게 됐어요."
4805,yt_comment,youtube,,트러블,불만,0,2026-08-08,2026-08,IuKsqgaHJjg/UgxiQbkGbQcrS2wwY8R4AaABAg,"특히 여름에는 땀과 피지 때문에 선크림을 덧바르는 것도 쉽지 않고, 조금만 트러블이 올라왔다가 지나가도 자국이 오래 남아서 피부가 더 피곤해 보이더라고요."
4806,yt_comment,youtube,,건조,불만,0,2026-08-01,2026-08,IuKsqgaHJjg/UgxWgyqS_bgp4nXP1gh4AaABAg.AZw-bxGcgKOAZx28jjPBM5,여름엔 블랑네이처 토너-에이프릴스킨 앰플-주미소 세럼 이렇게 발라주시고 바로 선크림 바르셔도 좋아용❤ 건조함 심하시면 여기에 수분 앰플 추가보다는 아주 얇게 수분크림 한 겹만 더 발라주셔요!!
4807,yt_comment,youtube,,끈적유분,불만,1,2025-08-22,2025-08,9NyJFU8EvQU/Ugy9c78hvnUjQyp3xN94AaABAg,끈적이는게 싫으면 선크림을 바르고 파우더를 바르면 좋아요!
4808,yt_comment,youtube,,끈적유분,만족,1,2025-08-22,2025-08,9NyJFU8EvQU/UgxITdaxkF4qWs2Mt8x4AaABAg,나린이 끈적함이 싫어서 선크림 안 바르는거면 선크림 바르고 파우더 하면 괜찮아요!
4809,yt_comment,youtube,,기타불만,불만,0,2025-08-22,2025-08,AZx5DpIgoyM/UgyASDWjU_gHQD-_whJ4AaABAg,-계절별로 추천하는 제품들(기초나 선크림이나 쿠션 등) 궁금해요!
4810,yt_comment,youtube,,끈적유분,불만,0,2026-04-23,2026-04,_4oxcJqESic/UgzDPdOdAYiO4LmDv6d4AaABAg,언니 저 건성인데 선크림을 바르면 너무 기름지고 시간 지나면 건조해져요ㅜㅜ
4813,yt_comment,youtube,,끈적유분,만족,0,2026-05-22,2026-05,UWiv3ItahOY/Ugw1um3XarLaeBNeSFp4AaABAg,추천받은 선크림 샀는데 피부 안 뒤집어지고 목에 발라도 옷에 뭐 안 묻고 끈적임없어서 만족입니다🥰
4815,yt_comment,youtube,,끈적유분,불만,1,2026-05-22,2026-05,UWiv3ItahOY/UgyLCqVfMNWqiPJnnhB4AaABAg,작년에 구달 선크림도 지성이 쓰기 좋은 가벼운 느낌이라고 하셨는데 브링그린 선세럼이랑 둘 중 뭐가 더 가볍고 끈적임이랑 유분이 적을까요??!
4816,yt_comment,youtube,,트러블,불만,0,2026-05-22,2026-05,6D5o1zz56d4/UgxnFRcCIqrLIRACnG54AaABAg,한별님 장벽뒤집혔을때 무기자차 선크림 바르는것까진 알고있었는데 요즘은 선세럼 이런것도 많이 나오잖아요?
4817,yt_comment,youtube,,트러블,불만,0,2026-05-22,2026-05,6D5o1zz56d4/UgxnFRcCIqrLIRACnG54AaABAg.AVzGU2WJ370AW1CuvGKsiU,장벽 뒤집혔을 때 무기자차가 좋은이유는 제형감보다도 무기자차/유기자차의 자외선 차단 원리때문에 그래요!!!
4818,yt_comment,youtube,,자극따가움,불만,2,2026-05-22,2026-05,6D5o1zz56d4/UgzahgN-Q4EJ_xUDS_p4AaABAg,근데 선크림에 화장하면 무조건 2차세안해야하는데 피부가 얇아서 닦토하거나 뜨거운물로 세안하면 바로 빨개지긴하거든요
4819,yt_comment,youtube,,눈시림,만족,2,2026-04-22,2026-04,pyZKqH-HBXM/Ugx1bI1APfsWl1PstDl4AaABAg,누님 선크림 눈시림 없나요?
4820,yt_comment,youtube,,끈적유분,불만,0,2026-04-22,2026-04,f0Gi9Qhxyvo/Ugx8FgzUJ_ZrNXGVoup4AaABAg.AUgr5m_dOq3AUgwKDxEy1Y,워터리한 수분크림제형 선크림 발라줘용❤️ 선크림엔 유분이 있어서 괜찮습니다!!
4822,yt_comment,youtube,,기타불만,불만,1,2026-03-22,2026-03,8orgfw0d_l0/UgyxqM3Qpg47RJFTq8l4AaABAg.AUAniI2gUMnAUBxDHqLh6w,화장품이든 음식이든 영양제든간데 진짜 몸 상태에 따라서 사람별로 너무 달라서 더 관리하기가 힘들어요😭 이론적으로는 자외선차단제를 매일 바르는게 당연히 좋고 색소가 잘 생기는 피부는 실내에 있어도 창으로 들어오는 빛에도 기미가 생기는 경우도 있어서 진짜 사람 마다
4823,yt_comment,youtube,,눈시림,만족,0,2026-03-22,2026-03,X4FExgGubOg/Ugwo0MvXe2RQ1RnkNKx4AaABAg,눈시림 없는 선크림 리뷰 필요해요~~ㅜㅜ
4826,yt_comment,youtube,,건조,불만,0,2026-03-22,2026-03,JEqYEwYd2tk/Ugy_ZjkFXliy68cW7yN4AaABAg,"비비는 바르기편하고, 피부도 편한게 장점이자나요?!저 나름 골라서 다른비비 샀었는데 컨트롤 어렵고 오히려 얼굴이 건조해서 붉어져서 이게 비비맞나?싶었는데 제가 찾는건 셀퓨전씨였나봐요..흑흑 어제까지 세일이였다니😂 사실 셀퓨전씨는 선크림만 써봤는데 어떤 베이스를 써도 조합이 넘 좋아서 비비도 넘 기대되여 선크림이 이정도 밀착력인데 셀퓨전씨 비비..?진짜 궁금하자나...글고 색감이 왜케 맘에 들죠 붉은기있는 피부지만 너무 회끼돌면 거부감있는데 딱 적절해보여서 넘 기대되요🥺💚"
4827,yt_comment,youtube,,트러블,만족,240,2025-11-22,2025-11,wZSnDUcZt54/UgyY-LcFiQaPZQEQ0Tt4AaABAg,솔직히 선크림 맞는거 못찾아서 매번 뒤집어지는 분들은 선크림 안바르고 물리적으로 양산이나 모자로 자외선 차단하는게 훨씬 좋아요…
4829,yt_comment,youtube,,지속력워터,만족,0,2026-08-01,2026-08,SoWs6EMWFr8/Ugw8Ht4rvn7LCbeqMwp4AaABAg,선크림 묻어남없는걸 좋아하는데 저걸 사도될까 고민이네요
4830,yt_comment,youtube,,밀림,만족,0,2026-08-01,2026-08,SoWs6EMWFr8/Ugw8Ht4rvn7LCbeqMwp4AaABAg.AZgb6BOXUAuAZhpurzeKMw,선크림 위에 바로 파우더 하셔도 밀림은 없을 것 같아요😄
4831,yt_comment,youtube,,답답무거움,만족,0,2026-08-01,2026-08,SoWs6EMWFr8/Ugw8Ht4rvn7LCbeqMwp4AaABAg.AZgb6BOXUAuAZhqGuQhG9G,그리고 혹시 이 선크림 답답함이나 그런거없죠?
4833,yt_comment,youtube,,건조,불만,0,2025-12-22,2025-12,T9-5SkrAkLU/UgxGIPKYZPpyO8H2Sbp4AaABAg,CNP 톤업 선크림 여름에 잘 썼는데 건조해지니까 바르자마자 다
4834,yt_comment,youtube,,트러블,불만,0,2025-10-22,2025-10,cr8vDSK_OcU/UgwlhmX5q_icfTbkHkJ4AaABAg.AO3Eh55CXPpAO3Ipqp2LFm,"파데프리 톤업선크림 테스트하고 준비중이었는데, 제 컨디션 때문에 피부가 뒤집어지면서 이 상태로 추천드려도 될지 여러가지 고민이 되어서 늦어지고 있어요 ㅠㅠ"
4835,yt_comment,youtube,,트러블,만족,1,2025-10-22,2025-10,cr8vDSK_OcU/UgzyHSTPH0zBuLyekKh4AaABAg,이 썬크림 쓰고나서는 썬크림만 바르면 낫던 트러블이 정말 안나요..
4836,yt_comment,youtube,,트러블,만족,1,2025-10-22,2025-10,cr8vDSK_OcU/UgzyHSTPH0zBuLyekKh4AaABAg.AOAn8hvRPFaAOAwNJcvfvp,추천드렸던 제품이 트러블 안나고 맞는 선크림이 되었다니 너무너무 기뻐요 ( ˶'ᵕ'˶)ෆ 진짜 기쁜 소식 함께 공유해주셔서 정말 감사합니다💗 앞으로도 좋은 제품 추천드릴 수 있도록 열심히 노력하겠습니다 ㅎㅎㅎㅎ
4837,yt_comment,youtube,,건조,불만,0,2025-12-22,2025-12,TOUiFWw-f-k/Ugw0thkx2Z0p5py1b194AaABAg,진짜 썬크림바르면서 가렵지 않은게 이번이 처음이에 밤늦게쯤에는 건조해져서 살짝당기는 기분이있지만 그래도 썬크림 바르면 항상 뾰루지 났던거 생각하면 너무 좋았습니다
4838,yt_comment,youtube,,트러블,만족,1,2025-11-22,2025-11,TOUiFWw-f-k/Ugx2Sw04cD-WsPPx2tR4AaABAg,에즈윤님 추천해주신 썬크림 사서 트러블 안나고 가려움없어서 너무 좋은아이템을 찾게 되어 감사하다는 말씀 먼저 드리고 싶습니다!
4839,yt_comment,youtube,,트러블,불만,1,2025-11-22,2025-11,TOUiFWw-f-k/Ugx2Sw04cD-WsPPx2tR4AaABAg,"다름아니라 민감성 트러블 잘 나는 피부를 가진 20대 남자인데요, 썬크림만 바르기는 뭣해서 꾸며야 되는 중요한 날에는 톤업로션이라도 바르기도 하는데 제가 쓰는 ‘비레디 톤업 로션’은 화해 주의성분 많고 말라세지아 모낭염 7개 여서 그런지 쓸때마다"
4840,yt_comment,youtube,,트러블,만족,1,2025-11-22,2025-11,TOUiFWw-f-k/Ugx2Sw04cD-WsPPx2tR4AaABAg,(+자작나무 톤업 선크림도 트러블남) 자연스럽게 톤업시킬 수 있으면서 트러블 위험 적은 화장품 추천해주실 수 있을까요??
4841,yt_comment,youtube,,발림텍스처,만족,1,2025-10-22,2025-10,TOUiFWw-f-k/UgyVoeEbhcfbOTwvBRJ4AaABAg.ANXrOW8MiUvANfzVWqmdWI,"요즘은 이지워시 타입으로 잘 지워지는 무기자차들도 나오긴 하지만, 피부 타입이나 선크림 제형에 따라 세정력이 충분하지 않을 수도 있어서, 무기자차를 사용하신 날엔 이중세안을 추천드려요 ☺️ 영상 시청해주셔서 감사합니다!!"
4843,yt_comment,youtube,,트러블,만족,0,2026-03-22,2026-03,p-4ZDigwICQ/UgzsB6VjcqNS4pESqVZ4AaABAg,"선크림 발라야하는건 알지만 발랐다하면 트러블을 피할 수 없어서 몇년간은 그냥 바르지않고 살았었는데, 코스알엑스 선크림 진짜..!"
4844,yt_comment,youtube,,끈적유분,불만,4,2025-09-22,2025-09,p-4ZDigwICQ/Ugzd9O8UhKMn5bAeGY14AaABAg,"성분, 자외선차단, 유분기, 클렌징까지 끝까지 다"
4845,yt_comment,youtube,,트러블,불만,4,2025-09-22,2025-09,p-4ZDigwICQ/Ugw-p09e9GKcC8Z26Ql4AaABAg,늘 선크림만바르다가 최근에 지인결혼으로 간만에 화장했더니 피부뒤집혔어요
4846,yt_comment,youtube,,건조,불만,1,2025-09-22,2025-09,p-4ZDigwICQ/UgyxCWHlUOD_Qzl5NdJ4AaABAg,무기자차 백탁이 심해서 라운드랩 자작나무 수분선크림(유기자차)과 교차해서 사용했는데 이상하게 건조하다라고요
4850,yt_comment,youtube,,건조,불만,0,2026-01-22,2026-01,lsgojLM9FYY/Ugx4xpFONToXXVvtLIl4AaABAg,선크림때문에 주름이생길수도 잇다는 말에 놀랏습니다.건조해서 그런줄 알앗는데~~~~근데 이렇게 예민해도 선크림 발라도 될까요?
4853,yt_comment,youtube,,눈시림,만족,2,2025-08-22,2025-08,lsgojLM9FYY/UgzjH4mju77nclKWuVN4AaABAg,다음번엔 눈시림적고 이지워시까지 가능한 선크림도 궁금해용^^
4854,yt_comment,youtube,,트러블,불만,1,2025-11-22,2025-11,lsgojLM9FYY/UgyivJAFhQaW4mTEDjZ4AaABAg,"순하다는 썬크림바르고 외출하면 무조건 트러블나고 안발라도 좁쌀 올라오는 악조건 타입의 피부인데,, 에즈윤님 추천 아이템 보고 사려고 합니다."
4855,yt_comment,youtube,,지속력워터,만족,0,2025-08-22,2025-08,lsgojLM9FYY/Ugx2EBzEgZgvxEDun054AaABAg.ALYAMaqR-2SALb15FwrInB,"수수님 안녕하세요☺️ 투데이위드 선크림 바른 후, 전에 추천드렸던 더파이 앰플투폼 도포 후 롤링하다가 물 묻혀서 다시 롤링하고 닦아내니 잘 지워지는데요 :) 다만 코옆이나 주름이 비교적 깊은 곳 등의 경우 롤링을 제대로 해주지 않으면 선크림이 껴서 놓치기 쉬운 거 같아요 ㅎㅎ"
4857,yt_comment,youtube,,지속력워터,만족,2,2025-08-22,2025-08,lsgojLM9FYY/UgyP67j9VkpNkd3tOfF4AaABAg.ALM6HJtCe_yALb0kaKUF8-,전에 추천드렸던 더파이 앰플투폼 도포 후 롤링하다가 물 묻혀서 다시 롤링하고 닦아내니 잘 지워지는데요 :) 다만 코옆이나 주름이 비교적 깊은 곳 등의 경우 롤링을 제대로 해주지 않으면 선크림이 껴서 놓치기 쉬운 거 같아요 ☺️ 이렇게 조금 남아있는 경우에는 에스네이처 폼클렌징이나 썬플랜 버블 클렌저로 2차 세안해주고 있습니다!
4858,yt_comment,youtube,,지속력워터,불만,1,2025-08-22,2025-08,lsgojLM9FYY/UgygOBNsSa_Ho5stdmd4AaABAg.ALJ3mZWNB3RALOJeDTWoo8,"투데이위드 제품이 이지워시 제품은 아닌 걸로 알고 있습니다만, 현재 제가 태국으로 휴가를 오면서 유기자차 제품들 테스트해본다고 무기자차 선크림을 두고왔어요 😭 집에 돌아가는대로 세안 테스트 해보고 좀더 정확한 답변 드릴 수 있도록 하겠습니다 💗 바로 답변드리지 못해 죄송합니다!!"
4859,yt_comment,youtube,,건조,불만,1,2025-08-22,2025-08,lsgojLM9FYY/Ugx3GPqbYp33h119dxh4AaABAg,"피부장벽 손상피부,지루성피부염이라 선크림 지우고나면찢어질듯한 건조함이 며칠가는데 에즈윤님은 어떻게 하시나요?"
4860,yt_comment,youtube,,건조,불만,0,2025-12-22,2025-12,lsgojLM9FYY/UgzhZ1WQk7kpKYf2K2F4AaABAg.APi7bYUyTdCAPw0eVZ3L06,무기자차여서 유기차자 선크림과 비교했을 때는 살짝 건조하다
4861,yt_comment,youtube,,트러블,불만,1,2025-11-22,2025-11,lsgojLM9FYY/UgwTE3hBMSv1wsdZBdN4AaABAg,피부에 뾰루지트러블이올라오는데 선크림문제같기도해서욤
4862,yt_comment,youtube,,지속력워터,만족,0,2025-08-22,2025-08,lsgojLM9FYY/UgzVcmmnFaVFxqstyqB4AaABAg.ALJATWVpYDiALb0x31-oX2,전에 추천드렸던 더파이 앰플투폼 도포 후 롤링하다가 물 묻혀서 다시 롤링하고 닦아내니 잘 지워지는데요 :) 다만 코옆이나 주름이 비교적 깊은 곳 등의 경우 롤링을 제대로 해주지 않으면 선크림이 껴서 놓치기 쉬운 거 같아요 ☺ 이렇게 조금 남아있는 경우에는 에스네이처 폼클렌징이나 썬플랜 버블 클렌저로 2차 세안해주고 있습니다!
4865,yt_comment,youtube,,백탁,불만,1,2025-11-22,2025-11,lsgojLM9FYY/UgzobGqEFicqXHAhHvl4AaABAg,선크림 필요해서 영상보고 고민하다가 이 영상보고 선크림 구매해 사용중인데 백탁이 너무 심하고 살짝 눈도 시립던데요 ……..
4866,yt_comment,youtube,,백탁,불만,0,2025-11-22,2025-11,lsgojLM9FYY/UgzobGqEFicqXHAhHvl4AaABAg.APIQgHcKVzNAPNOVQlhrxQ,"앗… 사용하시면서 불편함 느끼셨다니 속상하셨을 것 같아요 😢 개인적으로는 백탁이나 눈시림이 강하다고 느끼진 않았고, 평소 선크림 눈시림을 잘 느끼는 주변인들에게도 테스트 하고 후기도 받고 한 뒤 추천드리긴 했지만, 백탁 / 눈시림 이런 사용감 부분은 역시 피부마다"
4867,yt_comment,youtube,,답답무거움,불만,0,2025-08-22,2025-08,lsgojLM9FYY/UgxSLdxubPS2Lzq7k8x4AaABAg.AM-IXPbzRXPAM1RxlFDx9m,"안녕하세요!☺️ 피부타입이 유수분이 충분해서 선크림만 발라도 건조감이 없고, 자극감도 없으시다면 선크림만 바르셔도 크게 문제되지 않을 거라 생각이 들어요 :) 다만, 선크림 자체가 너무 매트하거나, 자극감 느껴지는 피부가 민감하신 상태라면 무겁지 않은 토너나 로션 등의 보습제를 얇게라도 발라주시는걸 조심스럽게 추천드려 보아요!"
4869,yt_comment,youtube,,백탁,불만,1,2025-09-22,2025-09,lsgojLM9FYY/UgwGFuHOlPPZpv9nA_d4AaABAg,피부가 하얀편이라 백탁 있는것은 선크림 한번 바를때 많이 바르는데 그럴수가 없어서 구매가 망설여지더라고요 ㅠㅠ
4870,yt_comment,youtube,,답답무거움,불만,1,2025-08-22,2025-08,lsgojLM9FYY/UgwxeJkoipMBzpSeM4N4AaABAg.ALkvXIgYeqiALq73rui8lq,"꼭 피부 질환이 아니더라도, 현재 피부가 많이 예민해진 상태라면 작은 자극에도 반응할 수도 있구요,, 이럴 때는 해당 제품이 피부에 맞지 않는 것일 수도 있고, 피부 자체가 민감해져있거나 회복이 필요한 상태일 수도 있어서, 잠시라도 화장을 줄이고 피부가 쉴 수 있도록 해주는 것이 회복에 도움이 되지 않을까 생각되어요 :) 특히 지금도 쿠션 팩트를 쓰면 답답하다고 하셨는데, 여기에 지속력 강하고 커버력 강한 제품까지 사용하게 되면 아무리 수분을 충분히 채워줘도 피부의 답답함이 계속될 수 있을 거 같아요😭 그래서 이 영상에서 소개해드린 것처럼 성분이 순하고 자극이 적은 무기자차 + 은은한 톤업 효과가 있는 제품을 가볍게 써보시면서 피부가 편안해지는 시간을 잠시 만들어보시는 걸 조심스럽게 권해드리고 싶어요💗 문의주신 톤업 선크림의 경우 현재 추천드릴 만한 제품을 찾지 못해서 바로 도움드리지 못해 죄송합니다🙏 좋은 제품을 찾게 되면 영상으로 꼭 담아보겠습니다!"
4871,yt_comment,youtube,,트러블,불만,1,2025-08-22,2025-08,8NL6bB_UOf0/UgyAPOM7ylveIy-Mr4B4AaABAg,화장은안하지만 세안후 (미스트 스킨 에센스/앰플 로션 크림 마스크팩 선크림) 사용하니까 세안잘하면서 앞으로 올라오는 영상도 잘볼게용 감사합니다^^ 순서별로 모든 저자극제품들 영상올려주시면 좋을거같아요
4873,yt_comment,youtube,,답답무거움,불만,1,2025-08-22,2025-08,8NL6bB_UOf0/Ugzm-TdxID_FWfm2_sJ4AaABAg,아침에라도 써보고싶은데 스킨케어하고 선크림덧바르고 저녁때까지 피부가 답답한걸못버티는건지 ..
4874,yt_comment,youtube,,톤업색상,만족,1,2025-08-22,2025-08,SDk2rWlAoJc/UgwLGuTRcYJg0mVmTf94AaABAg,안그래도 모낭염 때문에 말레세지아에 좋지 않은 성분들 피하는거 찾고 있었는데 너무 쉽게 정리 잘해주셔서 너무 감사합니다❤ 주의 성분도 하나하나 정리되어있어서 너무 좋았어요🥹 톤업크림이나 톤업 선크림 피부 메이크업 제품 혹시 추천해주실수는 없을까요??
4878,yt_comment,youtube,,지속력워터,만족,0,2025-08-23,2025-08,cZ3q1zADDsU/UgwxU1g6PnV1xKN0bHl4AaABAg,옷에 안묻어나는 선스틱추천요.
4886,yt_comment,youtube,,트러블,불만,6,2025-08-22,2025-08,-WOqyseZO_c/UgwhC2q_nr8_ocMZLJZ4AaABAg,선크림만 쓰면 트러블이 나요ㅠㅠ
4887,yt_comment,youtube,,끈적유분,불만,1,2025-08-22,2025-08,OWTAXJoUNhQ/UgwmtnXslz_6Q3akF4R4AaABAg,선크림만 바르면 유전 터지듯이 유분이 엄청 생기는 수부지라 꽤나 고민하면서 영상 잘봤습니다
4888,yt_comment,youtube,,답답무거움,불만,0,2025-12-22,2025-12,OWTAXJoUNhQ/UgyjiuUKOYd3QTJbr4h4AaABAg,저도 아무래도 무거운 제형보단 더마스퀘어크림 위에 톤업선크림 바르는게 더 가볍고 자연스럽더라고요
4889,yt_comment,youtube,,끈적유분,불만,0,2025-10-22,2025-10,OWTAXJoUNhQ/UgxDAjeKraO3syPwSCF4AaABAg,노란피부에 붉은 홍조 건성 피부 t존 유분 은 어떤 그린 썬크림 추천하나요?
4890,yt_comment,youtube,,자극따가움,불만,7,2025-08-23,2025-08,WLSLoD5o4kE/UgxdxEZ0amZ2X5TcpCV4AaABAg,저는 어떤 썬크림을 발라도 햇빛 받으면 얼굴이 화끈거리는 열감이 있는데 라로 시카는 신기하게 열감이 하나도 안올라와요.
4891,yt_comment,youtube,,끈적유분,불만,7,2025-08-23,2025-08,WLSLoD5o4kE/UgxdxEZ0amZ2X5TcpCV4AaABAg,"게다가 무기자차나 톤업크림이나 파데 쿠션은 시간이 지나면 입자가 잔주름 사이에 끼고 모공부각되는데, 라로 시카 선크림은 과하게 번들거리는 그 제형덕분에 주름모공 부각 전혀 없어요."
4892,yt_comment,youtube,,트러블,불만,0,2025-08-22,2025-08,-WOqyseZO_c/UgydafK_WiFJ1n4MGJ94AaABAg.AJeOPZe2JNXAJkl8AeW9gK,그리구 선크림 바르고 2차세안 매일하니까 피부가 쉽게 뒤집어지는것 같아서ㅠㅠ
4896,yt_comment,youtube,,끈적유분,만족,1,2025-08-23,2025-08,WLSLoD5o4kE/UgzyXFDO4QMa08nyTcJ4AaABAg,이 썬크림만 바르고 나가면 피부 좋아보인다는 말을 많이 들었어요.(평소 썬크림만 바르고 다니는 편) 뭉치는 것도 없고 끼는 것도 거의 없고 오히려 시간이 지나서 얼굴 유분과 섞이면 피부가 더 매끈해 보여요.
4897,yt_comment,youtube,,기타불만,불만,0,2025-08-23,2025-08,WLSLoD5o4kE/Ugy23InWHwdbEtM017h4AaABAg,다른 제품들은 자외선 차단 기능 썩 별로였음.
4898,yt_comment,youtube,,끈적유분,불만,0,2025-08-22,2025-08,R_nJ3-_xJk0/UgyJB4WVWoWL_uCGDqp4AaABAg.AKgErVNbQoxALQQaj0G2ci,단음식 피하시고 스킨만 바르지 말고 스킨 에센스 유분크림 얇게 탄탄히 발라 흡수 시키고 선크림 바른 후 기름종이로 살짝 찍어 낸 후 바닐라코 화이트 매트 쿠션을 에스쁘아 퍼프로 발라보세요
4899,yt_comment,youtube,,발림텍스처,만족,0,2026-06-23,2026-06,TSl-iSVUrLs/UgwgSUMObCdOL6tmJ814AaABAg,솔직히 체이씽 래빗 핑크색 집에 있는데 tag 선쿠션이 더 좋았음 쿠션이라 퍼프랑 거울이 있어서 바르기도 편했고 외형도 tag가 더 맘에 들었음 제품은 체이씽 래빗 핑크는 톤업을 해주기는 하지만 확실히 엄청 톤업은 아니었음 하지만 균일하게 발리고 tag보다
4900,yt_comment,youtube,,트러블,불만,2,2026-06-22,2026-06,2bmGYnbdoHo/UgxbbdH9nB1pbdBQZGR4AaABAg,"며칠전에 새로산 선크림바르다가 얼굴뒤집어져서😂 지금 에스트라 앰플, 수분크림만 쓰고 있어요ㅠㅠ가볍게 바르는게 좋을것 같아서 수분크림만 2번 레이어드해서 쓰고 있는데 붉은기가 조금 가라앉은것같네요."
4903,yt_comment,youtube,,기타불만,불만,8,2026-07-20,2026-07,obj7xGT6GvM/UgwmVOg3wQw6DmwCpqZ4AaABAg,선크림 종류별로 많이 써봤다고 생각하는데 유리님 추천영상은 뜨자마자 보게 되네요.
4904,yt_comment,youtube,,건조,만족,2,2026-06-22,2026-06,4hfMuHaj3iE/UgzfO7on7pRyIYp6gL14AaABAg,여름에 선크림은 필수인데 바르고 시간지나면 건조해져서 손이 잘 안가더라구요ㅜㅜ
4905,yt_comment,youtube,,건조,만족,2,2026-06-22,2026-06,4hfMuHaj3iE/UgzfO7on7pRyIYp6gL14AaABAg,피부가 건조한게 고민이라 뻑뻑함 없이 자연스럽게 톤업되는 선크림 받고싶어요♥️
4906,yt_comment,youtube,,건조,만족,1,2026-06-22,2026-06,4hfMuHaj3iE/Ugx_D_BXilh-JaJa-Y14AaABAg,여름철에 촉촉하고 흡수잘되는 파데프리 선크림같은걸로 답답하지않고 가볍게 마무리되는 선크림 바르고싶었는데 건조함 잡아주고 피부에 자극가지않는 제형인거같아 너무 좋아보여요
4907,yt_comment,youtube,,끈적유분,불만,0,2026-06-22,2026-06,4hfMuHaj3iE/UgyPc4n9x86LzzfXIvt4AaABAg,여름에 자외선에 조금만 노출돼도 얼굴이 금방 벌~개지고 축축 처지는 듯한 느낌이 들더라구요😢😢 그래서 선크림은 필수인데 선크림을 바르면 화장도 안먹고 얼굴이 번들번들해서 먼지가 달라붙는 기분이 영....별로이고요😢😢 그래서 아직 선제품 유목민인데 소개해주신 차앤박 톤업 선제품 꼭 사용해보고 싶습니다❤❤
4908,yt_comment,youtube,,끈적유분,만족,0,2026-06-22,2026-06,4hfMuHaj3iE/UgzQtPVklmuU0OBo9_N4AaABAg,톤업 썬크림 번들거림 없다고 하시니까 여름에 사용하기 좋을것 같아서 올영 세일에 믿고 구입해 볼게요😊 좋은 제품 소개해 주셔서 감사해요
4910,yt_comment,youtube,,톤업색상,만족,0,2026-06-22,2026-06,4hfMuHaj3iE/UgwGTIz6nIhtKxKd9FB4AaABAg,톤업선크림 추천 해주세요 ㅎㅎ
4911,yt_comment,youtube,,끈적유분,불만,0,2026-06-22,2026-06,ZO3q7kUDDDg/UgzsQeO56iorvE1ziJ54AaABAg,선크림 바르고 시간이 지나면 얼굴 유분과 섞여서 클렌징폼으로 지워도 충분하다는거 봤는데 혹시 나중에 이렇게 실험?
4912,yt_comment,youtube,,백탁,불만,1,2026-06-22,2026-06,ZO3q7kUDDDg/Ugz2sRngKXL6-sWdYbl4AaABAg.AXIQ5mzqbraAXIXBPlVYvC,"이 영상처럼 무기자차(백탁이있는) 선크림은 2차세안, 유기자차(백탁이없는) 선크림을 1차세안하라고 하였어요!"
4914,yt_comment,youtube,,용량가격,만족,0,2026-05-22,2026-05,xcLIiEWOGrw/UgxhfdfSLVytb0GFuK54AaABAg,저는 그냥 그렇게 비싸지 않은 성분좋은 화장품 여러번 레이어드하고 올해는 선크림 가급적 3시간씩 발라요..
4916,yt_comment,youtube,,끈적유분,불만,0,2026-04-22,2026-04,qJCquDqRtNU/UgwmL3574JaifM8p_d94AaABAg,전 민감성이라 토너는 스킵하고 저렇게 유분감있는 앰플이나 마몽드 리퀴드 마스크 바른담에 흡수시킨담에 에스쁘아 수분 썬크림 어제 오늘 발랐는데 확실히 지속력이 오래 가더라구요
4917,yt_comment,youtube,,건조,불만,1,2026-07-20,2026-07,VENkkBDegNk/UgwRyyZULV390UkADM54AaABAg,형님이 알려주는 유이크 마일드랩 선크림만 쓰고있는데 오후되면 너무 건조해요..
4918,yt_comment,youtube,,끈적유분,불만,1,2026-04-22,2026-04,3mglXUyLhDQ/UgyJ9itKidYuTUi9_wB4AaABAg.AV8ATwIBt7sAV8m_7OkASS,"기초랑 선크림, 혹은 파운데이션이 서로 유분이 많이 돌면 때처럼 밀려날 수도 있어요!"
4920,yt_comment,youtube,,자극따가움,불만,41,2026-08-08,2026-08,K1UFYT1299k/UgwSET0hVq1wz0wa4PB4AaABAg,🩷 오늘도 선크림 바르고 수정용으로 선스틱 덧발랏는데 얼굴 따가웠는데ㅠㅠ
4924,yt_comment,youtube,,끈적유분,불만,0,2026-08-08,2026-08,lXBNjDO8Vz4/UgzFgflOkDrFBMUp0sl4AaABAg,튜브형 선크림을 직사광선 피해서 보관하는데도 외부에 얼룩지기도 하고 살짝 끈적이는 경우도 생기고 찝찝하더라구요
4926,yt_comment,youtube,,용량가격,만족,0,2026-08-08,2026-08,lXBNjDO8Vz4/UgxslXPSePNwhZitnm94AaABAg,더랩 클리어히알옴므 선크림은 성분도 사용감도 가격대비 괜찮아서 잘 쓰고 있습니다
4927,yt_comment,youtube,,자극따가움,불만,1,2026-08-08,2026-08,lXBNjDO8Vz4/Ugyke4DxYIaX4r6prb14AaABAg,선크림만 바르면 가렵고 트러블올라와서 몇개 시도하다가 계속 버리고 짜증나서 못바르고있는데 어떤거 선택해야하나요?ㅠㅠ
4928,yt_comment,youtube,,트러블,만족,1,2026-08-08,2026-08,lXBNjDO8Vz4/UgyCG0g6jo_LA6rmndx4AaABAg,성분은 모르겠고 트러블 절대 안나고 자외선차단 엄청잘됨 동남아 갔는데 하나도 안탐
4931,yt_comment,youtube,,트러블,만족,31,2026-07-22,2026-07,BL-WFGLbqlM/UgwUfbW5wMkN0DBcGjN4AaABAg,"즉시 차단되는걸 원해서 무기자차이면서 클렌징오일 안 써도 이지 워시 되고, 모공 막힘 트러블 안나는 그런 선크림은 없는걸까요..쿠션 대신 선크림만 바르고 싶은 날 쓸만한거요.."
4932,yt_comment,youtube,,눈시림,만족,0,2026-07-22,2026-07,IO7OvNJMZdo/Ugzh1_bMXWE9GzGlsuZ4AaABAg,다이소 선크림은 눈시림이 없어서 사용감이 좋았는데 계속 사용 했더니 나중에 보니까 얼굴에 잡티가 엄청 생겼어요.
4935,yt_comment,youtube,,발림텍스처,만족,41,2026-07-22,2026-07,ps-EgzHtdJg/Ugx_znxVjLwQzrNdssl4AaABAg.AZ200cYYzmOAZ243DO6xX9,"싶은 거 많아서, 지속력까지 챙긴 엘지 선크림 훌륭한 거 맞는 것 같음 근데 여러개 놓고 보면 발림성 좋은 게 손이 가는 건 사실이니.."
4936,yt_comment,youtube,,백탁,만족,37,2026-07-22,2026-07,ps-EgzHtdJg/UgyoQ2sNb23Wk6Cv5s94AaABAg,안바를수도 없고 곤란했었음 작년에 선스틱 걍 쿠팡에 숨37도꺼 뜨길래 사서 써봤는데 이마까지 발라도 눈시림없고 백탁도 없어서 드디어 정착함..
4937,yt_comment,youtube,,자극따가움,불만,47,2026-07-22,2026-07,ps-EgzHtdJg/UgyW2cJ3zyvno_w0Va54AaABAg,그래서 LG에서 만든 잘만든 선크림이 뭐냐구…솔직히 그건 잘못느끼겠고 콜마가 잘만든다는건 이미 여러브랜드의 선크림을 종류별로 다비워봐서 피부로 느끼는중임 ㅋㅋ어차피 화학성분으로 자차만드는거고 그건 LG도 마찬가지고 피부 자극이라는건 사람마다
4938,yt_comment,youtube,,끈적유분,만족,2,2026-07-22,2026-07,ps-EgzHtdJg/UgwDwT5oT2Y033PA-kx4AaABAg,15년쯤 전 lg 이자녹스 살색 선크림 하나만 발라도 피부톤 보정되고 발림성 좋고 촉촉하면서 유분기 많이 없고 순해서 몇년동안 애용했는데 어느 때부터인가 유분감 넘치고 피부에 겉돌아서 안쓰게 됐어요
4939,yt_comment,youtube,,기타불만,불만,2,2026-07-22,2026-07,ps-EgzHtdJg/Ugz2ZJM_W1d74IsvIDZ4AaABAg,사용감이 혼자 한 5년전임 잘 차단되는건 진짜 맞는데 사용감이 너무 별로고 그렇다고 가격이 착한것도 아니라 그냥 왜 선크림 으로 언급도 안되는지 알겠음 나도 추천 못함
4941,yt_comment,youtube,,끈적유분,불만,1,2026-07-22,2026-07,ps-EgzHtdJg/UgzW3wlNuap_pi7gEyJ4AaABAg.AZ9AtLizxFTAZGzhfjLTuI,에스트라 톤업선크림 보단 끈적?
4944,yt_comment,youtube,,답답무거움,불만,0,2026-03-22,2026-03,Jugpms0NUT4/UgwAkzXdmVdnYVWrofx4AaABAg,맑은 피부 표현이 진짜 이뻐서 다가오는 봄에 진짜 잘 쓸 듯요❤ 피부 편한 파데프리를 선호하는 편인데 피부가 민감해 아무거나 막 못 쓰는데 구달 선크림 잘 써와서 비비도 기대가 됩니당
4945,yt_comment,youtube,,톤업색상,불만,0,2026-03-22,2026-03,Jugpms0NUT4/UgzoRBwFhL4bjbSHy-l4AaABAg,요즘 화장덜어내고싶은데 커버력이 너무아쉬워서 톤업선크림은 무리더라구요ㅠㅜ
4946,yt_comment,youtube,,답답무거움,불만,0,2026-03-22,2026-03,Jugpms0NUT4/UgxIqxiZRyz5P0r71H94AaABAg,아무거나 막 발랐더니 피부가 아주 싹 뒤집어지고 예민해져서 색 이쁜데 순한 비비나 선크림을 찾고 있었난데 딱 언니 영상이 떴어요🥹🥹🥹 바로 올영가서 구매할거에요❤❤ 피부에 크게 신경 안 쓰고 편히 스카나 독서실 가고 싶었거든요🥺❤️❤️🩷
4947,yt_comment,youtube,,트러블,불만,0,2026-03-22,2026-03,Jugpms0NUT4/UgxTbfJI9LdYY9u8TqN4AaABAg,구달은 청귤라인만 써봤는데 비비도 너무 좋아보여요❤요새 피부가 뒤집어져서 외출할 때 톤업선크림만 바르고다니고있는데😂 스킨함량이 높아서 피부도 편하고 좋을 것 같아서 기대돼요(두근두근)
4949,yt_comment,youtube,,트러블,불만,0,2026-03-22,2026-03,Jugpms0NUT4/Ugw1agAU1MUla_nYk_14AaABAg,구달 어성초 선크림을 진짜 잘 쓰고있어서 2통씩 쟁여놓는데 구달에서 선비비나온다고 해서 너무 궁금했는데 이번에 유튜버 규진님이랑 같이 만들었다고 해서 더 믿음이 가고 기대돼요💝 피부가 민감하고 트러블이 많아서 베이스 제품 고를 때 성분을 제일 먼저 보는데 제주 어성초 추출물이 들어갔다고 하니까 진정 효과도 좋을 것 같고 피부가 편안할 것 같아서 넘 좋아요
4950,yt_comment,youtube,,트러블,불만,0,2026-07-21,2026-07,Qs_pfbljnyQ/UgxxlxYDtOjdbGZeSEl4AaABAg,그리고 선크림을 바르면 피부가 오히려 뒤집어져서 어떻게 해야할지 모르겠습니다...
4953,yt_comment,youtube,,발림텍스처,만족,9,2026-07-22,2026-07,ARt86x-Eyt8/UgweSX6y1XoObi1V0LR4AaABAg.AYign8JfNSzAYjyp9CSmHa,선크림 특유의 끈적한 느낌 싫어하는데 얘는 잘 흡수돼서 산뜻합니다.
4955,yt_comment,youtube,,답답무거움,불만,152,2026-07-22,2026-07,ARt86x-Eyt8/UgwFs0g9D2tnrj0aECJ4AaABAg,그리고 선크림은 그냥 아무거나 쓰기만 하면 된다고 말씀하셨는데 기미나 광알러지에는 분명히 국내 기업과 라로슈포제같은 유럽 더마 브랜드와의 차이가 있습니다.
4958,yt_comment,youtube,,눈시림,불만,0,2026-03-22,2026-03,j6USL8LfLmc/UgxVNpzdZLL5-9v4h1J4AaABAg,"그리고 림온님 추천으로 초기부터 오우즈너리 선크림 사용했었는데 요, 일단 저 뿐만 아니라 눈시림으로 선크림 사용 어렵던 지인에게 소개했을 때 순하게 잘 맞았다고도 들었고요!!"
4960,yt_comment,youtube,,용량가격,만족,0,2026-02-22,2026-02,BTKcMjnDlDQ/Ugw_nXXS6EY0Y1jcmal4AaABAg.ATC_zPUM74-ATH26gqZDbZ,선크림치고 비싸지 않나...
4961,yt_comment,youtube,,백탁,불만,0,2026-07-22,2026-07,EX7ReqYaH6U/UgyVPKySu71htmn6daN4AaABAg,혹시 아가들이 많이쓰는 선크림 성분이 무기자차로 알고있고 백탁현상이 많은데 그것도 다
4963,yt_comment,youtube,,건조,불만,9,2026-07-22,2026-07,UxQ2Ew9G8tg/Ugwx6jWyV2z07NIG4uV4AaABAg,구달 수분 선크림 처음엔 괜찮은데 갈수록 속건조가 심해지더라고요… 같은 라인 무기자차는 괜찮았는데 이상한 일이죠😅😅
4964,yt_comment,youtube,,기타불만,만족,1,2026-03-23,2026-03,lYVDGNV01yI/Ugw09iJydNP5piqqDwd4AaABAg,자작 선크림 눈 개시린데 별로 안 예민하신듯
4965,yt_comment,youtube,,트러블,불만,0,2026-07-22,2026-07,dJVLV1x3x7w/UgzLsbKim6iWXZh-1-d4AaABAg.AYRTeVP2KZAAYUZN-OJswk,"다른 건 헤라, 랑콤, dr.g 수딩어쩌고 정도가 뭐 안 나던데 저도 썬크림 바르면 알레르기아니면 트러블 올라오는데 얘네를 발라도 시간 오래되면 뭐가 나서 자주 안 바르긴하는데 바르면 저거 네개중에 발라요"
4966,yt_comment,youtube,,눈시림,불만,1,2026-07-22,2026-07,UxQ2Ew9G8tg/Ugwh9FH2SJE-a5uZXwd4AaABAg,복합성인데 에스쁘아 핑크선크림 잘쓰고있었는데 가끔 눈 시림이 있어서 요번에 메디힐로 바꿔봤는데 첨엔 발림성이 로션 같아서 괜찮을까했는데 좀 지나니까 전 피부가 뽀송뽀송해지더라구요
4967,yt_comment,youtube,,용량가격,만족,1,2026-07-22,2026-07,UxQ2Ew9G8tg/UgysztaBYl4hDhF524d4AaABAg,가격도 1+1이 2만원 초반대•• 진짜 인생 선크림 찾았어요ㅠ
4969,yt_comment,youtube,,끈적유분,불만,10,2026-07-22,2026-07,x4IxFyb0E1Q/UgwN3OWRv6lLiILCUcR4AaABAg,그리고 전 수부지 중에서도 파워 유분인간이라 그런지 기름이 좀 올라오는 편이라 선크림을 매트한걸로 쫙 발라주고 자빈드 쿠션 두드리면 하루종일 완벽한 피부 쌉가능입니다.
4971,yt_comment,youtube,,백탁,만족,28,2026-07-22,2026-07,BeZoT3Fml6A/Ugxr13kMnNT5QZBkd4V4AaABAg.AXrf7X6EpCXAZ7c1ZWGy6i,그냥 백탁있고 없고 나발이고 걍 처발처발 떡칠함 근데 사실 저 정도면 선크림을 얼굴에 씌운 수준이라 놀랍게도 피부 ㅈㄴ 좋음 기사사진에서도 노굴욕임ㅋㅋㅋㅋㅋ
4973,yt_comment,youtube,,향,만족,16,2026-06-22,2026-06,BeZoT3Fml6A/Ugwx9pz9NaqHgYdDEZF4AaABAg,잠티님 선크림을 퍼프로 발라도 자외선 차단 지수에 영향은 없을까요 ??
4976,yt_comment,youtube,,건조,만족,0,2026-06-22,2026-06,ABQkZzwV2O8/Ugz3TYwJ4jbIx7E3v0B4AaABAg.AXebovztNIzAXfwikjPYMD,"제가 써본 무기자차 중엔 달바 마일드 선크림이 가장 촉촉했어서, 순한 무기자차이면서 속당김 덜한 제품 찾고 계신다면 요거 추천드립니다!"
4977,yt_comment,youtube,,밀림,불만,0,2026-06-22,2026-06,yHPnTE5KPi4/Ugz-Rk8qSnmrcIX4Tjh4AaABAg,선크림만 바르믄 화장이 밀려서 항상 고민이었는데 영상 보면서 이유를 알게 돼써요!
4978,yt_comment,youtube,,답답무거움,만족,1,2026-06-22,2026-06,yHPnTE5KPi4/UgzdF2mbHeIBB4fasFt4AaABAg,"달바 제품은 평소에도 촉촉하고 사용감이 좋아서 믿고 보게 되는데, 워터풀 판테놀 리퀴드 에센스 선세럼은 이름만 들어도 너무 기대돼요💛 선크림은 매일 바르는 만큼 답답함 없이 촉촉한 제품을 선호하는데, 에센스처럼 가볍고 수분감 가득한 사용감일 것 같아서 꼭 써보고 싶습니다✨ 자외선 차단과 보습을 한 번에 챙길 수 있을 것 같아 올여름 필수템으로 기대 중이에요🥰"
4979,yt_comment,youtube,,기타불만,불만,0,2026-06-22,2026-06,yHPnTE5KPi4/Ugx_86DAQ4JzZIq4DDR4AaABAg,"다들 좋다는 선크림 써봐도 내 피부에만 안 맞아서 유목민 생활 중이었는데, 피부 타입별로 꼼꼼하게 정리해주신 덕분에 이번 여름 인생 선크림 찾을 수 있을 것 같아요!"
4980,yt_comment,youtube,,답답무거움,만족,0,2026-06-22,2026-06,yHPnTE5KPi4/Ugw7EXXiEMteUCZNtdd4AaABAg,"평소 선크림은 답답하고 건조해서 손이 잘 안 갔는데, 달바 워터풀 판테놀 리퀴드 에센스 선세럼은 촉촉한 에센스 제형에 판테놀까지 담겨 있어서 정말 기대돼요!"
4981,yt_comment,youtube,,답답무거움,만족,1,2026-06-22,2026-06,yHPnTE5KPi4/Ugy7LhnxcFiBfk7hWLZ4AaABAg,해결했어요💗항상 스동이들을 위해 유용한 정보 담은 영상 올려주셔서 너무 감사해요☺ 달바 워터풀 판테놀 리퀴드 에센스 선세럼은 선케어와 스킨케어를 동시에 할 수 있다는 점이 특히 기대돼요✨ 판테놀 성분이 함유되어 있어 자외선 차단뿐만 아니라 피부 진정과 보습까지 챙길 수 있을 것 같고 워터리한 에센스 제형이라 여름에도 답답함 없이 촉촉하게 사용할 수 있을 것 같아요 !
4982,yt_comment,youtube,,지속력워터,만족,1,2026-06-22,2026-06,yHPnTE5KPi4/UgwqHJjJzdqXASFNN6F4AaABAg,"피부에 맞지 않는 걸 사용하면 실시간으로 피부가 무너지게 보이는…｡･о･｡ 근데 요즘 저의 고민이 잘 쓰고 있던 선크림도 여름이 되니 조금씩 무너져 내리는 게 느껴지더라고요… 피부에 착붙할 좋은 제품을 찾고 있었는데, 이렇게 선크림 고르는 방법과 종류에 대해서 자세하게 설명해주시다니.•♡ 그리고 언니가 추천해준 달바의 선세럼 진짜 선세럼이라는 이름에 걸맞게 스킨케어같이 가벼운 느낌이라서, 피부에도 무리 안가고 화장도 무너지지 않을 것 같아서 꼭 사용해보고 싶다는 생각이 들었어요!"
4983,yt_comment,youtube,,트러블,불만,0,2026-06-22,2026-06,yHPnTE5KPi4/UgyamVUjihUsHfmp-Wh4AaABAg,건성이라서 항상 촉촉 선크림만 써왔는데 트러블 나는 경우가 있어서 고민이 많았는데 이번 달바 선크림 꼭 써보고 싶어요!!
4984,yt_comment,youtube,,끈적유분,불만,0,2026-06-22,2026-06,yHPnTE5KPi4/UgzaQ0QKPRQ02ISOJal4AaABAg,"달바 선세럼은 워낙 유명해서 예전부터 꼭 한번 써보고 싶었던 제품이에요🥹선크림 특유의 답답하고 무거운 느낌을 별로 안 좋아하는데, 촉촉한 에센스 제형이라니 더 기대되더라구요✨요즘 갑자기 더워져서 끈적이는 선제품은 손이 잘 안 가는데 수분감 가득한 리퀴드 타입에 쿨링감까지 있다고 하니 여름 데일리 선케어로 딱일 것 같아요🩵산뜻하면서 촉촉한 선제품 찾고 있었는데 꼭 한번 사용해보고 싶습니당!"
4985,yt_comment,youtube,,답답무거움,불만,1,2026-06-22,2026-06,yHPnTE5KPi4/Ugw7MM3p8IG0SsHHJA54AaABAg,"저는 수부지에 얼굴 열감도 많은 편이라 여름만 되면 속수분은 금방 날아가고, 턱이랑 볼 쪽에 좁쌀이 꼭 올라오거든요…그래서 선크림도 조금만 답답하거나 무거우면 바로 손이 안 가게 되더라구요."
4986,yt_comment,youtube,,백탁,불만,0,2026-06-22,2026-06,yHPnTE5KPi4/UgzqwQH1nhR77vLyMQB4AaABAg,맨날 아침 강의 시간에 늦을까봐 선크림 대충 바르고 화장하면 백탁 때문에 하얗게 뜨고 밀려서 진짜 스트레스였거든요ㅠ
4987,yt_comment,youtube,,끈적유분,만족,0,2026-06-22,2026-06,yHPnTE5KPi4/UgwBQFuUAt-NNjHM4OB4AaABAg,끈적임이 없고 피부자극도 덜한 선크림을 찾고 있었는데 좋은제품 소개해 주셔서 감사해요~
4988,yt_comment,youtube,,밀림,불만,0,2026-06-22,2026-06,yHPnTE5KPi4/UgzJfOKa5Y0kYjL9FEh4AaABAg,저두 밀리는 선제품 싫어해서 신경쓰는편인데 끈적임 없이 산뜻하면서도 수분감은 오래 유지해 줄 것 같아서 데일리 선케어 제품으로 꼭 한번 써보고 싶어요💞
4989,yt_comment,youtube,,답답무거움,불만,0,2026-06-22,2026-06,yHPnTE5KPi4/UgwCGXo9FrWuPqsgOzZ4AaABAg,"남들은 인생 선크림이라고 극찬하는 제품도 막상 제가 쓰면 답답하거나, 화장이 밀리거나, 눈이 시리거나 셋 중 하나는 꼭 생겨서 늘 실패했어요 ㅋㅋㅋ"
4990,yt_comment,youtube,,끈적유분,불만,0,2026-06-22,2026-06,yHPnTE5KPi4/UgwCGXo9FrWuPqsgOzZ4AaABAg,"👀 특히 유기자차, 무기자차 차이를 이렇게 쉽게 설명해주는 영상은 처음 본 것 같아요👏 저는 평소에 건조한데 T존은 또 유분이 올라오는 편이라 선크림만 바르면 오후쯤 화장이 무너지고 코 옆에 끼는 게 가장 큰 고민이었거든요?!"
4991,yt_comment,youtube,,발림텍스처,만족,0,2026-06-22,2026-06,yHPnTE5KPi4/UgwCGXo9FrWuPqsgOzZ4AaABAg,🧴 달바 워터풀 판테놀 리퀴드 에센스 선세럼 소개 듣는데 딱 제가 찾던 스타일 같더라고요 🥺🫶🏻 무겁고 답답한 선크림을 정말 싫어하는데 리퀴드 제형이라 가볍게 발린다는 점이 가장 마음에 들었어요 :) 게다가 판테놀 성분이 들어 있어서 피부 장벽 케어까지 된다고 하니까 더 궁금해졌고요!
4992,yt_comment,youtube,,밀림,만족,0,2026-06-22,2026-06,yHPnTE5KPi4/UgwCGXo9FrWuPqsgOzZ4AaABAg,선크림 때문에 화장이 밀리지 않았으면 좋겠다는 게 제 소소한 소원이라 꼭 한번 사용해보고 싶어요🥹🤍 앞으로는 선크림 실패 없이 정착할 수 있기를 기대해봅니다!
4993,yt_comment,youtube,,발림텍스처,만족,0,2026-06-22,2026-06,yHPnTE5KPi4/UgyUw3pzk4Z0wrxk0TZ4AaABAg,달바 선세럼은 워낙 유명해서 꼭 한번 써보고 싶었던 제품인데 선크림 특유의 답답함 없이 촉촉한 에센스 제형이라니 더 기대돼요🥹💛 갑자기 핵 ㅜㅜ
4994,yt_comment,youtube,,답답무거움,불만,0,2026-06-22,2026-06,yHPnTE5KPi4/UgyUw3pzk4Z0wrxk0TZ4AaABAg,더워지면서 무겁고 끈적이는 선제품은 손이 잘 안 갔는데 수분감 가득한 리퀴드 타입에 쿨링감까지 더해진다고 하니 여름 데일리 선케어로 딱일 것 같아요오오오 제발 저에게룽🥰🥰💖
4998,yt_comment,youtube,,답답무거움,만족,0,2026-06-22,2026-06,yHPnTE5KPi4/UgyWFKt-B_xxoUT2-nB4AaABAg,"화장품개발자이셨어서 아시는 정보들과 많은 것들을 찾아보고 영상에 담아주셨다는 게 바로 느껴졌어요👍 평소 선크림의 답답한 사용감을 좋아하지 않는데 NEW 워터풀 판테놀 리퀴드 에센스 선세럼은 스킨케어처럼 촉촉하고 가벼운 제형이라고 해서 기대돼요💫 영상에서 말해주신 듯이 알래스카 빙하수 45% 함유로 산뜻하고 시원한 사용감을 느낄 수 있을 것 같고 판테놀 20,000ppm이 함유되어 있어 자외선 차단과 함께 피부 보습까지 챙길 수 있다는 점이 마음에 들어요!"
4999,yt_comment,youtube,,밀림,불만,0,2026-06-22,2026-06,yHPnTE5KPi4/UgwJuw13w5-hlt6ecAV4AaABAg,세럼처럼 가볍고 촉촉한 리퀴드 제형이라 메이크업 전에 사용해도 밀림이나 들뜸 걱정이 없어서 너무 마음에 들어요✨️ 즉각적인 쿨링감과 산뜻한 마무리감까지 갖춰져 있어서 다가오는 여름철 데일리 선케어로 딱일 것 같아요💓 평소 화장이 잘 뜨고 베이스가 들뜨는 편이라 상은언니가 추천한 화잘먹 선크림이라 더더 기대되고 써보고 싶어요✨️ 스킨케어의 연장선처럼 부담 없이 사용할 수 있으니까 사계절 내내 매일 쓰기 좋을 것 같아요🌟
5001,yt_comment,youtube,,눈시림,불만,0,2026-06-22,2026-06,yHPnTE5KPi4/UgyshI0FMGg6FvH7s-V4AaABAg,"선크림 유목민이고 항상 눈시림, 트러블때문에 선크림 사용이 좀 꺼려졌었는데 이 제품 너무 궁금해요..!!"
5002,yt_comment,youtube,,답답무거움,불만,0,2026-06-22,2026-06,yHPnTE5KPi4/UgyaA0q_5KVr9Ewl5wd4AaABAg,"선크림을 365일 매일 바르는 편이라 이것저것 정말 많이 써봤는데, 아무리 좋다고 유명한 제품도 제 피부에는 밀리거나 답답하게 느껴지면 안쓰게 되더라구요😢늘 유기자차, 무기자차, 혼합자차 차이가 궁금했는데 쉽게 설명해주셔서 너무 유익했어요 ✨ 특히 선크림만 바르면 화장 밀리는 이유랑 피부 타입별로 고르는 방법이 정말 도움됐어요👍달바 제품은 평소에도 촉촉하고 사용감이 좋아서 애용하는 브랜드인데, 워터풀 판테놀 리퀴드 에센스 선세럼은 넘 기대 돼요💛 건조함 때문에 선크림 바르기 전에 기초를 여러 단계 올리는 편인데, 스킨케어와 선케어를 한 번에 할 수 있다는 점에서 딱 제가 제품이에요."
5003,yt_comment,youtube,,답답무거움,불만,0,2026-06-22,2026-06,yHPnTE5KPi4/Ugya9rv5Kslf6Ukhkk94AaABAg,평소 선크림의 답답한 사용감을 싫어하는 편이라 여름만 되면 선크림 더 잘 발라야되는 건 머리론 이해하지만 선크림 특유의 끈끈한 기름짐이 답답하게 느껴져서 손이 잘 안 갔는데 달바 워터풀 판테놀 리퀴드 에센스 선세럼은 촉촉하게 발리면서도 마무리는 산뜻하게 잡아준다고 해서 특히 여름철에 끈적임 없이 편안하게 쓰기 좋을 것 같아요💗 판테놀도 무려 20000ppm이 함유되어 자외선 차단은 물론 피부 장벽 케어까지 가능하다는 점이 마음에 들어요
5004,yt_comment,youtube,,끈적유분,만족,0,2026-06-22,2026-06,yHPnTE5KPi4/Ugya9rv5Kslf6Ukhkk94AaABAg,에센스처럼 촉촉하고 가벼운 제형이라 메이크업 전에도 부담 없이 사용할 수 있을 것 같고 여름철 달아오른 피부를 시원하게 진정시켜 주는 쿨링 효과도 기대돼요✨️ 끈적임 없이 산뜻하게 밀착되면서 수분감은 오래 유지해 주니까 피부를 보호하면서 촉촉한 광채까지 챙겨줄 것 같아서 올여름 데일리 선케어 제품으로 꼭 사용해 보고 싶어요☀️
5005,yt_comment,youtube,,끈적유분,불만,1,2026-06-22,2026-06,yHPnTE5KPi4/Ugyfm2miOr-CBzFre9h4AaABAg,달바 에센스 선크림 써봣엇는데 너무 기름지고 무거워서 못쓰고 잇엇그등요...
5006,yt_comment,youtube,,밀림,불만,0,2026-06-22,2026-06,yHPnTE5KPi4/Ugx1InPIy00mQaFmAc94AaABAg,"선크림 바르면 떡지고,, 에센스나 앰플은 너무 기름진건지 퍼프로 바르는데도 밀려서,,ㅠㅠ"
5007,yt_comment,youtube,,백탁,만족,0,2026-07-23,2026-07,6HVfeFqWChQ/UgxEAOLoN0gqFrxZyWJ4AaABAg,선크림: 구달 맑은 어성초 진정 수분 선크림 이것도 여러통 쓰는중 순하고 ㄹㅇ 촉촉하고 백탁 없어요
5011,yt_comment,youtube,,기타불만,불만,0,2026-06-22,2026-06,bhc9L9E2kFw/Ugytu4ADWsbKmXRpdPd4AaABAg,썬크림의 목적별로 느낌별로 정리가 너무 잘되있고 간결하게 찝어주셔서 너무너무 좋아요~
5012,yt_comment,youtube,,트러블,불만,0,2026-06-22,2026-06,bhc9L9E2kFw/Ugz2xKBG-RZn0wwARuh4AaABAg,저는 트러블피부고 요즘은 화장을 안 해서 항상 무기자차 선크림만 바르고 있는데 선크림을 바르고 외출한 후 돌아오면 항상 트러블이 생겨요ㅠㅠ
5015,yt_comment,youtube,,백탁,불만,0,2026-06-22,2026-06,bhc9L9E2kFw/Ugx8L0Afal646A1-3O14AaABAg,선크림에 파우더를 하구나 픽서를해도 3시간이면 다사라지고 제 피부가 이상한건지 제품 지속력이 안좋은건지ㅜ(근데 평소화장할때도 다크닝이 금방생기는거 보면 피부의 문지같은데 잘모르겠어요ㅜ)..
5016,yt_comment,youtube,,트러블,불만,0,2026-08-16,2026-08,bhc9L9E2kFw/Ugz6cCdISdxgJTLsgN94AaABAg,셀퓨전씨 아쿠아티카 100 선크림 쓰다가 피부가 엄청나게 뒤집어졌어여ㅠㅠ
5017,yt_comment,youtube,,향,만족,0,2026-06-22,2026-06,bhc9L9E2kFw/UgxVBY3BmpATQvkYYX94AaABAg,특유의 선크림 냄새도 한 몫하고ㅠ저한텐안맞는제품이었어요
5019,yt_comment,youtube,,발림텍스처,만족,1,2026-06-22,2026-06,bhc9L9E2kFw/Ugz53UavjGw3IxF1ZB54AaABAg,촉촉하면서 얇게 발리고 뜨지 않는 선크림 없을까요??ㅠ;;)
5020,yt_comment,youtube,,백탁,만족,0,2026-06-22,2026-06,bhc9L9E2kFw/UgzSyTJWk_O37J6S6_54AaABAg,수부지에 노란기가 도는 21호인데 다크닝 없고 지속력 좋은 썬크림 추천해주세요 !!
5021,yt_comment,youtube,,끈적유분,불만,0,2026-06-22,2026-06,bhc9L9E2kFw/Ugz_jlf4QZlC9W79qkl4AaABAg,징짜 선크림 많이 써보고 닥터지 마일드로 정착했는데 넘 소름돋는게..제가 지성에 유분폭팔이에요..그래서 잘 맞았나봐요!
5022,yt_comment,youtube,,끈적유분,불만,0,2026-06-22,2026-06,bhc9L9E2kFw/UgyEOrKTi3tzRsCT0H14AaABAg,수부지 복합성에 선크림만 바르고 나가도 티존유분에 좁쌀처럼 코밑 턱 미간 다
5023,yt_comment,youtube,,트러블,만족,0,2026-06-22,2026-06,bhc9L9E2kFw/UgyEOrKTi3tzRsCT0H14AaABAg,좁쌀유분 안올라오는 선크림 추천해주세요 ㅜㅜ
5024,yt_comment,youtube,,건조,불만,0,2026-06-22,2026-06,bhc9L9E2kFw/Ugxp1cC0DEpC7zPeBUN4AaABAg.AXdFSlS8smHAXdHGlemWLF,"건조함이 느껴지고, 유기자차가 화끈거린다면 무기자차 중 가장 촉촉하면서 좋았던 달바 마일드 선크림 추천드립니다!"
5025,yt_comment,youtube,,끈적유분,불만,0,2026-06-22,2026-06,bhc9L9E2kFw/UgzM2sygLFE5JzyRreZ4AaABAg,"저는 이마랑 티존은 유분기가 있고 이마눈 요철이나 뾰루지 좁쌀이 잘 올라오는 편이고 볼은 건성이고, 약간 홍조도 한번씩 올라오고 나비존에도 요철이 많이 생겨서 선크림을 쓰면 뾰루지날까봐 스킨케어 외에는 아무것도 못 쓰고있는데 뭘 쓰면 좋을까요 ㅜ"
5026,yt_comment,youtube,,자극따가움,불만,1,2026-06-22,2026-06,bhc9L9E2kFw/UgwJC0k9bKI1rzb6W8x4AaABAg,선크림 원래 잘 바르던 것도 가끔 갑자기 화해지면서 엄청 따가운 건 왜 그런 걸까요 ㅠㅠ
5028,yt_comment,youtube,,밀림,불만,0,2026-06-22,2026-06,5sn8KUpnpp4/Ugz47jmMghROpOkRCcJ4AaABAg,이거 쓰고 라운드랩 자작나무 썬크림 쓰고 입큰 톤 웨터 틴티드베이스 쓰면 때 처럼 하얗게 밀려요.
5030,yt_comment,youtube,,기타불만,만족,1,2026-03-23,2026-03,xX0avUeDaD0/UgyVPFWWHCYdIQZQLJd4AaABAg,"톤업선크림을 발라도 헤라파데는 붉은기 커버가 별로 안되고, 그렇다고 비비크림으로 커버하면 주름에 끼고😂"
5031,yt_comment,youtube,,끈적유분,불만,0,2026-04-23,2026-04,xX0avUeDaD0/Ugwz0bjLWYaUo1qbusp4AaABAg,선크림이 번들거리면 더블웨어 광과 밀착을 무너뜨릴까봐 걱정이예요.
5032,yt_comment,youtube,,트러블,불만,0,2026-04-22,2026-04,roKyQ4U2vpc/UgxbDKG5ANVGnn7TwoV4AaABAg,"평소 트러블이 올라오면 그 위에 선크림을 바르기 찝찝하고, 괜히 더 악화되지 않을까 걱정돼서 외출할 때는 패치를 자주 사용해왔는데요."
5034,yt_comment,youtube,,기타불만,불만,1,2026-04-22,2026-04,roKyQ4U2vpc/UgzLeVe2OMk5p6VlUpd4AaABAg,자외선 차단까지 된다니 완전 혁신…💓 게다가 짜기 전/후로 나뉘어 있어서 상황별로 케어할 수 있는 점도 너무 마음에 들어요~!
5039,yt_comment,youtube,,톤업색상,만족,1,2026-08-08,2026-08,Gozrt3nbU1g/UgywTgTMWbVDsQLXxHl4AaABAg.A_-jAHmYQmyA_0Cga8rYf6,그런데 또 선크림이라기엔 또 그냥 마냥 하얗게 되고 또 톤업크림이라기엔 얼룩덜룩하더라구요...
5041,yt_comment,youtube,,백탁,만족,0,2026-05-22,2026-05,EkR8y8-W9ro/Ugyd2FOs7uYik1ZJwl14AaABAg,에스쁘아 수분썬크림 백탁없고 진짜 화잘먹인데 뷰티유튜버들 화잘먹이다
5042,yt_comment,youtube,,끈적유분,만족,1,2026-08-12,2026-08,6TaDXDu65tA/Ugwi_k1xxrNqiuIcsKt4AaABAg.A_NBsxd95SHA_NClCoQIF7,구매만 해놓고 날짜지나 버리는데 홈쇼핑보고 구매해봤는데 넘 좋고 유분기없고 피부도 좋아보여서 1통다쓰고 2통째에요 ❤❤❤ 35년만에 선크림 바르고 다녀요!!!❤❤
5043,yt_comment,youtube,,트러블,만족,6,2026-02-22,2026-02,0l_XhOZZ39I/UgxiCOHQ7-TaTnNZ9Dd4AaABAg,선크림 바르면 여드름 나는데 (2차 세안 해두요ㅠㅠㅠㅠ) 그것도 추천해주세요!
5045,yt_comment,youtube,,건조,불만,4,2026-05-22,2026-05,BtHmub08FZY/UgxC3PcwSSIDlyVHi7F4AaABAg,건조하면서 기름은 터지고 기름광 나는 선크림들 척결해주세요ㅋㅋㅋㅋㅋ그런 지뢰걸리면 스킨케어때문인지 선크림때문인지 헷갈리는데 걸러주셔서 좋네요
5052,yt_comment,youtube,,트러블,불만,2,2026-05-22,2026-05,BtHmub08FZY/Ugx4Jfylt1RDsVaBf9Z4AaABAg,"댜음번에 메이크업이랑 궁합 좋은 선크림 유기자차, 무기자차로 나눠서 해주세요 🙏 무기자차랑 메이크업 제품이랑 안맞는거 알지만 유기자차 트러블 나서 못쓰는 사람들도 많아요 ㅜㅜ"
5055,yt_comment,youtube,,끈적유분,불만,1,2026-05-22,2026-05,BtHmub08FZY/UgzU_StRZWkHLQWC84h4AaABAg,소라님 ❤❤ 얼굴에 유분도 많은데 벌써 땀도 많이나서 선크림 쉽지 않네요-- 영상보고 잘 골라볼게요--❤❤
5056,yt_comment,youtube,,건조,불만,0,2026-05-22,2026-05,BtHmub08FZY/UgwX3ywk-pISzy4HzPh4AaABAg,건성인데 무기자차 썬크림 바르면 건조하더라구요
5057,yt_comment,youtube,,건조,불만,0,2026-05-22,2026-05,BtHmub08FZY/UgyHxwStpBKl6x78Up54AaABAg,메이크프렘 선크림 저는 별로였는데…거의 대부분의 제품들을 속건조 있다고 하시네요
5059,yt_comment,youtube,,건조,만족,0,2026-05-22,2026-05,BtHmub08FZY/Ugw6P51P2pbrdO9JtwB4AaABAg,전 딘시 톤업 선크림 속건조 안 느껴지는데
5062,yt_comment,youtube,,끈적유분,불만,1,2026-05-22,2026-05,BtHmub08FZY/UgxPvCV0a72LQaPWFJ94AaABAg,간호사라서 직업상 마스크를 계속 쓰다보니 촉촉하고 유분기 있는 톤업 선크림은 못쓰겠더라구요ㅠㅠ
5063,yt_comment,youtube,,건조,불만,1,2026-03-23,2026-03,OHAX6JnemgY/UgwrX5PFhgJ_cBp03EN4AaABAg,"홍이모님❤❤❤ 제 고민은요, 홍조 + 모공+땀 (건조한피부) 때문에 화장이 진짜 잘 지워지고 뜨는데요, 저는 선크림은 꼭 바르고 싶은데.."
5064,yt_comment,youtube,,답답무거움,불만,2,2026-04-23,2026-04,OHAX6JnemgY/UgzjG2O1lxflo5oW6MV4AaABAg,쌤 선크림은 아무거나 바름 될까요??ㅠ
5065,yt_comment,youtube,,끈적유분,불만,1,2026-03-23,2026-03,OHAX6JnemgY/UgziW-qEzwF8bGzBEyZ4AaABAg,"요즘 라노슈포제b5스킨, 아이오페 레티놀 하얀통세럼, 무기자차선크림, 아르마니 패브릭 파데로 쓰는데, 사무실서 난방을 해서 그런지 유분에 눈가는 건조하네요.."
5066,yt_comment,youtube,,끈적유분,불만,0,2026-06-22,2026-06,hJSnGvkSzG8/UgxtvsqxAr4XoZjso_94AaABAg,웅니… 바디에 쓸 선크림 추천해조요… 건조한건 안펴발리고 촉촉한건 끈적해서 싫고.
5067,yt_comment,youtube,,용량가격,만족,70,2026-07-22,2026-07,tAb9LjHkveI/UgzgHS0M8X_wQYrM1bt4AaABAg,해니님의 영상에도 나온 바디선크림 클렌징 하실 때 추천 하신(얼굴에도 사용하신다하셨는데 저는 강경 클렌징밤 파) 바이오더마 클렌징 오일로 지우면 빡센 워터프루프 선크림도 잘 지워지겠지만 가격적으론 부담이라(막 비싸진 않지만 거지이슈) 바디워시랑 샤워타올이나 샤워볼로 잘 지워지는 걸 원하실 때 추천드리고(이 영상에서 추천하신 메이크프렘 선크림은 이 방법으로 지우면 진짜 한 3번은 씻어야 지워지더라구요..
5070,yt_comment,youtube,,끈적유분,만족,1,2026-07-22,2026-07,tAb9LjHkveI/Ugys1SV8uUdQ0fdYqfB4AaABAg,얼굴에 바르는 끈적이지않는 썬크림은 뭐있어요??
5071,yt_comment,youtube,,눈시림,만족,19,2026-07-26,2026-07,_A7zP39tgmQ/Ugx4X7d9lf3392K9h5Z4AaABAg,선크림을 세수하듯이 바를수있다는게 너무 놀랍자나요...눈시림없는거 역시 최고..
5072,yt_comment,youtube,,끈적유분,만족,3,2026-07-26,2026-07,_A7zP39tgmQ/UgxHW9AvgwmJPqo_tlp4AaABAg,선크림을 저렇게 처바르는데 하얗게 안뜨네 ㄷㄷ 끈적임이 없어서 저렇게 바르는거겠죠?ㅋㅋㅋㅋ
5073,yt_comment,youtube,,톤업색상,만족,0,2026-08-17,2026-08,PoIUiF_Usjo/UgzNx-8I496Fd6gW0Mt4AaABAg.A_ZvTgOSk2FA__2pgyQfLF,@hoonion 헉스 아쉬우ㅏ용 저 진짜 인생 톤업 선크림이에요..
5075,yt_comment,youtube,,건조,만족,1,2026-04-22,2026-04,bDX4hpxXlYc/UgxgYOkuT1S0A07QBbp4AaABAg,이제 곧 여름이라 파데프리 간절합니다 ❤ 그리고 제가 아직 톤업 선크림중에 건성이 쓸만큼 속건조 안 오는 애를 달바 말곤 못 찾아서..
5076,yt_comment,youtube,,트러블,불만,0,2026-04-22,2026-04,bDX4hpxXlYc/Ugx-jQWc8eHbGwkb3ot4AaABAg,소살님 트러블 지성 피부에는 어떤 선크림을 추천하시나용...??
5080,yt_comment,youtube,,톤업색상,만족,0,2026-04-22,2026-04,bDX4hpxXlYc/Ugyc3BP1wM--bLJFtN54AaABAg,톤업 선크림도 파데프리로 좋아하는데 다음에 해주세요!!!😮
5083,yt_comment,youtube,,건조,불만,0,2026-03-23,2026-03,OHAX6JnemgY/UgwG2vUZBqIzgKxkdJh4AaABAg.AUAKtWx06TAAUARQ7MscHU,"저도 건조한데 스킨, 에센스, 선크림 딱 세개만 써요."
5087,yt_comment,youtube,,밀림,불만,0,2026-04-22,2026-04,bDX4hpxXlYc/UgxE-eokvfpxiPj4FyB4AaABAg,"친구 화장대에 있는 선크림 한번 써봤는데, 평소 쓰던 선크림들은 매번 화장 밀림이 있었는데… 요"
5088,yt_comment,youtube,,눈시림,만족,1,2026-04-22,2026-04,bDX4hpxXlYc/UgxJqDR5HWinWcDpK2F4AaABAg,수부지 티존기름광에 썬크림만 바르는데 어떤 썬크림이 톤업도되면서 밀림 모공부각없고 눈시림도 없나요?
5089,yt_comment,youtube,,톤업색상,만족,0,2026-05-22,2026-05,bDX4hpxXlYc/UgwTYZrgF4AHalA6k554AaABAg,아트델리 멜라컷톤업선크림 쓰는분은 없나요 ㅠ
5092,yt_comment,youtube,,밀림,불만,2,2026-04-22,2026-04,bDX4hpxXlYc/Ugz0l_0p-0TUcS0Z7ft4AaABAg,화장 안밀리고 화장이 촉촉 쫀득하게 잘먹는 베이스로 쓸 수 있는 썬크림 추천해주세요.
5094,yt_comment,youtube,,눈시림,불만,0,2026-04-22,2026-04,bDX4hpxXlYc/Ugy5sHT2vQKaQpgwGbx4AaABAg,눈시림때문에 진짜 선크림을 한번 바르고 남줘버린게 수두룩합니다..그나마 지금 몇통째 쓰는게 비플레인 이네요..
5095,yt_comment,youtube,,답답무거움,불만,0,2026-04-22,2026-04,bDX4hpxXlYc/UgwZTJev1FvRDB-Rw3R4AaABAg,저는 선크림 바르면 좁살여드름 나고 답답하던데 유기자차 발라서 그런건가요?
5098,yt_comment,youtube,,눈시림,만족,8,2026-07-23,2026-07,IWzJ6R5WDp8/UgwT5sbiIkLnoVYXeMp4AaABAg,눈시림없는것도 너무 좋고 여름 필수 선크림 필요했는데 좋는템 추천 감사합니다
5099,yt_comment,youtube,,백탁,만족,8,2026-07-23,2026-07,IWzJ6R5WDp8/UgzXQQvqnjLfgH4vRR94AaABAg,여름이라 선크림 유목민이엇는데 영상 보고 VT 선크림으로 환승하고 싶어졌어욤!☀️ 백탁 없이 가볍게 발린다는 점이 특히 기대됩미다...
5100,yt_comment,youtube,,밀림,불만,0,2026-06-22,2026-06,X6m7UMLDWJc/Ugx8otZfduZ7vn7DEQF4AaABAg.AXS2DsQvq0IAXSD-Qxh_yL,이미 뭉쳐버린 부분은 지우고 다시 하는거 말곤 방법이 없긴해요😭 퍼프로 밀거나 그대로 두드리면 더 심해져서 애초에 파우더를 정말 얇게 발라주시거나 선크림+면봉 아니면 증정으로 주는 작은 토너패드같은거 들고다니시면서 수정화장 해주시는게 제일 안전한 수정방법이에요!!
5101,yt_comment,youtube,,끈적유분,불만,0,2026-07-23,2026-07,IWzJ6R5WDp8/Ugwp5FX23_MmQkB7bcZ4AaABAg,요즘처럼 햇볕이 강한 날에는 선크림을 매일 바르는데ㅠㅠ답답하거나 끈적이는 사용감 때문에 만족스러운 제품 찾기가 쉽지 않더라고요😢이번 VT 피디알엔 에어 클라우드 선스크린은 이름처럼 가볍고 산뜻한 사용감이 정말 기대됩니다앙💙
5102,yt_comment,youtube,,백탁,만족,1,2026-07-23,2026-07,IWzJ6R5WDp8/UgypnqJHkk3JKxdUBih4AaABAg,✨ 스킨케어처럼 듬뿍 발라도 눈시림이나 백탁 전혀 없이 싹 흡수되는 VT 에어클라우드 선크림 제형 보는 순간 진짜 탄성이 나왔습니다 ☁️ 오특 세일 때 무조건 직진해야겠어요!
5103,yt_comment,youtube,,눈시림,만족,1,2026-07-23,2026-07,IWzJ6R5WDp8/UgzJolECkt2mggN7vul4AaABAg,선크림 눈시림 진짜 싫어하는데 테스트 대박이여용ㅎㅎ
5104,yt_comment,youtube,,눈시림,만족,2,2026-07-23,2026-07,IWzJ6R5WDp8/UgyulWqPoSRVqoHRrDp4AaABAg,근데 VT 선크림은 엄청 촉촉해서 바르자마자 피부에 편안하게 흡수되고 눈시림이나 밀림도 없을 듯해서 꼭 써 보고 싶네요.
5105,yt_comment,youtube,,백탁,만족,0,2026-07-23,2026-07,IWzJ6R5WDp8/UgymnI4Q1PSJ-tuklXl4AaABAg,눈시림 없고 백탁 없는데 보송하게 마무리된다는 게 너무 좋은 것 같아요😊😊 여름 화잘먹 선크림 찾고 있었어서 써보고 싶어요!!
5106,yt_comment,youtube,,눈시림,만족,0,2026-07-23,2026-07,IWzJ6R5WDp8/UgxStTHzmCh6aTmvlJB4AaABAg,VT 선크림 진짜 궁금했는데 후니언님 영상 보니까 더 써보고 싶어졌어요🩵 선크림은 듬뿍 발라야 하는데 눈 시림이나 밀림 때문에 늘 적게 바르게 되더라구요🥹 근데 이 제품은 촉촉하게 착 밀착되고 백탁도 없어 보여서 메이크업 전에 쓰기 딱일 것 같아요!
5109,yt_comment,youtube,,백탁,만족,0,2026-07-23,2026-07,IWzJ6R5WDp8/UgyzdOGBwAAOeq1LjVZ4AaABAg,요즘 제일 핫한 선크림이다......!!!!진짜 많이 발라도 백탁없고 흡수도 잘되는지 궁금해요...!!
5110,yt_comment,youtube,,백탁,불만,0,2026-07-23,2026-07,IWzJ6R5WDp8/UgzV2Z-nmLCKp-GicIF4AaABAg,제가 딴 건 몰라도 후니언님 추천템은 믿고 따라 하는데 핫한 신상템 추천 영상을 가져와주시다뇨..🤩 제가 사실 선크림 유목민이었는데 선크림만 바르면 번들거리고 백탁에 묵직하고 답답한 느낌이라 스트레스였거든요ㅠㅠ
5111,yt_comment,youtube,,발림텍스처,만족,0,2026-07-23,2026-07,IWzJ6R5WDp8/UgzV2Z-nmLCKp-GicIF4AaABAg,그런데 VT 피디알엔 에어 클라우드 선스크린은 안 바른 듯 가벼운 무중력 제형으로 피부가 숨 쉬듯 편안하게 감싸주는데 마냥 자외선 차단만 되는 게 아니라 식물성 PDRN으로 속부터 차오르는 탄력이랑 광채 케어까지 가능하다니 기대 안 할래야 안 할 수가 업짜나요!!🥹 이번 VT 선케어 제품으로 메이크업 전 피부 세팅하고 나가면 1보1번따는 시간문제 아니냐구 (희망사항ㅎ) 매번 이런 좋은 정보랑 꿀템만 가져오는 후니언 채널 애정합니다🤍 앞으로 꽃길만 걸읍시다
5112,yt_comment,youtube,,끈적유분,만족,0,2026-07-26,2026-07,IWzJ6R5WDp8/UgzJA2GRYREMIUQvFYl4AaABAg,날씨도 너무 덥고 땀나고 찝찝해서 선크림도 최대한 수분위주 가벼운거 시원한거 바를려고 하는데 vt선크림 요새 너무 가볍고 안바른것 같은게 너무 기대돼요!!선크림 기술 좋아져서 대부분 메컵 안 밀리고 잘 먹는다지만 나중에 유분나오고 지워지고 그러면 너무 화나는뎀 결정리도 해주고 메컵도 잘 먹는데 마무리감이 뽀숑하게 되니까 나중에 유분 걱정도 안하고 안바른것 같은 마무리니까 몸에 쓰기도 좋고 너무 써보고 싶어요 ㅎㅎ
5113,yt_comment,youtube,,눈시림,만족,3,2026-07-23,2026-07,IWzJ6R5WDp8/UgxS4hckwmM5NL1Lwbp4AaABAg,진짜 많이 발라도 흡수 싸악 되면 예쁜 광감 올라오고 눈시림도 없고 너무 좋은데 선스틱도 좋다니 너무 궁금하네요~~
5114,yt_comment,youtube,,눈시림,만족,4,2026-07-23,2026-07,IWzJ6R5WDp8/UgzgkbX-5UXERKJ5H694AaABAg,와… 눈시림 없는 썬크림 대박인데요..?
5115,yt_comment,youtube,,눈시림,불만,4,2026-07-23,2026-07,IWzJ6R5WDp8/UgzgkbX-5UXERKJ5H694AaABAg,눈시림 때문에 썬크림 패스 하는 경우가 많았는데ㅜㅜ
5116,yt_comment,youtube,,지속력워터,불만,4,2026-07-23,2026-07,IWzJ6R5WDp8/UgzgkbX-5UXERKJ5H694AaABAg,VT 선크림 미친듯이 사용해보고 싶네요😍😍😍 여름에 땀 엄청 흘리면 더 불편할때가 많거든요🥹 오특 5분 남았다!!
5117,yt_comment,youtube,,밀림,불만,0,2026-05-22,2026-05,ojXxVwaEwMo/UgzpcHQIcWtTdaWe0Mh4AaABAg,😢 기초나 선크림이 흡수가 덜된 상태에서 밀어발라서 같이 밀려버리는 바람에 그러는걸까요?
5119,yt_comment,youtube,,건조,불만,4,2026-04-22,2026-04,2_Ytt2m6BeY/UgwPPaoSXKDaydNV7CV4AaABAg,선크림 쓰는 중인데 개악건성인 저한테는 바르고 나면 건조해져요..
5120,yt_comment,youtube,,용량가격,만족,5,2026-04-22,2026-04,2_Ytt2m6BeY/UgzHfJjU6azVCHC7Fwp4AaABAg,"근데 진짜 저 선제품 진짜 좋아요..토코보2종,토리든,메디힐 등등 여러 선크림을 중간중간 써봤지만 가격이나 화잘먹으로보나 진짜 제일입니다."
5121,yt_comment,youtube,,끈적유분,불만,0,2026-04-22,2026-04,2_Ytt2m6BeY/Ugyz9ut4IcWZkJTnTN14AaABAg,남편은 끈적거려서 선크림 바르는걸 싫어하는데 고민하다가 요거 같이 써보려고요❤
5122,yt_comment,youtube,,건조,불만,1,2026-04-22,2026-04,2_Ytt2m6BeY/UgwiN1edQPsDxigVRkx4AaABAg,쿠션에 물 뿌려서 발랐는데 그날 너무 건조해서 이상했는데 물을 너무 많이 머금고있어도 안되는군요😅 아 글구 혹시 메이크업 안하는 날은 저 선크림을 두번 펌핑해서 나눠서 바르면 될까요?
5123,yt_comment,youtube,,백탁,만족,3,2026-07-23,2026-07,IWzJ6R5WDp8/Ugx9xB5MpvZ9ByrKOu94AaABAg,브이티 선크림 촉촉하고 백탁없이 부드럽게 발리는것같아요❤ 흡수력좋고!!!
5124,yt_comment,youtube,,눈시림,만족,1,2026-07-23,2026-07,IWzJ6R5WDp8/UgxVSDy0iY4SHYRxHIp4AaABAg,"개인적으로는 VT 선스크린이 눈 시림 없이 촉촉하게 밀착된다는 점이 가장 인상 깊었고, 쿠션 비교도 피부 표현 차이를 한눈에 볼 수 있어서 많은 도움이 됐어요!"
5126,yt_comment,youtube,,끈적유분,만족,1,2026-07-23,2026-07,IWzJ6R5WDp8/Ugz0WGGC6CaakckjWX94AaABAg,그래서 자외선 차단력이 좋으면서도 끈적임 없이 산뜻하게 사용할 수 있는 선케어 제품을 항상 찾고 있습니다.
5127,yt_comment,youtube,,끈적유분,만족,1,2026-07-23,2026-07,IWzJ6R5WDp8/Ugz0WGGC6CaakckjWX94AaABAg,"평소 민감한 피부에도 부담 없이 사용할 수 있는 순한 사용감과 끈적이지 않는 마무리를 선호하는 만큼, VT 선크림&선스틱 세트가 제 피부에 잘 맞는지 직접 경험해보고 싶습니다."
5128,yt_comment,youtube,,백탁,만족,0,2026-07-23,2026-07,IWzJ6R5WDp8/Ugyzse5U1-oBZKk_ndF4AaABAg,"하다보니 썬기능은 물론이고 피부에서 안뜨면서 잘 펴 발리고 백탁, 눈시림 같은 불편함 없이 사용감도 좋은 365일 매일 사용 하고 싶은 제품 필요한데 vt 선크림&선스틱 제품이 그런 역할을 해줄 것 같아서 기대가 되네요😊"
5129,yt_comment,youtube,,끈적유분,만족,0,2026-07-23,2026-07,IWzJ6R5WDp8/Ugx89uF105FyOcz2l194AaABAg,수부지 피부 타입으로 선크림을 바르면 유분이 올라오면서 여드름이 생기는데 눈시림 없고 유분이 올라오지 않으면서 수분감이 남아있는 VT 선스크린과 바르기 편하면서 보송하게 마무리되는 VT 선스틱으로 저의 피부결이 개선되면 좋겠습니다~!
5130,yt_comment,youtube,,눈시림,만족,0,2026-07-23,2026-07,IWzJ6R5WDp8/Ugx17gwM5T0cXJwAZaN4AaABAg,선크림 특유의 유분감이나 답답함 없이 산뜻하게 마무리되고 백탁 현상까지 없다고 해서 데일리로 사용하기 엄청 좋을 것 같아요💓 눈 시림도 없고 피부 자극이 적은 편이라 민감한 피부도 편안하게 사용할 수 있으니까 더 믿음이 가고 매일 사용하기 좋은 제품이라는 생각이 들어요 (근데 저 테스트 영상처럼 바르면 로션이라도 눈에 들어가면 아플 것 같아서 움찔하고 봤어요ㅋㅋㅋㅋㅋ
5131,yt_comment,youtube,,밀림,불만,0,2026-07-23,2026-07,IWzJ6R5WDp8/Ugx17gwM5T0cXJwAZaN4AaABAg,아무리 순해도 담당자님 눈 괜찮으신가요) 선크림 잘못 바꾸면 베이스 메이크업이 때처럼 밀리거나 뭉쳐서 아쉬울 때가 많았는데 후니언 픽은 말해모해 믿고 구매해요🩵
5132,yt_comment,youtube,,발림텍스처,불만,1,2026-07-23,2026-07,IWzJ6R5WDp8/UgzNz-wMzeympaXXvPJ4AaABAg,여름에 자외선이 진짜쎄서 선크림정량만큼 발라야하는건아는데 그정도바르면 화장이 떠서 그냥 포기하고 살았거든요 vt선크림은 양을 저렇게 많이해서 바르는데도 다흡수되는게 진짜 신기해요!!!썬크림특유의 끈적함을 정말싫어하는데 손에까지 바르시다니 정말 수분감만 채워주는거 인증이네요ㅎㅎ
5133,yt_comment,youtube,,백탁,만족,0,2026-07-23,2026-07,IWzJ6R5WDp8/Ugy3u5cq_8FLBZKH07p4AaABAg,백탁이나 눈 시림 걱정 없이 세수하듯 가볍게 슥슥 바를 수 있는 선크림이라니 올여름 필수템으로 무조건 찜콩해야겠어요!
5134,yt_comment,youtube,,눈시림,만족,0,2026-07-23,2026-07,IWzJ6R5WDp8/Ugyy2YcQF6UI4SnKIHN4AaABAg,💙 글고 선크림 순하다고 해도 눈시림 없던 적이 없어서 ..
5135,yt_comment,youtube,,눈시림,만족,0,2026-07-23,2026-07,IWzJ6R5WDp8/UgyNtnFybbnnJatLCiN4AaABAg,"찐이에요,,🩵 쟁여놓기 필수 흐린날에 오히려 자외선 반사가 심해서 선크림 꼭 발라야한다고 하던데 선크림 특유의 번들거리는 마무리가 아니라 산뜻 촉촉하고 눈시림 없어서 너무 좋을 것 같아요🩵"
5136,yt_comment,youtube,,눈시림,만족,2,2026-07-23,2026-07,IWzJ6R5WDp8/UgyYd0L98jTTYEcFjCl4AaABAg,수분없는 피부에 촉촉하게 스며들고 백탁현상없이 샤르르 발림성 좋고 눈시림도 없다하니 요즘 제선크림은 눈이 시리더라구요😢 VT선스크린으로 환승해야겠어요!!
5137,yt_comment,youtube,,백탁,만족,0,2026-07-23,2026-07,IWzJ6R5WDp8/UgyJlRgD8xVyoXLLIjt4AaABAg,"여름에는 진짜 피부 무거운 거 넘넘 싫은데,,,,, vt선크림은 백탁도 없고 걍 기초처럼 쓱쓱 바르기 넘 좋드아,,,🫧🥹 제가 사랑하는 pdrn 성분 들어간 것도...💗"
5138,yt_comment,youtube,,밀림,만족,0,2026-07-23,2026-07,IWzJ6R5WDp8/UgzqKNg_JYeMXEp-R6l4AaABAg,또 화장전에 밀림 없는 제형도 중요하고 후니언님이 추천해주신 선크림이라 기대가 되네요~
5139,yt_comment,youtube,,끈적유분,만족,0,2026-07-23,2026-07,IWzJ6R5WDp8/UgzE_yLnRSX-URrnDEZ4AaABAg,"살짝 적게 바르는 편인데 그래서 그런가 주근깨가 계속 생기는 것 같거둔요,, 왕창 발라도 끈적거리지않으니 화잘먹은 당연하고 이런 선크림이라면 매트쿠션도 두렵지 않습니닷 VT는 윤광 기초만 잘 하는 줄 알았더니 보송한 제형도 잘 만드네요"
5140,yt_comment,youtube,,백탁,만족,2,2026-07-23,2026-07,IWzJ6R5WDp8/UgwRxDRTQ19qQlDcJjR4AaABAg,vt선크림 백탁없고 답답하지않은거 궁금해용
5141,yt_comment,youtube,,끈적유분,만족,0,2026-07-23,2026-07,IWzJ6R5WDp8/Ugy3Q9_NjUy02WAs4Bx4AaABAg,평소 선크림을 바르면 답답하거나 끈적이는 느낌 때문에 손이 잘 안 갔는데 VT 피디알엔 에어 클라우드 선스크린은 수분 로션처럼 촉촉하고 가볍게 발린다고 해서 정말 기대돼요 💙 끈적임 없이 산뜻하게 마무리되면서 메이크업 전에도 밀림 없이 사용할 수 있다고 하니 바쁜 아침에도 부담 없이 사용할 수 있을 것 같아요
5143,yt_comment,youtube,,답답무거움,불만,1,2026-03-23,2026-03,-qaD-T_yY1M/UgwwWouLPFesoGsSlHR4AaABAg,저도 원래 파데 파우더 다했는데 흉터가 많아서 시간 좀 지나면 끼고 답답해보이더라구요.그래서 메이크업은 커버로션이나 선비비로 넘어왔는데 바르면 제형이 좀 일반선크림보다는 되직해서 유기자차를 얼굴에 먼저 한번 발라주고 유기자차랑 섞어서 얼굴에 발라주는데 어느 정도 비율이 괜찮을까용??
5145,yt_comment,youtube,,답답무거움,만족,65,2026-03-22,2026-03,sl9gnDA9ASQ/UgxhhscW2WE9qti1AC94AaABAg,진짜 솔직리뷰 일단 다른 커버썬크림 중에서도 커버력이 쿠션만큼 좋고 답답하지 않음 근데 바르기전에 수분을 잘 채워 줘야함 안 그럼 뜸 지속력은 나쁘지않음 중간정도 피부톤은 굉장히 자연스러움 자극도 없고 순함
5146,yt_comment,youtube,,끈적유분,만족,23,2026-02-22,2026-02,sl9gnDA9ASQ/UgySNjPBhLr57Xdr-tR4AaABAg,수부지인데 그냥 저 선크림 바를때는 유분 너무 돌고 피부에 밀착 안돼서 문지르면 다
5148,yt_comment,youtube,,톤업색상,만족,2,2026-02-22,2026-02,sl9gnDA9ASQ/UgztTaM8K1C6BBKEN8Z4AaABAg,예전 영상에 나왔던 쏘내추럴 톤업 선크림이랑 조선미녀 선세럼 중에 더 추천하시는 제품은 뭔지 궁금해요❤️
5149,yt_comment,youtube,,답답무거움,불만,1,2026-01-22,2026-01,gDYITxly4mA/UgyzF_xVx-DS-ezv-nZ4AaABAg,아니면 무거운 크림을 바르기 전에 선크림을 바르면 되나요?
5150,yt_comment,youtube,,트러블,불만,1,2026-04-21,2026-04,fTtOSS7_8GQ/UgwusSTGaa3k62jOpJB4AaABAg,제가 요즘 피부염 때문에 뭘 발라도 뒤집어져서 선크림조차 무서워하던 유목민이었거든요..
5152,yt_comment,youtube,,밀림,만족,1,2025-10-22,2025-10,cnpVVUKM8Ns/UgwRMC7rfXZJ28iXRcp4AaABAg,그리고 쿠션 바를 때 퍼프에 선크림을 묻히고 발랐었는데 촉촉한 프라이머를 바르고 쿠션을 바르면 훨씬 더 촉촉하게 발려서 들뜨지 않을 것 같네요!!
5153,yt_comment,youtube,,눈시림,만족,0,2026-07-23,2026-07,cQlKl530BHU/UgxkWLT5fjSvOf43laR4AaABAg,5:53 눈시림 없는 선크림 찾고있었는데 대박!!!!
5155,yt_comment,youtube,,백탁,만족,0,2026-06-22,2026-06,AzGZkejakGY/UgyV3zPifRE55PUOIUp4AaABAg,에스쁘아 거의 4통째 쓰고 있는데 저거만큼 백탁없고 화잘먹 썬크림 잘 못봐서 결국 에스쁘아만 쓰게 되더라구요
5156,yt_comment,youtube,,건조,불만,0,2026-06-22,2026-06,JM4J2tAcgQU/UgyENXUQn9QhusW9XFF4AaABAg.AXOlpp8b3AzAY1JdLPsgyT,보습 해주시고 위에 선크림으로 차단 해주시는 게 가장 좋습니다 : ) 건조하시다면 미스트로 관리해주시구요
5157,yt_comment,youtube,,건조,만족,9,2026-01-22,2026-01,l4GG5pLhRlU/Ugxs1PSVqzyXZB4wTXJ4AaABAg.AS6zY8RaCLvAS8mfMrtfCW,제경우는 수분이부족한 인간이라 건조함은 견딜수가 없어서 스킨 에센스 가벼운 크림정도로 마무리하고 썬크림 가벼운거 쓴후 본격적으로 연작이랑이랑 미샤광크림섞은걸로 베이스 시작하는데요
5158,yt_comment,youtube,,건조,불만,0,2026-05-23,2026-05,dJHyNPwsWlU/UgyNbL9Ko4LJ8FmCzzZ4AaABAg,"뜬금없지만 제가 어떤 영상에서 여드름피부면 로션,크림 같이 피부를 덮는 제형이 안좋다고 악화시킨다고..선크림도 쓰지말아야되고 토너랑 세럼만 쓰는데 좋다고 하는 걸 봤는데 전 이렇게 하면 무조건 건조한 수부지피부인데 그냥 여드름 피부면 다"
5159,yt_comment,youtube,,끈적유분,불만,8,2025-08-23,2025-08,E59HmUZ-efY/Ugxst4l0hBcFzVPSBux4AaABAg,항상 얼굴 번들거리고 앞머리 떡지는 게 싫어서 선크림 바른 후 파우더 처리하는 게 필수적인 과정이었기에 해당 부분도 실험해주신 게 너무 좋았어요!!
5161,yt_comment,youtube,,끈적유분,불만,0,2025-08-23,2025-08,E59HmUZ-efY/UgwgyzlX6y_iX46G9aZ4AaABAg.A7X6Ozl0C6LA7a1YrIVHcV,"너무 번들거리거나, 오일 사용량이 많으면 선크림 빨리 지워집니다!"
5162,yt_comment,youtube,,백탁,불만,2,2024-08-23,2024-08,E59HmUZ-efY/UgyklR0kxe6qIvLLI0F4AaABAg,"저는 지성피부라 유기자차만 바르면 너무 번들거리고, 그렇다고 무기자차만 바르기엔 얼굴이 까무잡잡한편이라 백탁현상떄문에 얼굴이 하얘져서 많이 못바르다보니, 제대로 자외선차단 하자는 마음으로 유기자차 듬뿍발라서 얼굴에 흡수시키고 그위에 무기자차를 덮는 방식으로 자외선차단을 하고있는데 이렇게하면 좀더 자외선차단이 잘될지..."
5163,yt_comment,youtube,,건조,불만,0,2026-07-23,2026-07,4_eeSblBrmI/UgyruRefrKRGfeLK1YJ4AaABAg,✅ 일반 립밤은 입술을 촉촉하게 해줄 뿐 자외선까지 차단해주는 건 아님 ✅ 입술도 피부처럼 자외선에 계속 노출되면 건조함이나 색소침착이 생길 수 있음 ✅ 립밤을 고를 때는 보습 성분만 볼 게 아니라 SPF 표시가 있는지도 확인하는 게 중요함 얼굴에는 선크림을 꼼꼼히 바르면서 입술 자외선 차단은 생각도 못 했는데 이제 립밤도 제대로 골라야겠네요
5164,yt_comment,youtube,,기타불만,불만,12,2024-08-23,2024-08,c_FkBUntKsk/Ugw7s2vNhzWgCPpzGcV4AaABAg.A6BaGoQtap-A7Jp1Ntsgmi,​ @anjfRhfkqhk-n8n  저도 실내 선크림은 별로 덧바를 필요
5167,yt_comment,youtube,,발림텍스처,만족,11,2024-08-23,2024-08,c_FkBUntKsk/UgzcAxkn1JqpXapn9214AaABAg,선크림 제형별로 물세안 폼세안 등 비교실험 해보면 재밌을 것 같아요.
5168,yt_comment,youtube,,자극따가움,불만,0,2026-06-22,2026-06,arCdJS-JUjw/UgwRTPE6TTZeaIrmSqd4AaABAg,이거저거 덧바르지 않아야 한디는거 알고는 있는데 어쩐지 하나는 부족한것 같아서 뭔가를 꾸역꾸역 덧바르게 된다는ㅠ😅😢피부 상태 따가울때 무기자차 썬크림을 바르는게 좋다는거 저장해 둘게요😊 ❤
5169,yt_comment,youtube,,자극따가움,불만,0,2026-05-23,2026-05,xxFmwz4-hY0/UgzHBZw-xaC0GHXX8zV4AaABAg,선크림만 아침에 가끔 바르고요) 그리고 3.선크림은 자작나무 선크림쓰고있는데 바르면따가워서 무기자차로 바꾸면될지 궁금해요
5170,yt_comment,youtube,,기타불만,불만,0,2024-08-23,2024-08,c_FkBUntKsk/UgwMx_ujlZ4cNAha7Hh4AaABAg,썬크림별로 비교가 확되네용 !
5172,yt_comment,youtube,,끈적유분,불만,1,2024-08-23,2024-08,c_FkBUntKsk/Ugy4hnVWayW4BbEHj5t4AaABAg,지속력과 밀착력에 있어서 로션타입 보다는 크림타입이 더 높다고 생각해서 다소 끈적거려도 일부러 선크림을 발랐었는데 이 실험은 좀 다르네요.
5176,yt_comment,youtube,,백탁,만족,0,2026-05-23,2026-05,lrtr014by_4/UgygK0UQrPfZq4JNhNx4AaABAg,지복합성이였을때 썼던게 앰플 바르고 에스쁘아 수분썬크림 (백탁없고 밀리는게 덜 해요
5177,yt_comment,youtube,,건조,불만,0,2026-06-21,2026-06,D8zDRL_QYFc/UgwsjMIDI68yGEeogAJ4AaABAg,무기자차 선크림 바르고 화장하면 모공?끼임처럼 동글동글하게 건조해지더라구요...
5178,yt_comment,youtube,,끈적유분,불만,0,2026-06-21,2026-06,D8zDRL_QYFc/UgwsjMIDI68yGEeogAJ4AaABAg,그렇다고 유기자차 선크림을 사용하면 너무 번들?
5179,yt_comment,youtube,,끈적유분,만족,0,2025-09-22,2025-09,mgjjmVFCOmc/UgwGMq8mGxsqc04TTXJ4AaABAg,"급히 화장한다고 크림, 선크림 제외 가벼운 제형들만 바르고 화장했더니 코끼임 바로 사라졌어유😂 코는 유분기 제품 X 가벼운 제품만 바르고 프라이머에 쿠션 소량 톡톡 해줘도 효과 좋습니다!"
5180,yt_comment,youtube,,끈적유분,불만,0,2025-11-22,2025-11,MTBH2G8iPuw/Ugz8RWteaxO4X8vzutl4AaABAg,근데궁금한게 클렌징워터말고 유분있는크림이나 선크림을 쓰는이유가먼가요?
5182,yt_comment,youtube,,지속력워터,만족,1,2025-08-22,2025-08,iXlusB_3bHY/Ugx31LyUzQbZ48gT2pd4AaABAg,혹시 덜 묻어나는 선크림 추천해 주실 수 있으신가요?
5183,yt_comment,youtube,,트러블,불만,5,2025-08-23,2025-08,zuvnRFVzmFI/UgwS54KyyBFBTRfQ0GF4AaABAg,"선크림만 바르면 트러블이나고 피부가 붉어져서 피부과 갔더니 클린징오일이든 ,화장품에 오일이들어있는걸 피하라던데 저같은 타입은 어떤걸 추천해주실수있을까요?"
5184,yt_comment,youtube,,건조,만족,0,2026-06-23,2026-06,FuIp4gi-jVw/Ugz371w7w9xWMunmxHJ4AaABAg,무기자차제로이드이지워시썬크림을 바르니 얼굴이 당겨 쓰지않고있읍니다.얼굴당김없는 썬크림 추천부탁 드립니다.구달어성초도 약간 건조한 느낌이 듭니다
5185,yt_comment,youtube,,백탁,불만,0,2025-08-23,2025-08,NphlETieloc/UgwCcNFTuUsCICtHN9l4AaABAg,무기자차 선크림은 백탁현상이 있는데 전 그 점이 좋습니다.
5186,yt_comment,youtube,,트러블,만족,0,2026-07-23,2026-07,byP01jRL_U4/UgzIQVgv7FOtsmOIFqh4AaABAg,리모넨 리날룰 들어간 선크림 발랐는데 트러블 없고 딱히 문제 없으면 계속 써도 되는건지?
5192,yt_comment,youtube,,건조,불만,0,2026-05-23,2026-05,PJIsYew_ySU/UgxSo5w3kfkB59XesQp4AaABAg,언니 저 썬크림 꼭 써보고싶어요💕💕💕 저희 엄마 건조하다고 하는데 선물해드리고 싶네요!!!
5193,yt_comment,youtube,,건조,불만,0,2026-05-23,2026-05,PJIsYew_ySU/Ugzpqice_kYucM0ZmvV4AaABAg,저도 나이 먹어갈수록 건조해지고 있어요😂 씬님 썬크림 너무 궁금해요~~~~
5194,yt_comment,youtube,,건조,불만,0,2026-05-23,2026-05,PJIsYew_ySU/UgzGmxf0xG7dSakds3Z4AaABAg,"씬님 썬크림이라면 얼마나 좋을까요👍😍🌹너무너무너무 써보고싶습니다,,,365일 건조한 저로써는 촉촉이라면 무적권 탐납니다💧🙈❤"
5195,yt_comment,youtube,,건조,불만,0,2026-05-23,2026-05,PJIsYew_ySU/Ugx-EvTS9bug7FAhFlp4AaABAg,맨날 선크림만 바르면 오후에 얼굴 건조해서 땡기는 느낌나서 선크림 아예 포기하고 안바르는데 씬님 썬크림 촉촉하다니까 써보고 싶어요!
5196,yt_comment,youtube,,건조,불만,0,2026-05-23,2026-05,PJIsYew_ySU/Ugwwu4ii5J1G5arAWX14AaABAg,진짜 겨울이 아닌데도 건조해지는 거 느껴져서 여름에도 무조건 촉촉이 파데 바르게 됐어요😂 근데 선크림을 촉촉한 걸 바르고 그 위에 어느정도 매트한 아이를 올리면 되는군요?!
5197,yt_comment,youtube,,건조,만족,0,2026-05-23,2026-05,PJIsYew_ySU/UgzPDrJ9KJ6qJIm7mSd4AaABAg,40대고 건성이라서 365일 건조한데 촉촉하다는 썬크림 써봐도 바를때만 그렇고 몇분 지나면 건조해져서 안그래도 썬크림 고민이 너무 컸는데 이 영상보고 저거다!!
5198,yt_comment,youtube,,답답무거움,만족,0,2026-05-23,2026-05,PJIsYew_ySU/Ugxo3bIC05-Atjo9K0N4AaABAg,화장할때 선크림 바르려니 답답하거나 건조하고 그렇다고 안바를 순 없고 이 영상으로 씬님 선크림 처음 알게 되었는데 선크림 넘 궁금해요!!!!!!!
5199,yt_comment,youtube,,건조,만족,0,2026-05-23,2026-05,PJIsYew_ySU/Ugzu4D53MK3nxLdftSZ4AaABAg,항상 봄 여름때쯤 썬크림을 고민하는것 같아여 건조해도안되고 그렇다고 너무 미끄덩거려도 안되고 피부에 착붙어있어야하고 베이스까지 연결되어주는 선크림을 찾고있어요
5200,yt_comment,youtube,,건조,불만,1,2026-05-23,2026-05,PJIsYew_ySU/UgwAvc10H-iVZ6htufJ4AaABAg,선크림만 바르면 속건조 심한데 네바앤누니크사용해보고 싶어요!!
5201,yt_comment,youtube,,건조,불만,0,2026-05-23,2026-05,PJIsYew_ySU/UgxZl7moNmchxtZ5N8x4AaABAg,선크림 처음에는 촉촉한듯 하다가 나중에는 건조한 마무리에 각질 올라오는 선크림이 넘 많은거 같아요
5202,yt_comment,youtube,,답답무거움,불만,0,2026-05-23,2026-05,PJIsYew_ySU/Ugx3hm1UtEk6pmDsBYF4AaABAg,흐엉 언니 저 선크림 발라야지 발라야지해도 그 답답하고 찐쯕한 느낌때문에 좋다는 선크림 다
5203,yt_comment,youtube,,건조,만족,0,2026-05-23,2026-05,PJIsYew_ySU/Ugyas2qouDf72qC0kwF4AaABAg,선크림 유목민인데 ㅠ악건성이라 화장전에 발라도 나중에 속당김없이 촉촉한 선크림 찾고싶어요‼️‼️
5204,yt_comment,youtube,,답답무거움,불만,0,2026-05-23,2026-05,PJIsYew_ySU/UgyiasPxayRTVVCAe1d4AaABAg,선크림 바르면 답답하고 나중에 더 건조해지는 느낌인데 이 제품 어떤지 궁금해요오🙆🏻‍♀️💗
5205,yt_comment,youtube,,건조,불만,0,2026-05-23,2026-05,PJIsYew_ySU/UgxUBiv2TEOteCjB9xl4AaABAg,타더라구요😂 환절기에 각질이 다일어날 정도로 건조한데 저한테 딱 맞는 썬크림 같아서 당첨 안되도 구매하고 싶네용
5206,yt_comment,youtube,,끈적유분,만족,0,2026-05-23,2026-05,PJIsYew_ySU/Ugx4SDFZDG1uhCiKYSt4AaABAg,건성인데 번들거리지않고 촉촉한 선크림 찾기 힘들더라구요…😢😢😢😢
5207,yt_comment,youtube,,건조,불만,0,2026-05-23,2026-05,PJIsYew_ySU/UgyKwPGmN1EV9KLyCM14AaABAg,건조해서 썬크림 바르기 전에 기초하기 귀찮은 거 참아가며 바르는데 너무 탐나요 ㅠㅠ
5208,yt_comment,youtube,,백탁,만족,2,2026-05-23,2026-05,PJIsYew_ySU/Ugz0LsOJa0-2zYqX0oV4AaABAg,백탁없음.(누군가에겐 단점이겠지만 장점일수도) 보습: 선크림인데 뭔가 스킨케어한거마냥 촉촉함 오래감.
5209,yt_comment,youtube,,건조,불만,0,2026-05-23,2026-05,PJIsYew_ySU/Ugy47SKH-RewzgiqlPx4AaABAg,웬만한 촉촉이 선크림도 건조해요.
5210,yt_comment,youtube,,끈적유분,불만,0,2026-05-23,2026-05,PJIsYew_ySU/UgzbWa8i-H7K6AidLyd4AaABAg,진짜 수분선크림 이라고해서 사면…오후되면 무조건 속당김 건조 있고 선크림 바르고 나면 손에 남는게 수분이 아니라 번들거리고 기름?
5211,yt_comment,youtube,,답답무거움,불만,0,2026-05-23,2026-05,PJIsYew_ySU/UgxXrmeF3Hs5N9ktivR4AaABAg,갈수록 건조해지는 피부에 얼굴에 이것저것 바르면 답답해서 지우게되고 또 간단히 선크림만 바르면 각질부각되서 참 고민이 많은데요..!
5212,yt_comment,youtube,,끈적유분,불만,0,2026-05-23,2026-05,PJIsYew_ySU/UgyDtWtwjB6lXlJTSTt4AaABAg,"이제 진짜 꾸준히 선크림 바르고 다니고 싶은데 어떤 제품은 너무 건조하고, 어떤건 너무 번들거려서 앞머리 다"
5214,yt_comment,youtube,,건조,불만,0,2026-05-23,2026-05,PJIsYew_ySU/Ugyo54U40beBcZasqGN4AaABAg,출산페이스로 극극건조인데 촉촉하다는.썬크림 사용해도 전 건조해요
5215,yt_comment,youtube,,건조,불만,0,2026-05-23,2026-05,PJIsYew_ySU/UgwlQBX9wg2CxRuhFaB4AaABAg,뭘 발라도 건조하고 화장 전에 바르면 밀려서 선크림 pass한지 좀 됐어요 ㅠㅜㅜ!!!
5216,yt_comment,youtube,,건조,불만,2,2026-05-23,2026-05,PJIsYew_ySU/Ugyfu1OpsWOTzxBGrYZ4AaABAg,"진짜 마운자로 비싸서 안했는데 대단하세요ㅠㅠ전 그돈으로 병원비는 아깝고 아직 먹는게좋아요.저는 항상 선스틱만 쓰는데 진짜 비싸고,건조하고, 문제는 다쓰고 밑에파면 삼분의일 이 더 나오는데 쓰기가 거의 불가능,불편해서 선크림을 어케해야하나 요즘 내뷰티고민 1등인데 꼭 추천하시는거 써보고싶어요.진심진심.두근두근🐣🙏"
5218,yt_comment,youtube,,향,만족,2,2026-07-23,2026-07,CZ8EiGZjsAw/Ugwv7JgiNNt0MaxH-SF4AaABAg,냄새 안 나는 선크림 추천해주세요 ㅠㅠ
5219,yt_comment,youtube,,끈적유분,불만,2,2026-07-23,2026-07,CZ8EiGZjsAw/Ugwv7JgiNNt0MaxH-SF4AaABAg,몸에도 선크림 발라야하는데 항상 냄새가 좀 시큼?해서 몸에 바르면 안 좋은 냄새 날까봐 걱정도 되고 좀 찝찝해서 못 바르겠어요
5220,yt_comment,youtube,,끈적유분,불만,0,2026-06-21,2026-06,rhQrmiA_t-Q/UgyaSeMrS1OcLlopWS94AaABAg.AX9J1Opw9NpAX9OoCPtrGR,넘버즈인은 일단 얼굴에 올려서 문지를 때부터 유분감이 좀 느껴지면서 얼굴에 뭐가 올라갔다는 느낌땜에 선크림이 다
5221,yt_comment,youtube,,트러블,만족,4,2026-01-23,2026-01,EjHhTniRdWo/UgwE5qIYk4ejxPay0FF4AaABAg,셀퓨전씨 선크림에 비비 바르면 트러블도 없고 커버력도 좋고 휘뚜루마뚜루 막 바르고 다니기 좋아요
5222,yt_comment,youtube,,끈적유분,불만,1,2026-04-22,2026-04,rDdyXY2xTI0/Ugzm_iguF1LiMTCqog94AaABAg.AVIroX4WBa5AVKPEj5ipPX,"고작 10분 햇빛 보는데 선크림을 바르면 피부에 따라 선크림의 자극, 유분이 오히려 독이 될 수 있습니다."
5224,yt_comment,youtube,,눈시림,불만,2,2025-08-23,2025-08,wHVRtl0RhY4/UgzhVI3y4brdItJEX-F4AaABAg,"선세럼 구매하려고 하는데, 비레디 선크림에 비해서 눈시림은 어떨까요?"
5225,yt_comment,youtube,,건조,불만,2,2025-08-23,2025-08,wHVRtl0RhY4/UgzhVI3y4brdItJEX-F4AaABAg,선쿠션은 건조함이 줄어들까요?!
5226,yt_comment,youtube,,눈시림,만족,1,2025-08-23,2025-08,wHVRtl0RhY4/UgzhVI3y4brdItJEX-F4AaABAg.AHc5pfalKWmAHuIY5gieqa,개인적으로 저는 비레디 선크림도 눈시림이 느껴지진 않았던 터라 정확히 비교가 어려울 것 같아요 ㅠ_ㅠ
5227,yt_comment,youtube,,백탁,만족,1,2025-08-23,2025-08,wHVRtl0RhY4/UgzhVI3y4brdItJEX-F4AaABAg.AHc5pfalKWmAHuIY5gieqa,"선쿠션은 타사 선쿠션들 대비 덜 허옇고, 덜건조합니다."
5228,yt_comment,youtube,,끈적유분,불만,2,2025-08-23,2025-08,wHVRtl0RhY4/Ugw6N_X254F32YlYVsl4AaABAg,유분이 일반 선크림보다
5229,yt_comment,youtube,,건조,불만,0,2025-08-23,2025-08,wHVRtl0RhY4/Ugw6N_X254F32YlYVsl4AaABAg.AH_e0a4TIqIAHbCVFOQWEr,"로우퀘스트 선스틱이 보송 선스틱은 맞지만, 일반 선크림과 비교했을때 수분이 아예 0에 가깝에 들어있기 때문에 스킨케어를 전단계에서 충분히 안해주신다면 피부건조를 유발해 피지가 폭발할 수 있습니다!"
5230,yt_comment,youtube,,건조,불만,1,2025-08-23,2025-08,wHVRtl0RhY4/UgyEWN6v2uI1k2zn4x14AaABAg,건조한 피부가아닌데도 선크림 바르면 너무 건조해지더라구요
5231,yt_comment,youtube,,기타불만,만족,0,2025-12-23,2025-12,vT1im3U4hYg/UgyEZRmqiXra6oNzy-x4AaABAg,선크림하고 섞어발라도 별로라서 안쓰고있네요
5232,yt_comment,youtube,,건조,불만,0,2026-07-23,2026-07,63awrDdTPCg/Ugyo6VWqmqvWCEq81_V4AaABAg,썬크림바르고 건조할때 파란크림바르는데 썬효과가 떨어지는건 아니죵??😊
5233,yt_comment,youtube,,트러블,불만,1,2026-01-23,2026-01,biywwh20XSM/Ugxm-dwC1NjYLY6XY6Z4AaABAg,비비크림 찾는 이유가 문제성 피부인 분들이 대부분일텐데 저도 피부 뒤집어진 후로 여드름때문에 선크림도 논코메도제닉만 써요ㅠ
5235,yt_comment,youtube,,백탁,불만,8,2026-07-23,2026-07,Px7sVUZGGQU/UgzbAi4kpgOvK2VxAfB4AaABAg.AZT-a-imK_3AZUNWzetEqE,전 선크림 용도보단 인씨님처럼 다크닝 방지용으로 쓰는데 처음 쓸 때 좀 많이 바르고 쿠션 올렸더니 확 답답해지고 빨리 세수하고 싶어져서 화장하다가 세수하러 갔었어요....ㅎㅎ
5236,yt_comment,youtube,,자극따가움,만족,0,2026-06-23,2026-06,YkhPZJWoHfY/UgzR3MOMEH9tls4wWsN4AaABAg,뭘발라도 따가웠는데 제로이드 선크림쓰고 광명 찾음요
5238,yt_comment,youtube,,트러블,불만,0,2026-06-23,2026-06,D8zDRL_QYFc/UgzNnQwedAazhxdZZJJ4AaABAg.AX_EIjIuItdAXz3_qrSGKp,최근에 일본 유명 선크림 선물받아서 써봤다가 진짜 역대급으로 피부가 뒤집어져서 선크림에 대해 공부 좀 하고 있어요.
5239,yt_comment,youtube,,트러블,불만,0,2026-06-23,2026-06,D8zDRL_QYFc/UgzNnQwedAazhxdZZJJ4AaABAg.AX_EIjIuItdAXz3_qrSGKp,선크림이 안 맞아서 계속 트러블 나고 점점 피부 민감해지는 분들이 꽤 많을 텐데 아마 선크림이 원인일 거라고 생각 못 하시는 경우가 많을 듯해요.
5240,yt_comment,youtube,,눈시림,불만,4,2026-06-23,2026-06,D8zDRL_QYFc/UgzNnQwedAazhxdZZJJ4AaABAg.AX_EIjIuItdAXz4qmG1-rU,​​ @zxccxzzxc  제가 최근 선크림 때문에 피부 완전 뒤집어지고 아직 회복중이라 섣불리 추천드리기 조심스럽긴 한데...ㅠ(선크림도 스킨케어 못지 않게 피부타입 엄청 타고 심지어 특정 자차성분에 대한 눈시림 여부도 사람마다
5241,yt_comment,youtube,,건조,만족,6,2026-06-23,2026-06,D8zDRL_QYFc/UgyrV7wJ8WLo38eWJf94AaABAg,속건조 없는 촉촉 선크림만 찾는 느낌이네요ㅜㅜ
5243,yt_comment,youtube,,눈시림,불만,15,2026-06-23,2026-06,D8zDRL_QYFc/UgwL9C-CBmqBitIriFd4AaABAg,58:30 다이소 더랩바이블랑두 선크림 눈시림 있어용😭
5244,yt_comment,youtube,,답답무거움,불만,0,2026-07-23,2026-07,D8zDRL_QYFc/UgzK4L6wC3opZl8KpmJ4AaABAg.AXZ8FfSEuZ0AYhiGG5Na5S,"Spf, pa, + 등의 정보가 안나와 있어서 아쉽긴 한데 국내선크림들 요즘 대부분 최상급으로 자외선 차단해줘서 파데프리 아닌이상 사실상 아무거나 사셔도 무방해요~"
5245,yt_comment,youtube,,밀림,불만,13,2026-06-23,2026-06,D8zDRL_QYFc/UgwuYSM5gFDEsH9Ij6F4AaABAg,"건성, 민감성이라 무기자차 선크림 찾고 있었는데 아떼 바르고 파데하니까 파데가 들뜨더라구요ㅠ"
5246,yt_comment,youtube,,건조,불만,1,2026-08-17,2026-08,B9VtN97EDuQ/Ugwfh8hFLjqGkloTCtl4AaABAg.A_P0E3ca9GkA__-IkchOue,"썬크림 바르기 전에 기초를 튼튼하게 하시는게 중요한데 저는 속건조는 레이어랩 제품중에서 가장 압도적인 효과를 주는건 ""판테놀 세럼"" 이라고 생각합니다."
5249,yt_comment,youtube,,건조,불만,1,2026-08-10,2026-08,B9VtN97EDuQ/Ugx1It26SIou5hcngWZ4AaABAg,로백틴 무기자차 선크림이 논나노에 눈시림도 없어 잘 사용했지만 무기자차 특성상 피부가 건조해지는 걸 눈치 못채다가 최근에 팔자에 실금이 가는 것을 발견하고 부랴부랴 시술과 스킨케어로 틀어막아봤습니다
5250,yt_comment,youtube,,톤업색상,불만,0,2026-07-23,2026-07,H3iLq9I8AVg/Ugy1HChuc1G5KSXA1u94AaABAg,요즘 톤업선크림으로만 베이스로 바르고 다녀서 시간이 지나면 지워져서 좀 아쉬워서 bb크림을 발랐는데 그게 자외선 차단지수가 좀 낮아서 걱정하던중에 봤어요!
5251,yt_comment,youtube,,백탁,만족,0,2026-07-23,2026-07,H3iLq9I8AVg/UgyvrI6Y-pvz1EwRjLt4AaABAg,레이나님~백탁거의없는 선쿠션 추천해 주시면 안될까요?!🥹선쿠션 사는것 마다
5252,yt_comment,youtube,,끈적유분,불만,0,2026-07-23,2026-07,H3iLq9I8AVg/UgxSUjAZRZR__r38HV14AaABAg,썬크림바르고 컨실러하고 유분기가 싫어서 피니쉬파우더로 살짝 눌러주는데 이래도되나요 ??
5253,yt_comment,youtube,,끈적유분,불만,2,2026-07-23,2026-07,H3iLq9I8AVg/Ugw74viXhpz4CTX4SA14AaABAg,그리고 흰색 무기자차가 너무 번들거리고 끈적여서 바르고 바로 기름종이젤리쿠션?(홀리@홀@카 젤로젤로 같은걸로 바로 기름막을 눌러줘도 자외선 차단 효과가 있을까요??
5254,yt_comment,youtube,,백탁,불만,0,2026-07-23,2026-07,H3iLq9I8AVg/UgxbtXkk4JsdeqH-7yR4AaABAg,"무기자차 썬크림은 대체적으로 백탁이 있잖아요 , 아니면 톤업썬?"
5255,yt_comment,youtube,,백탁,만족,0,2026-07-23,2026-07,H3iLq9I8AVg/UgxbtXkk4JsdeqH-7yR4AaABAg.AYeAhOT9bhfAYmOtnxtvYS,"레이어랩 무기자차 선크림은 백탁현상이 없고, 촉촉한 제품으로 땀에도 강한 제품이라 추천드립니다!💛"
5256,yt_comment,youtube,,자극따가움,불만,1,2026-07-23,2026-07,H3iLq9I8AVg/UgxtY3EwgAX7rCZNaAx4AaABAg,제가 햇빛받으면 얼굴빨개지고 피부가 따가워지는 사람인데…한국선크림 바르고 햇빛에 있으면 얼굴이 빨개지고 따가운데 외국선크림을 바르면 햇빛차단이 완벽히 돼서 그런느낌이 없어요ㅠㅠ
5257,yt_comment,youtube,,자극따가움,불만,0,2026-07-23,2026-07,H3iLq9I8AVg/UgxtY3EwgAX7rCZNaAx4AaABAg.AYnYASe6fIoAYsntDeG4C3,@Myosotis2752  햇빛받으면 얼굴빨개지고 따가운게 왜 유독 햇빛이 많은 여름에만 그렇고 겨울에는 안그래요ㅋㅋㅋㅋㅋ겨울에도 저는 선크림을 바르는데ㅠㅠ
5258,yt_comment,youtube,,건조,불만,0,2026-07-23,2026-07,H3iLq9I8AVg/UgyuIsQbFKrIxXFzJzF4AaABAg,썬크림바르고 건조할때 그위에 파란크림 발라도 될까요??😊
5259,yt_comment,youtube,,끈적유분,불만,0,2026-07-23,2026-07,H3iLq9I8AVg/Ugy7GZWqOli5qg17dP94AaABAg.AYe9cVaGiVNAYeRHwN2YgN,동일 브랜드라 하더라도 미국에서 파는 선크림은 이상하게 더 번들거리고 끈적이는(10년전 선크림같은..) 상태가 되었다하죠.
5261,yt_comment,youtube,,건조,불만,77,2026-06-23,2026-06,D8zDRL_QYFc/UgzjYlvXquerXux7DGx4AaABAg,그래서 속건조가 있는 제품들이 오히려 자외선 차단 효과가 뛰어나나..?싶었습니다.
5264,yt_comment,youtube,,트러블,만족,12,2026-06-23,2026-06,D8zDRL_QYFc/UgyNyNod5AXp6eMXoMl4AaABAg,원래 무기자차 쭉 쓰다가 피부 뒤집어지고 한참후에 아무생각 없이 유기자차 선크림 한 3일 발랐나..
5266,yt_comment,youtube,,백탁,불만,0,2026-06-23,2026-06,D8zDRL_QYFc/UgwilL0bWH83k-hbYWN4AaABAg,파데프리로 살려니까 백탁말고 스킨색 선쿠션으로 간편화장 대신할 수 있는 제품으로요...
5268,yt_comment,youtube,,트러블,불만,0,2026-07-26,2026-07,D8zDRL_QYFc/Ugw7FytDSWFrFU6baKh4AaABAg,아떼 수분 선에센스 바르고 피부 뒤집어졌던 적이 있는데 무기자차 선크림은 좀 다르려나요?🥺🥲
5269,yt_comment,youtube,,건조,만족,2,2026-06-23,2026-06,D8zDRL_QYFc/Ugzq1txmn1r_i-NcMcp4AaABAg,"뱉는 느낌,,,에스트라 선크림 존좋,, 건성인데 건조함 거의 못 느꼈어요,, 진짜 같은 제품이아도 사람마다"
5271,yt_comment,youtube,,백탁,불만,0,2026-06-23,2026-06,jWNpkvIYnMw/UgxJSej-ahI_sHBQtBV4AaABAg.AXXLTMnpoACAXaGDicn4A0,색이 있는 제품 직전에 사용하시면 됩니다 Ex) 백탁 있는 썬크림 -> 썬크림 전 백탁 없는 썬크림 -> 썬크림 후
5272,yt_comment,youtube,,백탁,불만,0,2026-06-23,2026-06,t_3lwGTbBTY/Ugyrpws_YMynvek2wGV4AaABAg.AWzjBlKoofnAXsZg30j6A8,"이런 느낌은 없어요, 크림치고 흡수시키면 가벼워서 아마 적당량만 사용하면 화장 전에 사용에도 문제 없을 것 같아요, 추가로 지금 선크림도 구매해서 쓰고있는데 무기자차라 백탁이 약간 있는데 촉촉하고 여러번 덧발라도 잘 흡수되어서 이것도 좋아용"
5273,yt_comment,youtube,,향,만족,0,2026-05-23,2026-05,t_3lwGTbBTY/Ugwx2rACsaO8noH3NuZ4AaABAg,엔조이 톤업선크림 너무 자연스럽게 톱업되어서 색이 저랑 찰떡인데 묻어남이 심하고 냄새가 꽤나 안좋아서 쓰기 힘들더라구요😢
5278,yt_comment,youtube,,백탁,만족,0,2026-06-23,2026-06,u1z_zUWF1t4/UgyO6IaENAxLhdHy4494AaABAg,영상 팁대로 여름 기초 루틴 가볍게 다지고 가성비 예신 템인 로에르네 미백선크림 얇게 밀착시켜 주니까 백탁 없이 하루 종일 맑고 탱탱해 보여요
5279,yt_comment,youtube,,눈시림,불만,0,2026-05-23,2026-05,u1z_zUWF1t4/Ugyz_9eRQ0YBKYihOK54AaABAg,레이어랩썬크림 핑크는 눈시림이 진해서 도저히 못발라요ㅠㅠ
5280,yt_comment,youtube,,건조,불만,2,2026-06-23,2026-06,hyLsZp6C3ck/Ugytso14GD6TNo0NT7l4AaABAg,겨울에 나이아신 15%제품들 얼굴에는 안발라도 손에 발랐는데 미백은 안되고 털만 진해졌어요ㅋㅋ.손 팔에 선크림 바르면 겨울에도 핸드크림 안발라도 안건조하던 손이 선크림 지우러 강한워시나 오일썼다고 건조해져서 여름에 핸드크림을 오히려 쓰는 웃긴상황이 되더라고요.
5281,yt_comment,youtube,,끈적유분,만족,1,2026-05-23,2026-05,iWHajMoYTtw/UgxTcmJTfeVUnnP4LUN4AaABAg.AWSIWJs26_dAWjtM6vZxQi,Ahc 스틱 검정통 일명 박세리 선스틱이 진짜 안 끈적여서 선크림 죽어도 안바르려는 아이한테 줬어요
5282,yt_comment,youtube,,트러블,불만,0,2026-05-23,2026-05,iWHajMoYTtw/UgyULFbbUH9XwFz0rE94AaABAg,근데 아무리세안을 잘해도 트러블이나요 ㅠㅠ..피부예민하면 유기자차썬크림바르고 셀퓨전씨비비쓰세요
5283,yt_comment,youtube,,자극따가움,만족,0,2025-08-23,2025-08,wSn0wIft1FY/Ugyoltjg_3YVBftuS1N4AaABAg,"근데 평소 썬크림만 바르고 나가는데 클렌징밀크로 1차 세안, 레이어랩 약알칼리 폼클로 2차 세안 하거든요, 요즘 좀 따갑더라구여😢 1차 세안을 오일로 바꾸면 괜찮아질까요?"
5284,yt_comment,youtube,,트러블,불만,1,2025-08-23,2025-08,wSn0wIft1FY/Ugzsm3ZQ2PWyj4vq-jp4AaABAg.AI8_NSlACHBAIAVSCW1YSn,개인적으로 분홍선크림 사용후 입주변 트러블이 많이 생겨서 많이 사야 할인이 되는게 더 아쉽습니다
5285,yt_comment,youtube,,백탁,만족,0,2026-05-23,2026-05,S83mF3YLggY/UgzX2MnY-ZLH82Su3HN4AaABAg,전 에스쁘아 수분썬크림 쓰는데 그게 백탁도 없고 민감성인 제 피부에는 넘 찰떡이라 수부지때도 잘썼는데 건성인 지금도 괜찮더라구요
5288,yt_comment,youtube,,끈적유분,만족,0,2026-05-23,2026-05,c7hfIvZOiUU/Ugw_xXW9VQROK_1DIIB4AaABAg.AWNChsIFyKWAWfVUQgyv4J,​@브링브링브린 미샤 선스틱 안 번들거리고 진짜 좋습니다..
5289,yt_comment,youtube,,끈적유분,불만,11,2026-05-23,2026-05,c7hfIvZOiUU/Ugzq6Ber59CBTRSt-xl4AaABAg.AWNDHn1gpTVAWNiuqwLKMy,선파우더는 선크림 꼼꼼하게 바른 후 유분잡는 용으로 한번더 써주는식으로 사용하시면 됩니다
5290,yt_comment,youtube,,백탁,만족,0,2026-05-23,2026-05,c7hfIvZOiUU/UgxN3e2Y-_TO5tMzcth4AaABAg,지복합성이였을때 기초 마지막단계에 에스쁘아 수분썬크림 바르고 메이크업했었는데 다들 쿠션 뭐쓰길래 피부화장 잘 먹냐고 물어보길래 에스쁘아 수분 썬크림 애기했더니 저보고 좋은거 왜 혼자쓰냐고 그게 백탁없고 화잘먹이라 건성인 지금도 엄청 잘 쓰고 있는데 다른거 쓰다가 결국 에스쁘아로 돌아오게 되는 찐 인생템이에요
5292,yt_comment,youtube,,건조,불만,282,2026-05-23,2026-05,SjbVy2Po7Co/Ugw0qblgRevVuf-YV6B4AaABAg,❌외출 30분 전에 발라야 한다(근거 없음) 성분 발현 시간이 아니라 선크림이 피부에 잘 '밀착'되기를 기다리는 건조 시간일 뿐 자외선 차단은 바로 진행됨.
5293,yt_comment,youtube,,트러블,불만,0,2026-05-23,2026-05,SjbVy2Po7Co/Ugw0qblgRevVuf-YV6B4AaABAg.AWJ1rLDJbzNAWZ7SE2UCZ6,사바사라서 개인의 선택인데 썬크림은 막을 형성해서 자외선으로부터 피부를 보호하는건데 이 썬크림 보호막을 형성하는 성분이 트러블을 유발하는 성분들임 이거 제미나이한테 물어봐도 알더라고요
5295,yt_comment,youtube,,답답무거움,불만,0,2026-05-23,2026-05,SjbVy2Po7Co/Ugw0qblgRevVuf-YV6B4AaABAg.AWJ1rLDJbzNAWZ7SE2UCZ6,썬크림 바르면 답답하고 뭐얹은 느낌임 불편하고 쓰린것도있음 슬슬 간지럽다가 피부가 울긋불긋하다가 다음날되면 피부 확 뒤집힘
5296,yt_comment,youtube,,트러블,불만,72,2026-05-23,2026-05,SjbVy2Po7Co/UgxVa-vu8VrKRmOjrOV4AaABAg,혹시나 여기서 민감피부분들 나는 썬크림만 바르면 트러블난다..
5297,yt_comment,youtube,,트러블,불만,72,2026-05-23,2026-05,SjbVy2Po7Co/UgxVa-vu8VrKRmOjrOV4AaABAg,이게 왜그러냐하믄 다들 아시겠지만 썬크림은 피부막을 막는 효과를줌 그래서 민감성 피부들 접촉성이나 지루성인 피부들은 썬크림이나 리치한크림 오일류를 바를면 오히려 피부막을 형성하면 바로 트러블이 올라옴..
5298,yt_comment,youtube,,트러블,만족,8,2026-05-23,2026-05,SjbVy2Po7Co/UgxVa-vu8VrKRmOjrOV4AaABAg.AWGCzte8vpdAWJ5o4dvKaM,선크림 어떻게든 발라보려고 여러가지 시도 했는데 바르면 바를수록 트러블 폭발하는 경험밖에 안쌓여서 ㅜ
5299,yt_comment,youtube,,트러블,불만,0,2026-05-23,2026-05,SjbVy2Po7Co/UgxVa-vu8VrKRmOjrOV4AaABAg.AWGCzte8vpdAWJYsBgEnxK,"썬크림 따로 챙겨바르면 유기자차는 눈시림 얼굴 가려움, 피부염생기고 무기자차는 건조해서 각질올라오고 각질땜에 스킨케어 빠방하게 올리고 바르면 트러블나는 피부인데요,, 파데에 있는 자차에 의존해서 사니 나이대같은 친구들보다"
5303,yt_comment,youtube,,끈적유분,불만,0,2026-05-23,2026-05,SjbVy2Po7Co/Ugy9eCGDAabLGgjiK-l4AaABAg,"근데선크림 , 화장후에 유분종이로 닦으면 선크림효과 0인가요?"
5304,yt_comment,youtube,,톤업색상,만족,0,2026-05-23,2026-05,SjbVy2Po7Co/UgwSQgFhKy9pGJXH_Lt4AaABAg,톤업썬크림 추천해주세요
5305,yt_comment,youtube,,트러블,만족,5,2026-05-23,2026-05,SjbVy2Po7Co/UgxmRrdu6FUxHSD-N214AaABAg.AWFsSMVMZZnAWFxQXuUepS,@YCL-3 제로이드 이지워시 마일드 썬크림 좋아요 spf30 인건 좀 아쉬워도 1차세안만 해도 트러블 많이 안나서 저도 썬크림은 이거만써요
5307,yt_comment,youtube,,기타불만,불만,1,2025-08-23,2025-08,IaIAXzViTAc/UgyOEr3gCfVV4oqbZIl4AaABAg,제이나님 레이어랩제품 폼클부터 꾸준히 다사서 제품구매했는데 선크림은 안맞아서 얼굴문제가 많이생겨서 반품처리하는데 업무처리가 상당히 느리고 미흡해서 솔직히 실망이 조금생겼습니다
5308,yt_comment,youtube,,밀림,불만,1,2025-08-23,2025-08,IaIAXzViTAc/Ugx-NpSf0ZaV6H0FNU14AaABAg,또 썬크림 바를때 밀림이 있는지.
5309,yt_comment,youtube,,건조,만족,2,2025-08-23,2025-08,ykNX9Q8e-y4/UgyeZc1VIMA_kZVclLl4AaABAg,제이나님 선크림 잘쓰고있는데 토출구 펌핑이 원활하지가않네요...눈시림도없고 무기자차임에도 덜건조한데 펌핑이 제대로되지않고 꼭 화장품 다쓸때쯤 없어서 안나오는거처럼 찍찍나와서 여기저기 다튀네여ㅠㅠ
5311,yt_comment,youtube,,밀림,불만,0,2025-08-23,2025-08,ykNX9Q8e-y4/UgyJovSgLJTjYwaoRHZ4AaABAg,그런데 저는 오히려 무기자차 썬크림 바를 땐 찌꺼기처럼 밀림이 심하고 혼합자차 바른 후엔 피부에 아주 작게 오돌토돌 뭔가가 올라와서 피부가 뒤집에 진 것 같이 보여요.
5312,yt_comment,youtube,,트러블,불만,0,2026-04-21,2026-04,roKyQ4U2vpc/UgzbcZY1LMDMY2L1zCp4AaABAg,"프란츠는 사실 저도 처음 들어본 브랜드인데 믿기지 않을 정도의 기술력을 주장하니, 저도 믿지 못했을 덧 같아요😂😂 트러블 패치가 자외선 차단 된다는 것도 놀랍고, 로진 같은 물질 안 들어간 것도 너무 마음에 드네요!!"
5313,yt_comment,youtube,,트러블,불만,0,2026-04-22,2026-04,roKyQ4U2vpc/Ugz2nRkaqPZaJNsO9e94AaABAg,트러블패치 붙였을때 티나는것도 티나는거지만 선크림이나 파데 바르면 패치라인 그대로 화장품 끼는거때매 더 추해짐 ㅜㅜ
5314,yt_comment,youtube,,발림텍스처,만족,0,2026-04-23,2026-04,Y0-GSFkg31w/UgzQV09rA7AtwgEDU314AaABAg,립메이크업 위에 올려도 되고 제형이 날아가지 않아서 촉촉함도 있고 그런데 자외선 차단까지??
5316,yt_comment,youtube,,건조,불만,1,2026-04-23,2026-04,Y0-GSFkg31w/Ugz0ga6RE18fqPyFoX54AaABAg,보습도 짱짱하게 채워 주는데 자외선 차단까지 되고 컬러도 이렇게나 고급스럽다니 ‧˚₊*̥(* ⁰̷̴͈꒳⁰̷̴͈ )‧˚₊*̥ 요즘 환절기라 입술이 특히 건조해서 찢어지고 입술 상태 난리도 아닌데 프리메라 비타티놀 바운시 벌룬 립 세럼은 컬러까지 예뻐서 풀메 할 때도 바르기 넘 좋겠어요 ㅎㅎㅎ
5317,yt_comment,youtube,,끈적유분,만족,0,2026-04-23,2026-04,Y0-GSFkg31w/UgzDGjhjQVlhUmcYBml4AaABAg,프리메라 비타티놀 앰플은 인씨님이 몇년째 꾸준히 잘 쓰시는 거 보고 저도 잘 쓰고 있어요💛 처음엔 비타민+레티놀이라 자극적일까봐 걱정했는데 전혀 자극적이지 않고 쫀쫀한 느낌이 너무 좋아서 저녁 루틴으로 꼭 바르고 있어요!✨️ 비타티놀 바운시 벌룬 립 세럼은 입술도 노화 케어가 필요하다는 점을 제대로 반영한 제품이라 더 기대되는 것 같아요❤ 레티놀 함량을 높여 탄력과 주름까지 케어해주면서 SPF 35 자외선 차단까지 된다는 점이 특히 마음에 들고 평소 놓치기 쉬운 입술까지 꼼꼼하게 관리할 수 있을 것 같아요💓 일반 글로스가 아니라 밀도감 있는 겔 타입이라 끈적임 없이 촉촉함이 오래 유지된다는 점도 마음에 들어요
5321,yt_comment,youtube,,건조,만족,0,2025-08-23,2025-08,JOdkBAlkdcE/UgxN-izaKTgrlrElmHB4AaABAg,분홍 선크림 샀는데 이거 하나만 발라도 될 정도로 피부표현이 이쁘게 됩니다^^ 속건조도 없고 너무 좋으네요~~😊❤
5322,yt_comment,youtube,,건조,불만,0,2025-08-23,2025-08,JOdkBAlkdcE/UgyOYgfrzjukaw4I8np4AaABAg,딸들것까지 3셋트주문완료요^^ 어떤썬크림을 쓰던지 건조함을 느끼는 딸아이가 만족하길 기대해봅니다^^
5324,yt_comment,youtube,,건조,불만,0,2025-08-23,2025-08,JOdkBAlkdcE/UgyPpYpqWMndMtPXvOF4AaABAg,제이나님 예전에 추천해주셧던 시세이도선크림 쓰고잇는데 시간 좀 지나면 입주변이 좀 건조해지더구요~
5325,yt_comment,youtube,,자극따가움,불만,0,2025-08-23,2025-08,JOdkBAlkdcE/UgzJFO40EK9vrbTM_gd4AaABAg,블러선크림 주문해서 바르는데 따갑고 화끈거려요ㅠ
5326,yt_comment,youtube,,건조,불만,0,2025-08-23,2025-08,JOdkBAlkdcE/UgyWHy-p7Candiorr_t4AaABAg,"예민한피부(홍조,건조)인데 좋다는 무기자차만 써도 뒤집어져서 선크림은 막못바꾸겠어요ㅠ"
5327,yt_comment,youtube,,자극따가움,불만,0,2025-08-23,2025-08,nNyhR-ssig0/Ugy0nCzwnaLEqDr9u8h4AaABAg,언니가 홍조가 있으셔서 썬크림은 톤보정 버전이 있을줄 알았는데ㅠ붉은기 보정되는 녹색도 한번 고려해주세요~!
5329,yt_comment,youtube,,끈적유분,불만,2,2025-08-23,2025-08,nNyhR-ssig0/Ugz3WlhAifi2Zkapycp4AaABAg,사고서도 넘 많이 샀나 걱정했는데 아침 저녁으로 맨얼굴에 처음 듬뿍 바르고 크림 선크림으로 마무리한 지 3일째….건성피부라 무조건 오일로 마무리하는데 이건 오일 안발랐는데도 일단 바르면 약간 끈적임이 있지만 건성인 제게는 보습되어 좋았고요
5331,yt_comment,youtube,,트러블,불만,0,2025-08-23,2025-08,nNyhR-ssig0/UgyXhthzYaYnX39m8NF4AaABAg,썬크림만 바르면 좁쌀같이 트러블이 올라옵니다ㅜ
5334,yt_comment,youtube,,기타불만,불만,0,2026-06-23,2026-06,8qreIsnUV7Y/UgxC_QvvEPXsn0G7AH94AaABAg,pdrn선에센스 저도 밀리고 밀착 안돼서 별로였어요..다이소 선크림 리뷰도 보고싶습니다 ㅠㅠ
5335,yt_comment,youtube,,끈적유분,불만,0,2026-04-23,2026-04,8qreIsnUV7Y/UgzX73G4VkumRMcnqkN4AaABAg,나도 인씨님처럼 극지성 극트러블 피부고 선크림 조금이라도 유분기 올라오면 못쓰는인간 vt pdrn선크림 비추.
5336,yt_comment,youtube,,용량가격,만족,41,2025-08-23,2025-08,zilZh5Ddm1E/UgxKDE0wVsp9VxFik3F4AaABAg,대용량으로 아끼지 않고 바를 수 있는 자외선 차단 잘 되는 선크림이요!!
5340,yt_comment,youtube,,트러블,불만,0,2025-08-23,2025-08,zilZh5Ddm1E/UgzgtibQN5mhDjysa2B4AaABAg,😂 저는 선크림 바르면 나는 트러블때매 집에서는 좀 쉬고 싶은데 기미가 걱정돼요
5341,yt_comment,youtube,,발림텍스처,만족,0,2025-08-23,2025-08,zilZh5Ddm1E/UgxbT03UU2Um65E7KxJ4AaABAg,"발림이 너무 좋네요.) 그런데 제가 화장할 때 선크림-파데 바르고 쿠션두드릴때 선크림이 쿠션에 의해 얇게 벗겨지는것 같아서, 광대쪽이 우려되어요."
5342,yt_comment,youtube,,눈시림,불만,0,2025-08-23,2025-08,zilZh5Ddm1E/UgwbpKef_DSwcmXJQ1l4AaABAg,썬크림 오늘 도착해서 발랐는데 눈시림이 있어요.
5343,yt_comment,youtube,,답답무거움,만족,0,2025-08-23,2025-08,zilZh5Ddm1E/UgwlqdyeWbaiEnKFjON4AaABAg,기존에 마지막 크림 바르는게 묵직한 제형인데 선크림은 묽고 얇고 촉촉한편이라 마지막에 바르는게 괜찮은건지요?악건성이라 크림이 많이 무거운편입니다
5344,yt_comment,youtube,,밀림,불만,0,2025-08-23,2025-08,zilZh5Ddm1E/UgyLPBQD7mlqVACG_4p4AaABAg,썬크림 바르고 종일 있다가 저녁에 1차 오일링때 선크림이 때처럼 밀려 나오는건 왜그럴까요?
5345,yt_comment,youtube,,건조,불만,0,2025-08-23,2025-08,zilZh5Ddm1E/UgyLPBQD7mlqVACG_4p4AaABAg,하루종일 좀 건조했고 썬크림은 오백원동전+오십원동전 만큼 발랐어요
5347,yt_comment,youtube,,끈적유분,불만,0,2025-08-23,2025-08,zilZh5Ddm1E/UgwTPoXV6xLLTxA26VJ4AaABAg,속건조 잡는 기초케어(수분+유분) 바르고 제대로 흡수시킨후에 선크림을 바르면 무기자차 성분과 특성과 뜻하지 않게 때처럼 밀릴때도 있더라구요
5348,yt_comment,youtube,,건조,불만,0,2026-06-23,2026-06,zilZh5Ddm1E/UgwKsmKXWLuVRZH0xbl4AaABAg,"오십대 여성입니다.화장은 전혀 안하고 썬크림만 바릅니다.기초는 설화수를 사용합니다.스킨,세럼,로션,크림바르고 외출전에 제로이드이지워시썬크림을 바릅니다.유기자차는 사용못하고요.이지워싯썬크림을 바르면 얼굴이 건조하고 당기는 현상이있읍니다.썬크림을 바르게 안는게 오히려 나을까요.좋은 해결책 꼭좀 부탁드립니다"
5350,yt_comment,youtube,,끈적유분,불만,0,2025-08-23,2025-08,zilZh5Ddm1E/UgwETYNhtBMOZ0vMaOB4AaABAg,정말 화장한듯 뽀송뽀송한 피부가 연출되고 콜세지 크림바르고 약간 끈적 거릴수 있는 것도 오히려 썬크림이 잡아줘서 넘 좋네요 !
5351,yt_comment,youtube,,끈적유분,불만,3,2025-08-23,2025-08,zilZh5Ddm1E/UgykUpZNc6s0KPDYaEF4AaABAg,"민감피부라 무기자차 제품을 사용하고 싶었지만 무기자차는 어느 무기자차 제품들을 사용하던 너무 하얗게 발리고, 그래서 유기자차를 쓰자니 번들거림이 있어 선크림의 중요성은 알지만 그동안 선크림을 좀 기피해왔습니다."
5353,yt_comment,youtube,,트러블,불만,0,2025-08-23,2025-08,zilZh5Ddm1E/Ugxdvm_j-8lePwGWdN14AaABAg,요즘 트러블이 올라와서 피부컨디션 엉망인데도 선크림바르면 진장될 정도!
5354,yt_comment,youtube,,건조,불만,5,2025-08-23,2025-08,zilZh5Ddm1E/UgxIa3Jo9o19NByUDhN4AaABAg,핑크색 선크림바르는데 일반 선크림에 비해 피부표현이 정말 안이쁘게되고 건조하고 들떠요
5356,yt_comment,youtube,,건조,불만,2,2025-08-23,2025-08,vLiCOh57sFY/UgyWWu1mBjVkpU-LOuN4AaABAg,"오래 회사생활 하셔서 꿀팁 많으실 것 같어요😆미스트 뿌리면 진짜 건조해지는지, 수분크림이나 오일미스트 위에 뿌리고 다시 선크림 발라야 하는지 등등 다"
5357,yt_comment,youtube,,트러블,불만,8,2026-05-23,2026-05,A3wzXEP9WNg/UgxHUF0htYk-IxGNuaR4AaABAg,선크림 바르고 2중세안 하는순간 피부 그냥 뒤집어 엎어짐 오일말고 클렌징크림 으로만 30초 유화30초만 하면됨 이중세안 누가 만든건지 존나때리고싶네 피부 다벗겨져서 회복하는데만 반년넘게 걸림
5358,yt_comment,youtube,,백탁,만족,0,2026-05-23,2026-05,A3wzXEP9WNg/UgyboGwsXhZVh0gdNA94AaABAg,건성한테 좋은 백탁 적은 무기자차 선크림 있을까요?
5359,yt_comment,youtube,,백탁,만족,0,2026-05-23,2026-05,A3wzXEP9WNg/Ugy5I7ah5mj03PCxrwh4AaABAg.AWID5SwUy1_AWIGnx8LOY9,백탁 없어도 자외선 차단 잘 됩니다!!
5364,yt_comment,youtube,,건조,만족,0,2025-08-23,2025-08,Y0T2eeioOxg/Ugx-KUVFk0TPOXJb1oN4AaABAg,거기에 선크림도 무기자차 쓰는데 혹시 건조함을 덜 느끼게 할려면 크림을 더 발라야할까요?😢
5366,yt_comment,youtube,,건조,불만,0,2026-08-08,2026-08,vba9GgaAcjE/UgyW0DKLHA4l0jKBeWV4AaABAg,"리덴스 톤앤스팟 코렉터 앰플 쓰면서 속건조 많이 개선되고, 선크림이나 베이스 잘 먹어서 피부가 예뻐보여요."
5371,yt_comment,youtube,,기타불만,만족,0,2026-07-23,2026-07,l1WZmktr6Eg/Ugwkkco4fhQvehAedxh4AaABAg,햇볕이 별로 들어오지않는 집에서 생활하는 아줌마입니다.비타민c를 바르고 집에서 햇볕이 없어도 꼭 썬크림을 발라야하나요?
5373,yt_comment,youtube,,밀림,불만,0,2026-03-23,2026-03,pjlwFr2p8pk/UgyHc7oP5AXbhSLpV3p4AaABAg,"최근에는 쿠션을 추천 해 주실 때 밀어서 바르시던데 저는 피부가 각질이 잘 쌓이고, 아침에 아누아 눈물 세럼 등 각질 케어를 하고 쿠션을 올리면 좋겠지만 출근 준비로 바쁘기 때문에 세수하고 나와서 라네즈 크림스킨(후니언님 추천) , 다이소 수분 세럼, 선크림까지 바르는 게 제 최선입니다."
5374,yt_comment,youtube,,톤업색상,만족,0,2025-08-23,2025-08,noFICyIxDug/UgzwIPtSPxri3zCeUZV4AaABAg,출시되는 썬크림중 메이크업과 궁합이 좋은 톤업썬크림도 있을까요?
5376,yt_comment,youtube,,기타불만,만족,0,2025-08-23,2025-08,qebIGSFPMU4/Ugxw5ZRSlPzVrVS250R4AaABAg,".ㅠ이걸 바르지말아야하나..싶기도하다가도 나이가 47세라 항산화를 안바를수도 없구요.피지분비도 그닥없습니다..ㅠ각질은 일부러 벗겨내지는 않지만 각질이 두껍다고 느끼진 않습니다.보습도 엄청 잘하구요.밤에 출근할때만 자외선차단제바르지않지만, 그외에는 잘 바릅니다.맞아요, 오후되면 진짜 칙칙합니다..ㅠㅠ어떻게해야될지 ㅇ모르겧어요ㅠ"
5377,yt_comment,youtube,,밀림,불만,0,2025-08-23,2025-08,qebIGSFPMU4/UgwKiDO7HMilXbWD2xR4AaABAg,둘사이 시간을 둬도 뭉쳐서 선크림이나 화장하면 더 지우개같은 찌꺼기가 얼굴에 돌아요.ㅜㅜ
5378,yt_comment,youtube,,눈시림,만족,1,2026-02-23,2026-02,pjlwFr2p8pk/UgxiY4363rpPAoH-9zx4AaABAg,조합하기 좋은 눈시림 아예없는 선크림두요!!
5382,yt_comment,youtube,,용량가격,만족,0,2026-05-22,2026-05,ebLwtkkJsJc/Ugz6FVlO1eIH85c5u4V4AaABAg,너무 고민하던 것들인데 감사해요 ㅎㅎ헤라선크림 가격빼고는 진짜 완벽하네요 ㅎㅎ
5384,yt_comment,youtube,,끈적유분,만족,4,2026-08-09,2026-08,K4YNVb6Eg3k/UgxKOquPP-OH36oJFc94AaABAg,"특히 선크림 바르고도 답답하거나 끈적이는 거 싫어하는데, 데일리로 부담 없이 바를 수 있을 것 같아서 더 기대됩니다✨ (와중에 귀에 쏙쏙 설명 최고!!🩷)"
5385,yt_comment,youtube,,백탁,만족,4,2026-08-09,2026-08,K4YNVb6Eg3k/UgyO4fe-J4FvJxxml4t4AaABAg,게다가 블루 페더 톤업 선스크린은 백탁 없이 맑게 피부 톤을 살려주고 스마트폰 블루라이트 차단까지 챙겨준다고 하니 데일리 선케어로 완벽할 것 같아요.
5386,yt_comment,youtube,,답답무거움,불만,4,2026-08-09,2026-08,K4YNVb6Eg3k/UgyrAo2D-ebFx2KBBEN4AaABAg,"요즘 날씨가 너무 덥고 습해서 화장하기 답답했는데, 로션처럼 가볍고 촉촉하다는 PDRN 선크림이 정말 기대돼요."
5387,yt_comment,youtube,,끈적유분,불만,4,2026-08-09,2026-08,K4YNVb6Eg3k/UgznTRk3TZhQuq4PrKp4AaABAg,"여름만 되면 선크림 바르고 답답하거나 끈적여서 고민이었는데, 디오프러스 PDRN 선크림은 촉촉하게 수분 케어되면서 장벽까지 챙겨준다니 너무 기대돼요!"
5388,yt_comment,youtube,,백탁,만족,4,2026-08-09,2026-08,K4YNVb6Eg3k/UgznTRk3TZhQuq4PrKp4AaABAg,톤업 선스크린도 백탁 없이 맑게 표현되고 블루라이트 차단까지 된다니 파데프리로 딱일 것 같습니다.
5389,yt_comment,youtube,,끈적유분,불만,4,2026-08-09,2026-08,K4YNVb6Eg3k/UgxoTriZqeV5bCkqQPd4AaABAg,"여름철 수분 케어랑 자외선 차단 따로 하느라 피부가 붉어지고 끈적이는데, 디오프러스 UV 디펜스 PDRN 선크림은 촉촉한 에센스처럼 발리면서 피부 장벽 케어까지 해준다니 제 예민한 피부에 딱 필요했던 제품이에요!"
5390,yt_comment,youtube,,끈적유분,불만,2,2026-08-09,2026-08,K4YNVb6Eg3k/Ugxtkrr48ThuZTlbaJh4AaABAg,"요즘처럼 덥고 습한 날씨에 끈적이는 선크림 바르기가 너무 꺼려졌는데, PDRN 선크림은 스킨케어처럼 가볍게 발리면서 피부 컨디션 회복까지 돕는다니 올여름 데일리템 당첨!"
5391,yt_comment,youtube,,백탁,만족,4,2026-08-09,2026-08,K4YNVb6Eg3k/UgwHzBpj7VZT6STzjfh4AaABAg,PDRN 성분이 들어간 선크림이라니 피부 케어까지 챙길 수 있어서 너무 탐나요 01:42 백탁 없이 맑게 톤업되는 블루페더 톤업 선스크린은 블루라이트 차단까지 된다니 직장인에게 완벽한 제품이네요 04:48 ✨ 이번 여름 피부 건강은 디오프러스로 지켜야겠어요.
5392,yt_comment,youtube,,백탁,만족,3,2026-08-09,2026-08,K4YNVb6Eg3k/Ugw2EorCOZtU3pXuqsN4AaABAg,"PDRN 선크림은 에센스처럼 산뜻하게 발리면서 피부 장벽 케어까지 챙겨준다는 점이 인상 깊었고, 톤업 선스크린은 백탁 없이 자연스럽게 톤 정리되면서 블루라이트 차단 기능도 들어있다는 게 알차게 느껴졌습니다."
5393,yt_comment,youtube,,건조,만족,2,2026-08-09,2026-08,K4YNVb6Eg3k/Ugz8P8fjEK9ME16iK454AaABAg,PDRN선크림이 수분에센스처럼 촉촉하게 발리면서두 피부장벽까지 케어해준다고하니 예민하고 건조한피부에 딱일거같아용!!!!!메이크업전에 발라도 밀리지않는 화잘먹 선크림이라니 한번 사용해보구싶네욥ㅎㅎㅎㅎㅎㅎㅎㅎ
5394,yt_comment,youtube,,건조,불만,0,2026-04-21,2026-04,bDX4hpxXlYc/Ugyvsd3bp1sNQkJiChl4AaABAg,선크림 바르면 건조함이 심한 사람인데 올리브영에서 이것저것 다
5395,yt_comment,youtube,,향,불만,0,2026-04-21,2026-04,bDX4hpxXlYc/UgyUWv1sI_GzsNJKHjx4AaABAg,저도 아떼 무기자차 너무 조아해용^^ 조선미녀는 냄새가 너무 옛날 선크림냄새라...너무 불호더라구용!
5396,yt_comment,youtube,,눈시림,불만,0,2026-04-21,2026-04,bDX4hpxXlYc/UgyUWv1sI_GzsNJKHjx4AaABAg,// 이번에 달바 보라색 톤업 선크림 손등에 발랐을때 너무 맘에 들던데...달바가 눈이 시리다고 하시니......사도 되나?
5397,yt_comment,youtube,,백탁,만족,1,2026-08-11,2026-08,K4YNVb6Eg3k/Ugxtz83QYsKfBny2dMl4AaABAg,피부 컨디션을 높여주는 PDRN 선크림과 백탁 없이 맑은 블루 페더 톤업 선스크린 너무 기대돼요 ☀ 여름철 피부가 예민해져 고민일 때 디오프러스로 순하게 케어받았던 고마운 기억이 있거든요 ☀ 유익한 뷰티 꿀팁과 이벤트를 준비해 준 별별뷰티를 응원하며 맑아진 피부처럼 우리 모두 희망차고 활기찬 매일을 열어가길 소망합니다 ⭐✨
5398,yt_comment,youtube,,건조,만족,0,2026-06-21,2026-06,bDX4hpxXlYc/UgxJWDVy2nZFPJHy1bt4AaABAg,진짜 속건조 없는 선크림 찾고 싶어요ㅠㅠ
5400,yt_comment,youtube,,끈적유분,만족,2,2026-08-09,2026-08,K4YNVb6Eg3k/UgxPuap9hCuIrY9JkrN4AaABAg,"메이크업 전에 발라도 밀림 없이 피부를 자연스럽고 화사하게 보정해 준다면 바쁜 아침에는 이것 하나만 바르고 외출하고 싶을 것 같아요.🤍 여름에는 땀과 유분 때문에 베이스가 쉽게 무너지는데, 가볍고 산뜻하게 밀착되면서 오래 유지된다면 데일리 선크림으로 바로 정착할 것 같습니다.😊 잡티와 피부 톤을 얼마나 자연스럽게 보정해 주는지, 답답함 없이 편안한 사용감인지 직접 사용해 보면서 꼼꼼하게 경험해보고 싶어요!✨"
5401,yt_comment,youtube,,끈적유분,불만,1,2026-08-10,2026-08,K4YNVb6Eg3k/Ugz6PikaIsHKp_0okK54AaABAg,"평소 선크림 특유의 답답함과 끈적임 때문에 외출 전 선크림 바르는 단계가 항상 숙제처럼 느껴졌는데, 이번 영상에서 소개해주신 '유브이 디펜스 PDRN 선크림'을 보고 눈이 번쩍 뜨였어요!"
5402,yt_comment,youtube,,건조,만족,1,2026-08-10,2026-08,K4YNVb6Eg3k/Ugz6PikaIsHKp_0okK54AaABAg,"이어진 님께서 수분 에센스처럼 촉촉하면서도 끈적임 없이 발린다고 하셔서, 저처럼 건조함 때문에 선크림 고르기 까다로운 건성 피부도 데일리로 편안하게 사용할 수 있을 것 같아 너무 기대됩니다!"
5403,yt_comment,youtube,,끈적유분,만족,2,2026-08-09,2026-08,K4YNVb6Eg3k/UgxmZtoLgJ3AzTklfFB4AaABAg,"😍 피부 재생과 탄력에 좋은 PDRN 성분이 듬뿍 든 '유브이 디펜스 PDRN 선크림'으로 낮에는 영양 가득 탄력 케어를 해주고, 깃털처럼 가볍고 산뜻한 '블루 페더 선스크린'으로 끈적임 없이 데일리로 덧바르면 올여름 자외선 차단은 정말 완벽할 것 같아요!"
5404,yt_comment,youtube,,답답무거움,만족,1,2026-08-09,2026-08,K4YNVb6Eg3k/UgwcPjfxcBSzgId6UhZ4AaABAg,"영상 보면서 왜 별별뷰티님이 자신 있게 추천하시는지 바로 이해됐어요🥹☀️ 요즘처럼 햇빛이 강한 계절에는 선크림을 하루에도 여러 번 덧발라야 하는데, 답답하거나 밀리는 제품은 손이 잘 안 가더라고요."
5405,yt_comment,youtube,,발림텍스처,만족,1,2026-08-09,2026-08,K4YNVb6Eg3k/UgwcPjfxcBSzgId6UhZ4AaABAg,"그런데 디오프러스 PDRN 선크림은 가볍게 밀착되면서도 피부 컨디션까지 케어해 준다는 점이 정말 매력적이었고, 블루 페더 톤업 선스크린은 자연스럽게 피부를 화사하게 만들어줘서 출근할 때나 잠깐 외출할 때 파데프리로 사용하기 딱 좋을 것 같아요."
5406,yt_comment,youtube,,끈적유분,만족,4,2026-08-09,2026-08,K4YNVb6Eg3k/UgxUtKuROI6DeHAoGAN4AaABAg,끈적임이 없고 피부자극도 덜한 선크림을 찾고 있었는데 좋은제품 소개해 주셔서 감사해요~
5407,yt_comment,youtube,,끈적유분,만족,0,2026-08-11,2026-08,K4YNVb6Eg3k/UgymijaNtuFwdPPuKWt4AaABAg,"푹푹찌는 더위에 촬영하고 편집하시느라 영혼 갈아 넣으신 담당자님 피땀눈물 고생이 고스란히 느껴져서 절로 박수가 나와요👍 늘 아이들 케어하느라 정작 자기 피부 챙길 겨를도 없고 끈적이는 거 질색하는 아내인데, 에센스처럼 촉촉하게 장벽 케어해주는 PDRN 선크림이랑 파데프리로 맑게 톤업되는 블루페더 조합 보고 있으니 마음이 뭉클하고 꼭 선물해 주고 싶어졌어요ㅜㅜ"
5408,yt_comment,youtube,,끈적유분,불만,0,2026-08-12,2026-08,K4YNVb6Eg3k/Ugx27E25drwoye9zacp4AaABAg,요즘 날씨가 진짜 덥고 습해서 선크림 바르는 것조차 끈적이고 답답해서 정말 스트레스였거든요
5410,yt_comment,youtube,,끈적유분,불만,0,2026-08-12,2026-08,K4YNVb6Eg3k/UgygKpB16C026P4eDK54AaABAg,"여름만 되면 유분 때문에 답답한 파데는 피하게 되는데, 자연스러운 파데프리가 가능한 블루 페더 톤업 선스크린이 딱이겠어요!"
5411,yt_comment,youtube,,백탁,만족,1,2026-08-09,2026-08,K4YNVb6Eg3k/UgylL6xzeYU3T480ZT14AaABAg,블루 페더 톤업 선스크린 역시 백탁 없이 맑고 화사하게 톤업되면서 블루라이트까지 차단해 준다니 일상 속 필수품이 따로 없네요.
5412,yt_comment,youtube,,답답무거움,불만,1,2026-08-12,2026-08,K4YNVb6Eg3k/Ugx0shM2T8mbfOkT3B14AaABAg,여름만 되면 선크림은 꼭 챙겨 바르려고 하는데 덥고 습한 날에는 무겁거나 답답하게 느껴지는 제품들이 있어서 은근 고르기 어렵더라고요
5413,yt_comment,youtube,,백탁,만족,1,2026-08-12,2026-08,K4YNVb6Eg3k/Ugx0shM2T8mbfOkT3B14AaABAg,특히 유브이 디펜스 PDRN 선크림은 피부 컨디션까지 신경 쓰면서 사용할 수 있다는 점이 눈길이 갔고 블루 페더 선스크린은 백탁 없이 자연스럽게 톤업되는 제품이라고 해서 파데프리로 가볍게 메이크업하고 싶은 날 사용해보고 싶어요 😊 여름에는 자외선 차단도 중요하지만 매일 부담 없이 바를 수 있는지가 제일 중요한 것 같은데 두 제품 모두 데일리로 사용하기 좋아 보여서 기대됩니다 ☀️ 영상 보면서 제품 특징도 알기 쉽게 설명해주셔서 좋았고 날씨가 더울수록 선크림을 꼼꼼하게 발라야겠다는 생각도 다시 하게 됐어요
5414,yt_comment,youtube,,톤업색상,불만,0,2026-08-12,2026-08,K4YNVb6Eg3k/UgyCv5692Cqrmqb70994AaABAg,근데 지금 쓰고있는 타사제품 선크림은 베이지톤이라 칙칙해보여서 아쉬웠는데 소개해주신 디오프러스 블루페더 톤업 선 스크린은 화사하게 톤을 정리해주니깐 너무 써보고싶네요!
5415,yt_comment,youtube,,백탁,불만,1,2026-08-09,2026-08,K4YNVb6Eg3k/UgyEaWu4zaxAc7Qar8x4AaABAg,선크림은 매일 쓰는 제품이라 발림성이나 백탁 여부가 제일 궁금한데 두 제품 모두 사용감이 어떨지 기대되네요!
5416,yt_comment,youtube,,끈적유분,불만,0,2026-08-11,2026-08,K4YNVb6Eg3k/UgwbcvRtuluNUZpKXLx4AaABAg,"선크림 바르는 게 고역이었어요, 답답하고 끈적여서 자꾸 미루게 되더라고요."
5417,yt_comment,youtube,,발림텍스처,만족,0,2026-08-11,2026-08,K4YNVb6Eg3k/UgwbcvRtuluNUZpKXLx4AaABAg,근데 PDRN 선크림이 수분 에센스처럼 가볍게 발리면서 피부 장벽 케어까지 챙겨준다는 설명에 완전 혹했습니다.
5418,yt_comment,youtube,,끈적유분,불만,0,2026-08-09,2026-08,K4YNVb6Eg3k/UgyO_BGcvpCX1r7qCYh4AaABAg,"특히 PDRN 선크림은 촉촉하게 수분을 채워주면서 피부 장벽까지 챙겨준다는 점이 눈에 들어왔고, 선크림을 바른 뒤 답답하거나 끈적이는 느낌을 싫어하는 사람도 부담 없이 사용할 수 있을 것 같아 기대됩니다."
5419,yt_comment,youtube,,백탁,만족,1,2026-08-11,2026-08,K4YNVb6Eg3k/Ugytak5EQIb7GSMBI2x4AaABAg,피부 회복 돕는 PDRN 선크림과 답답함 없는 파데프리 블루 페더 선스크린 조합 진짜 대박이에요 💙 끈적이는 여름에 백탁 없이 가벼운 톤업 선크림으로 가볍게 외출하며 기분 전환했던 기분 좋은 추억이 가득하거든요 ☀ 센스 넘치는 영상으로 힐링을 전해주는 별별뷰티 덕분에 가슴이 신나며 모두가 유쾌하고 희망찬 여름을 보내길 기대해요 ☀💙
5420,yt_comment,youtube,,백탁,만족,2,2026-08-12,2026-08,K4YNVb6Eg3k/UgyVjfru1jfU3S8OpY14AaABAg,블루 페더 톤업 선스크린 역시 백탁 없이 맑고 화사하게 톤업되면서 블루라이트까지 차단해 준다니 일상 속 필수품이 따로 없네요.
5422,yt_comment,youtube,,끈적유분,불만,2,2026-07-23,2026-07,1czg9yOPjZc/UgxZj-1nvZ6qkQ5wCXZ4AaABAg,저는 라메르 진짜 별로였는데 향도 별로고 기름지고 눈이 젤 따가운 선크림이에요
5424,yt_comment,youtube,,기타불만,불만,30,2026-07-23,2026-07,s_jAuALqXJI/UgyPiiUdERqOGBmtOMp4AaABAg,샤넬 선크림도 진심 별로… 사지마세요
5425,yt_comment,youtube,,용량가격,만족,27,2026-07-23,2026-07,obj7xGT6GvM/UgyVVG_pEWxm665pOiF4AaABAg,40만원이면 최고가 안티에이징라인인 양테그랄이나 수프리미아에도 준하는 가격인데 그걸 선크림에 태우시다니…정말 믿음이 갑니다.
5426,yt_comment,youtube,,자극따가움,불만,0,2026-07-23,2026-07,obj7xGT6GvM/Ugx2jgPAV-CdtaLJzWx4AaABAg,오늘은 썬크림 안바르고 나갔다가 이 저녁까지 얼굴이 화끈거리네요.
5428,yt_comment,youtube,,답답무거움,불만,0,2026-07-23,2026-07,obj7xGT6GvM/UgxA6S8nFOqx6WqNQ-F4AaABAg,"요즘 테니스를 시작해서 야외에서 있다보니 선크림이 정말 필수인데, 얼굴에 덧바르는건 아무거나 못 쓰고 있었거든요."
5429,yt_comment,youtube,,용량가격,만족,0,2026-07-23,2026-07,obj7xGT6GvM/UgwiJ6_t9aS0N0i95dZ4AaABAg,언니 매번 챙겨보고 있어요❤ 늘 유익한 내용과 좋은 제품들 소개해주시고 저렴한 가격에 득템할 수 있는 마켓해주셔서 감사해요😍 저도 이제 30대 후반이라 선크림 고민이었는데 알기 쉽게 딱딱 알려주셔서 여름 선크림 장만 하려구요🩷 평소 디올 선크림 궁금했는데 강력추천해주시는데 또 이벤트까지 있어서 조심스레 손 들어보아용🥹
5431,yt_comment,youtube,,용량가격,만족,0,2026-07-23,2026-07,obj7xGT6GvM/UgzInoWeYSY0O3jJ32B4AaABAg,"선크림 종류 정말 많은데 이렇게 가격대별, 용도별 구분해서 추천해주시니 좋네요."
5432,yt_comment,youtube,,건조,불만,0,2026-07-23,2026-07,obj7xGT6GvM/Ugxkw_65U_vGSNnFa4R4AaABAg,오오~~속건조좋은디올선크림 좋겠네요~~
5434,yt_comment,youtube,,기타불만,불만,0,2026-01-23,2026-01,LX97Z2_Q4Ss/UgynQ2Kd4Px-nNbR55R4AaABAg,"쥬시래스팅, 한올브로우, 베어쿠션, 팔레트, 쉐딩에 선크림까지 라인별로 몇통이나 쓴지 모르겠습니당ㅎㅎㅎㅎ"
5436,yt_comment,youtube,,답답무거움,불만,0,2026-01-23,2026-01,LX97Z2_Q4Ss/UgxXmpfqTo_5moQktmR4AaABAg,피부 답답한 걸 싫어해서 파데를 잘 안바르는데 선쿠션은 아무래도 가벼워서 그런가 손이 잘 가더라구요!
5440,yt_comment,youtube,,건조,불만,2,2026-03-23,2026-03,aPbnaUnMU6c/UgyO66PO-Ee1hrmNjOd4AaABAg,"양을 좀더 바르거나, 선크림을 발라서 밀폐력이 높이면 건조감은 줄지만 냅다"
5442,yt_comment,youtube,,끈적유분,불만,0,2025-12-23,2025-12,k1yh92imEqM/UgxOXF1WzGKeUrGAlKN4AaABAg,달바 선크림 다른거는 너무기름지던데 이건괜찮은가요?
5443,yt_comment,youtube,,끈적유분,불만,0,2026-01-23,2026-01,k1yh92imEqM/UgzcCv_dxbbPLtDdDcZ4AaABAg.ARavJ_HPoooARavsfNvGpu,아니 올리브영에서 달바선크림 샀는데 오늘 발랐는데 회사에서 눈시림 너무 심하고 티존 유분 터져서 기절할 뻔했어요
5446,yt_comment,youtube,,트러블,불만,1,2025-08-23,2025-08,YiZZ8_BBTnk/Ugx05iFmXQgcgmXx_MV4AaABAg,제가 현재 자외선 차단제를 새로사서 한번 발랐다가 얼굴이 뒤집어 졌어요.
5447,yt_comment,youtube,,건조,불만,0,2026-08-19,2026-08,mgHwfct7k-A/UgyImpddf6ti0SLSAm14AaABAg,전 극지성이라 아무것도 안 바르고 선크림만 발라도 건조하다는건 못 느꼈어요 ㅎㅎ
5448,yt_comment,youtube,,눈시림,만족,1,2025-08-23,2025-08,FuIp4gi-jVw/UgySVvbMCAZ8wHtTjH14AaABAg.AKlahK2DZM5AKuQJN0ykzo,저 6번 쓰고 있는데 선크림이 땀에 섞여 눈에 들어가지 않는 한 전혀 눈시림이 없어요!!
5452,yt_comment,youtube,,자극따가움,불만,2,2025-08-23,2025-08,XxJT8aYM0Tk/UgyHcHpCjp7eZ57L6St4AaABAg,그리고 지금 초예민트러블피부 선크림 못찾고있어요....닥터지도 자극되고 제로이드마저 자극적이에요 ㅠㅠ
5453,yt_comment,youtube,,끈적유분,불만,0,2025-08-23,2025-08,9MPQqFctecI/UgyDkBNB9hcOBikE1Z54AaABAg,좁쌀이 많이 생겼습니다ᆢ 선크림이 발랐을때.수부지인 제겐 좀 번들거린다는 느낌인데 ᆢ 그때문일까요?
5454,yt_comment,youtube,,건조,불만,1,2026-03-22,2026-03,4cuNs3vij_U/UgwdsYWUloKDw9O7J2F4AaABAg,썬크림 바르고 오후되면 너무 건조해지는데 뭐가 문제일까요 ㅠㅠ
5456,yt_comment,youtube,,트러블,만족,2,2025-08-23,2025-08,v1LhejRWvpA/UgzYeM7jlM0XP45Wx-94AaABAg,"워낙 몸이나 얼굴에 트러블이 잘 나는데 유일하게 트러블 안나서 올영에서 항상 재구매하는거 라로선크림, 오프온바디로션, 롬앤 틴트!"
5457,yt_comment,youtube,,끈적유분,만족,0,2026-06-23,2026-06,JASkpckOaYw/Ugxjl6UMn60qb6_99Fl4AaABAg,구달 썬크림 보송하게 마무리되고 좋아욥 성분도 좋다고 하시니 안심:) 우연찮게 썼는데 제품 제형도 가볍고 번들거림 없어서 지성이 쓰기에도 좋음!
5458,yt_comment,youtube,,백탁,만족,0,2026-06-23,2026-06,uJPV9yRIqgo/UgwWL_9zQX7nOlS2WJV4AaABAg.AXpo_s0QOq-AXsVe-BA2dt,선크림 그냥 백탁없고 발림좋으면 푹푹 쓸 수 있는게 제일이지 해서 다이소에서 계속 사다썼는데 내분비계 교란 가능성은 선 넘네요.
5459,yt_comment,youtube,,자극따가움,불만,0,2026-06-23,2026-06,uJPV9yRIqgo/Ugx9YdH8ucbPZNQlulR4AaABAg,나이아신아마이드 기초 아닌 선크림에 들어도 따가워서 못 써요 ㅠㅠ
5461,yt_comment,youtube,,밀림,불만,0,2026-08-17,2026-08,YhOtZY3PoKQ/UgxShgpTJlDA2N620W94AaABAg.A_ZBLEaLovxA_ZCSiRE8Ou,근데 제가 아직 고등학생이라 주변에 메이크업은 커녕 선크림조차 안바르는 친구들이 대부분이라 오히려 나만 좀 얼굴이 떠보이는건아닌가 걱정되더라구요.
5462,yt_comment,youtube,,끈적유분,불만,1,2026-02-21,2026-02,IP-lEvSAUsU/UgyuQFK3Y9lyOuzW85x4AaABAg.AT5KomjBVGFAT6UztM3Ouj,선크림은 기름이라서 고정댓글에 말한 1차세안제로 잘 지우면 충분합니당 불안하면 2차 가볍게 해주세용
5465,yt_comment,youtube,,건조,불만,1,2026-08-09,2026-08,UoKFz1DsxsU/UgwDU0JkG61DVwF00ZN4AaABAg,수부지인데 톤업선크림만 쓰면 건조해서 그런지 시간 지나서 보면 모공 구멍마다
5466,yt_comment,youtube,,톤업색상,만족,0,2026-08-09,2026-08,UoKFz1DsxsU/Ugynpg41PQ67yoTY1pp4AaABAg,😮 톤업선크림을 쓰긴하지만 잡티는 어쩔 수 없이 가려지지않아서 포기했는데 이런 선크림이라면 안 살 수가 없네요 ❤ 최고예요
5467,yt_comment,youtube,,건조,불만,0,2026-08-11,2026-08,UoKFz1DsxsU/UgzYzqQVuHFWVMqyBGF4AaABAg,올여름에 파데프리 선크림 4개 써봤는데 아누아 매트벗글로우가 제일 건조하고 뻑뻑한 편이었거든요
5471,yt_comment,youtube,,답답무거움,만족,3,2025-08-23,2025-08,e3nau-tKNAs/UgxvDv6blHONsjN6emB4AaABAg,"여름에 넘 답답해서 화장 안하구 파데프리로 다니는데 말씀주신 것 처럼 선크림이 넘 잘지워져서 고통이에여 🥹,,,"
5473,yt_comment,youtube,,끈적유분,불만,0,2025-08-23,2025-08,e3nau-tKNAs/Ugx8HGKBe9uAtO58I5t4AaABAg,여름이라 그런지 학교에서 3교시쯤만 되면 개기름이랑 유분이 올라와서 고민이에요 😭😭 선크림만 바르고 다니는데 뽀송하게 유지하는 방법 없나요?
5474,yt_comment,youtube,,끈적유분,불만,1,2026-02-21,2026-02,ZLwYRgCJ2oQ/UgxJb7uFkQllmL4yRzl4AaABAg.AT7VZ7qJVJJAT7Zm0u-VST,다만 꼭 발라야하는 환경 이시라면 아래 체크해보세요 □ 선크림 바르고 1~3일 안에 오돌토돌 올라온다 □ 이마나 볼 위주로 균일하게 좁쌀이 생긴다 □ 짜면 하얀 피지 알갱이처럼 나온다 □ 바른 직후부터 답답하고 막힌 느낌이 있다 □ 10분 지나도 미끈거림이 남아있다 □ 오후 되면 번들거림이 심해진다 □ 화장이 밀리거나 모공이 더 도드라져 보인다 □ 세안 후 바로 피부가 당긴다 □ 속은 건조한데 겉은 번들거린다 □ 저녁에 폼클렌징만 하고 끝낸다 □ 반대로 세안을 너무 박박 문지른다 □ 윤광 강조된 크림형 선크림을 사용 중이다 □ 무기자차인데 두껍게 한 번에 바른다 □ 아침 기초를 무겁게 여러 단계 바른다
5477,yt_comment,youtube,,자극따가움,불만,993,2026-05-23,2026-05,SjbVy2Po7Co/UgykKHfAGzt3sdayZ9B4AaABAg,근데솔직히 현실적으로 파데까지 풀메햇을때 시간지낫다고 선크림어케발라 화장무너지는데 슈봉
5480,yt_comment,youtube,,기타불만,불만,0,2026-07-23,2026-07,Qs_pfbljnyQ/UgxoFyUweKWYh5utQ0R4AaABAg,형 미니커버로션 선크림 대체로 쓰는거 별로예요??
5481,yt_comment,youtube,,트러블,불만,0,2026-07-23,2026-07,KWtJcy7mJ_M/Ugyxw7wwuX977m0UESN4AaABAg,민감형 피부라 그런지 유기자차 목에 바르면 항상 좁쌀 트러블 올라와서 무기자차 얼굴에만 바르는 편인데 이번에 나온 바디용 선크림 민감성 피부 막 발라도 순한 편인가요?
5482,yt_comment,youtube,,용량가격,만족,51,2026-07-23,2026-07,KWtJcy7mJ_M/UgxpB6ZQxGWGHhoaoS54AaABAg,더마비 대용량 썬크림 사서 목이랑 팔에 바르고있었는데 새로운 추천 바디썬크림인가요?ㅎㅎ
5485,yt_comment,youtube,,톤업색상,만족,3,2026-06-23,2026-06,5klfNUoPy9w/UgySRYpHCmZFnH0n7e54AaABAg,"어머...저도 비슷한 초6입니다.저도 그때쯤 화장품 많이 샀었어요.근데 제 생각에 유이는 립밤,선크림,로션,연한 틴트만 발라도 예쁠 때예요.저는 유유가 쿨톤이면 롬앤 쥬시레스팅 틴트 핑크계열 추천합니다.웜톤이면 같은 쥬시레스팅 틴트 다른 계열 발색 해보시고 사는거 추천해요.그리고 립밤은 버츠비 틴티드 립밤 추천드립니다.선크림같은 경우는 저는 닥터지 짜서 쓰는 선크림 쓰는데 잘 지워지고,좋더리구요.그리고,제 생각에는 톤업 선크림까지는 괜찮을것 같아요.저도 톤업선크림 가끔 행사 있을때 바릅니다ㅎ.ㅎ.일단 착색 있는 화장품은 자제하시고,화장을 하던 안하던 세수는 꼭 하셔야 합니다.그리고 유유는 제가 봤을때 화장 안해도 이쁜것 같아요!"
5487,yt_comment,youtube,,색상어두움,불만,0,2026-08-09,2026-08,KWtJcy7mJ_M/UgxeKyezcrZAMoIR6mB4AaABAg.AYfwIu-bvPPA_EOozq2LNA,"전 바디선크림 목이나 팔 주변에 바르고 밝은색,어두운 색 면티나 맨투맨, 후드티 이런 거 입으면 옷에 자꾸 묻어나서 그냥 이너같은 경우는 어쩔수없지만 무조건 흰 옷만 입어요."
5488,yt_comment,youtube,,지속력워터,만족,0,2026-08-09,2026-08,KWtJcy7mJ_M/UgxeKyezcrZAMoIR6mB4AaABAg.AYfwIu-bvPPA_EOozq2LNA,흰티는 특히 목 같은 데에 선크림 묻어나도 티가 아예 안 나서 편하더라고요.
5489,yt_comment,youtube,,건조,불만,0,2026-07-23,2026-07,KWtJcy7mJ_M/UgzYyegyVcj7AWS7JER4AaABAg,더마비 선크림 바를때 조금 뻑뻑한 느낌이던데 피부가 건조해서 그런걸까여..
5490,yt_comment,youtube,,지속력워터,만족,1,2026-07-23,2026-07,dAdcI4lF3Hg/Ugx2e79FpkOI1HRjwsp4AaABAg,"그리고 저런 바디선크림을 목에 발랐을 때, 얼굴용 유기자차 선크림을 목에 발랐을 때에 비해서 옷에 더 묻어나거나 하진 않나요 😂😂"
5491,yt_comment,youtube,,끈적유분,불만,0,2026-07-23,2026-07,dAdcI4lF3Hg/Ugz1gKxeE16nF1P-h0t4AaABAg,더마비 바디선크림 끈적여서 별로이던데 에이킨거는 덜 끈적이려나요😢
5493,yt_comment,youtube,,백탁,만족,1,2026-07-23,2026-07,dAdcI4lF3Hg/UgyKhEokHoIXOmEp5SJ4AaABAg.AYa4fmCtFQ4AYa5J1Pcp80,백탁 없는 유기자차 선크림으로 최대한 덜 묻게 만들었어요!
5494,yt_comment,youtube,,끈적유분,만족,0,2026-07-23,2026-07,dAdcI4lF3Hg/UgzPlKKcdzANHQxwF414AaABAg,바디선크림 한여름에 써도 끈적하진않나요??
5497,yt_comment,youtube,,건조,만족,0,2025-12-23,2025-12,mNvNfglGIO4/UgxdzSprKuD5yiCwTVd4AaABAg.AQGgaKLJLJpAQcq62tjDZl,저는 세수 함과 동시에 코스알엑스 펩타이드 세럼을 토너 대용으로 먼저 발라주고 이니스프리 그린티 세럼 2번 레이어링 해주고 수분크림 발라준 다음에 스코님 마켓에서 샀던 토리든 선크림 바르고 메이크업 하는데 하루종일 속건조가 없어서 요즘 너무 좋아서 추천 드릴게용 🥰
5499,yt_comment,youtube,,건조,불만,0,2026-06-23,2026-06,k5Sw-CYhubg/Ugz3Wa_T6Dfuu1hfuVV4AaABAg,"히알루돈산 토너 여러번 흡수 시키고 앰플,수분선크림 조금 바르고 커버로션 바르는데 엄청 건조한 느낌이고 뜨는 느낌 나네요"
5500,yt_comment,youtube,,끈적유분,불만,0,2026-06-23,2026-06,k5Sw-CYhubg/Ugxai6f5YKUDLpvdy8p4AaABAg,형님 제가 복합성 피부인데 유기자차 선크림을 사용하면 코에만 기름이 너무 생기고 트러블 및 블랙헤드가 심해집니다.
5501,yt_comment,youtube,,트러블,만족,0,2026-06-23,2026-06,k5Sw-CYhubg/Ugxai6f5YKUDLpvdy8p4AaABAg,볼에는 아무 트러블이 없어요.코와 이마에만 무기자차 선크림을 따로 발라야할까요?
5502,yt_comment,youtube,,트러블,불만,0,2026-06-23,2026-06,k5Sw-CYhubg/UgzL1tUgWKIJqqOEFC94AaABAg,썬크림 발라야하는데 바르면 이중세안 막 그리해도 트러블 난단말이지
5504,yt_comment,youtube,,트러블,불만,4,2026-06-23,2026-06,qiXl39mQeI8/UgwvQEpwRV5s8KjODqR4AaABAg,이거 무기자차 자외선 차단제가 잘 안지워져서 트러블 난다는 평이 있는데 선크림도 잘 지워지는지 궁금해요!!
5506,yt_comment,youtube,,용량가격,불만,0,2026-03-23,2026-03,-oIhCuo8Zjg/UgwmogJZoZBEnwWsAk14AaABAg,의사샘.제가 작년에 여름쯤에 대용량선크림을 샀어요(일반선크림 양5개정도)그런데 정확한 개봉날짜를 잘 모르겠어요
5507,yt_comment,youtube,,용량가격,만족,0,2026-06-23,2026-06,w-yJtQS1lII/Ugx264PSinSFrmQG8ax4AaABAg,바디선크림 식물나라 대용량 사서 바르는데 가성비 좋습니다.
5508,yt_comment,youtube,,끈적유분,불만,0,2026-06-23,2026-06,QjVMAmPUCbE/UgwcKLxf7FSCqaI2R9x4AaABAg,학생이고 땀 많은 편인데 무기자차가 잘 안씻겨서 이중세안 하기 싫어 유기자차 선크림 쓰려는데 자작나무 소나무 시카 선크림 발라도 안 기름지나요??
5509,yt_comment,youtube,,지속력워터,만족,0,2026-06-23,2026-06,QjVMAmPUCbE/Ugwql2DujA-GCC6-TIJ4AaABAg,퇴근 후 운동 가기 전 선크림 지울 클렌저를 찾고 있는데 미닉으로 매일 지워도 장벽 문제는 없을까요?
5510,yt_comment,youtube,,백탁,불만,0,2026-06-23,2026-06,QjVMAmPUCbE/UgwB53xxpuUALEsrkXl4AaABAg,제가 겨울철 얼굴 약알칼리로 씻고 그냥 밖에 나가도 얼굴 안당기는 사람인데 저 선크림은 무기자차라기엔 너무 잘 발리고 냄새도 적고 백탁도 적습니다.
5511,yt_comment,youtube,,눈시림,불만,0,2026-06-23,2026-06,QjVMAmPUCbE/UgyoYSBKrOgH0SBi_up4AaABAg,스완님 마일드랩 무기자차 선크림 눈시림이 있어서 비그룸 문의 넣었는데 브랜드측에 확인해보겠다고하고 답이 안와요 ㅠ…
5512,yt_comment,youtube,,끈적유분,불만,7,2026-06-23,2026-06,QjVMAmPUCbE/UgzSWqL17_Z9HAHVzwV4AaABAg,"형님 제가 잘 몰라서 그런데, 예전에는 선크림바른 날에도 클렌징폼으로 한번 세안했는데, 요즘 들어서 뭔가 찝찝한 느낌이 들어서 저녁에 씻을때 매일 오일하고 폼 하거든요"
5515,yt_comment,youtube,,건조,불만,2,2026-05-23,2026-05,51IZQPU68VE/Ugyi8sECH80WT4p5DTB4AaABAg,아침 : 약산선 클랜징폼 비플레인 녹두 / 토너 생략 / 에스네이처 젤크림 얇게 ( 건조하면 레이어드 또는 웰라쥬 앰플 얇게 먼저) / 선크림 무기자차 저녁 : 메이크프램 클랜징밀크 / 비플레인 녹두클랜징폼 / 웰라쥬 앰플 얇게 / 젤크림 얇게 / 디페린 겔 얼굴 전체 얇게 바르기 / 건조하면 젤크림 얇게 한번더 바르기 이렇게 입니다
5517,yt_comment,youtube,,끈적유분,불만,0,2026-05-23,2026-05,51IZQPU68VE/UgxUAUen_DLH4ZryieZ4AaABAg,형 근데 궁금한게 유이크같은 무기자차 바르고 미닉 톤업선크림 발라도 되나요??여름이 다가오니깐 유기자차 바르면 수부지라 개기름 많이 나오는데 또 무기자차 바르면 뻑뻑하고 톤업선크림이 잘 안먹을까봐 안하고있는데 ㅠㅠ
5521,yt_comment,youtube,,용량가격,만족,3,2026-05-23,2026-05,RdUl99gQ-0k/UgzEAM3GzCYUoWHWVrZ4AaABAg,토리든 무기자차 마일드 선크림 좋아요~😊6년 넘은듯!!화해어플이나 올리브영 가격비교해서 삽니당 무기자차라 성분이 아무래도 건성분들은 조금 당길수있는데 평소장벽관리잘하고 있어서 그런지 건성인데 질쓰고있음용 워낙 번 들거리는화장보다
5523,yt_comment,youtube,,건조,불만,2,2026-05-23,2026-05,RdUl99gQ-0k/UgzZ1elngR3JX1h-YMB4AaABAg,메이크프렘 톤업선크림 속건조가 심해서 피부가 당기던데 저만 그런가봐요ㅠㅠ
5525,yt_comment,youtube,,발림텍스처,만족,1,2026-07-23,2026-07,RdUl99gQ-0k/Ugy5TnLXO7mW9n-O0jd4AaABAg,저는 메디힐 마데카소사이드 수분 선세럼 이 제품 사용하는데 완전 로션처럼 발리고 묻어나는게 없어서 좋았는데 이 영상을 보고나니까 선세럼도 선크림 역할을 제대로 하는건가하는 의문이 들어서요😢
5526,yt_comment,youtube,,눈시림,만족,0,2026-05-23,2026-05,RdUl99gQ-0k/UgwVal72H6fxKqR1pKd4AaABAg,여름이 오고있는데 눈시림 없는 워터프루프 썬크림 소개해주세요~😢 자작나무쓰고 있는데 너무 금방지워져서 지금은 괜찮은데 여름에는 워터프루프가 필요해요~
5528,yt_comment,youtube,,자극따가움,불만,2,2026-05-23,2026-05,RdUl99gQ-0k/Ugy2IwbzfwZ5SiT580p4AaABAg,자작나무 선크림 잘 쓰다가 어느순간 갑자기 따가워져서 못썻는데 피부장벽 문제였군요ㅠㅠ
5530,yt_comment,youtube,,답답무거움,불만,0,2026-05-23,2026-05,RdUl99gQ-0k/UgwVFdPgHqvIIi5DiOZ4AaABAg.AVwnuGEi0zaAW2063B78Z6,저도 어떤 썬크림 발라도 가렵고 답답한데 ...조선미녀 썬크림 좀 괜찮아요
5531,yt_comment,youtube,,눈시림,불만,0,2026-05-23,2026-05,RdUl99gQ-0k/UgxUyVDKi_jjOY25E114AaABAg,라섹 수술하고나서 아무리 눈시림 없는 선크림 발라도 눈이 따가워서 못바르겠어요ㅠㅠㅠㅠㅠㅠㅠㅠ
5532,yt_comment,youtube,,트러블,만족,0,2026-05-23,2026-05,RdUl99gQ-0k/UgzD2yBWYIFbG6zHcsV4AaABAg,이렇게 선크림을 2겹 발라도 트러블이 안난다면 피부과적(?)으로는 문제 없을까요?
5534,yt_comment,youtube,,답답무거움,불만,1,2026-08-09,2026-08,v5EblqRnSEA/UgwsTMJ8ZoQarehqAUp4AaABAg.AZvXCXw-lmnA_86_JEWJRu,spf50+ pa++++ 선크림 싼거 아무거나 사셈 어차피 성능 거기서거기임 어느제품이 좋냐가 아니라 얼마만큼의 용량을 바르느냐가 중요한거지 아 자작나무수분 선크림 거르셈 spf지수 조작한 제품임
5536,yt_comment,youtube,,기타불만,만족,22,2025-11-23,2025-11,WPbrZ7hsEtc/UgwW0eppS4la9FDmW094AaABAg,선크림은 콜마 거 쓰세여 콜마 창업주 논란 땜에 콜마 별로 안 좋아하긴 하지만 선크림 제조 기술력 하나는 1짱임
5537,yt_comment,youtube,,백탁,불만,1,2026-05-23,2026-05,51IZQPU68VE/UgwoqAiqHCipdlPc26t4AaABAg,스완님 무기자차 선크림에도 핑크빛을 추가해서 백탁느낌을 톤업효과로 승화시켜서 무기자차 선크림을 만들면 단점을 보완할 수 있는거 아니에오??
5539,yt_comment,youtube,,톤업색상,만족,0,2026-05-23,2026-05,51IZQPU68VE/UgwoqAiqHCipdlPc26t4AaABAg.AWkH0XSA4WfAWlcZUYq4kX,단점을 보완한다기 보다는 톤업 자체가 최대한 안 되는걸 좋아하시는 분들이 많아서 톤업 선크림은 톤업으로 가는 거 같더라구요 ㅎㅎㅎ
5540,yt_comment,youtube,,향,불만,0,2026-05-23,2026-05,51IZQPU68VE/Ugy4SrOPeyN8xyUo5fZ4AaABAg,저거 톤업선크림 꼬릿한 냄새 엄청 나던데 사바사인가봐요 ㅜ
5541,yt_comment,youtube,,자극따가움,불만,0,2026-05-23,2026-05,U2gqTQu2EW0/UgyyvzJXzMRf_Pt0z9J4AaABAg,젤크림 바르고 혼합자차 썬크림 바르는데 화끈거리고 따가운데 저녁에만 바르고 아침에는 다른걸 발라야 할까요?
5543,yt_comment,youtube,,끈적유분,만족,0,2026-06-23,2026-06,U2gqTQu2EW0/UgwqRKAvOgn0k8Pe8T54AaABAg,에스네이쳐 오아시스 수분크림같은데 선크림이나 화장전에 많이바르면 기름지지 않나요?
5544,yt_comment,youtube,,건조,불만,0,2026-05-23,2026-05,U2gqTQu2EW0/Ugy_ItY-LvMLsWgyVsl4AaABAg.AX6VCIcwOuOAX6VTzbbgFF,혹시 선크림 발랐는데 건조하시면 클렌징 티슈나 패드로라도 한 번 닦아내고 해주시면 좋아요 ㅎㅎ
5546,yt_comment,youtube,,끈적유분,불만,0,2026-04-23,2026-04,MoLjUnnhI6M/UgyiR88noLUW4jlAbuN4AaABAg,커버로션 쓰면 건조함을 많이 느끼는 편인데 그럴때 기름기 있는 선크림과 중복으로 쓰는게 도움이 될까요?
5547,yt_comment,youtube,,용량가격,불만,0,2026-04-23,2026-04,MoLjUnnhI6M/UgyR2fLYBiC52JuchRt4AaABAg,지금 선크림 특유의 냄새가 너무 싫어서 유세린 오일컨트롤 선크림 쓰고있는데 비싸가지고 마일드랩으로 옮겨 탈까요?
5548,yt_comment,youtube,,백탁,만족,0,2026-05-23,2026-05,MoLjUnnhI6M/Ugy2lOpk3ianAnEOxHN4AaABAg,군인이라 남자만 있어서 백탁같은거 신경 안쓰는데 혹시 자외선 차단 잘 되는 가성비 선크림 추천 가능하실까요??
5551,yt_comment,youtube,,용량가격,만족,0,2026-04-23,2026-04,MoLjUnnhI6M/UgwT7Qqbi_HZbOvN7hF4AaABAg,그 대용량로션같은 선크림 저번에 추천해주셨던거 같은데 그거 쓰면되나요?
5552,yt_comment,youtube,,트러블,불만,0,2026-04-23,2026-04,MoLjUnnhI6M/UgwFuVjtfrs_S8hgzg14AaABAg,시간 부족한 날에는 선스틱 바르고 나가는데 선스틱 바른 날만 트러블이 올라오더라구요..
5554,yt_comment,youtube,,끈적유분,불만,0,2026-04-23,2026-04,MoLjUnnhI6M/UgwnHj03ijF4RDkIZRV4AaABAg,유기자차 바르고있는데 유분기때문에 크림을 조금 줄이거나 안바르고 선크림만 발라도 되나여?
5555,yt_comment,youtube,,지속력워터,만족,0,2026-04-23,2026-04,MoLjUnnhI6M/UgxfAoHYQtme4deAwJV4AaABAg,지성인데 이지워시 선크림 추천하실만한 건 없을까요?
5562,yt_comment,youtube,,트러블,불만,0,2026-06-23,2026-06,MoLjUnnhI6M/UgwfANYzAYs6kvIBOk14AaABAg.AXSGrVLbn6ZAXmuaUh-P7L,자작나무 수분 선크림 쓰다가 t존 특히 코 부분 피부가 뒤집어짐요
5563,yt_comment,youtube,,기타불만,불만,0,2026-06-23,2026-06,MoLjUnnhI6M/Ugw-skwylkws5KcFHz54AaABAg,셀퓨전씨 선크림은 별로일까요?
5565,yt_comment,youtube,,건조,불만,0,2026-04-23,2026-04,MoLjUnnhI6M/UgyRd9tJMcOZwCowgCx4AaABAg,"안구건조증이 심해서 눈시림 때문에 선크림 쓰기가 너무 힘든데, 눈시림 없는 제일 덜 한 선크림은 뭐가 있을까요 ?"
5566,yt_comment,youtube,,건조,불만,0,2026-05-23,2026-05,MoLjUnnhI6M/UgzbTdp-cab9ARtFtrF4AaABAg,봄에 유이크 무기자차 쓰는데 속건조가 너무 심하고 밀려서 스완님 선크림 콘텐츠들 보다가 질문 남깁니다!
5567,yt_comment,youtube,,용량가격,만족,0,2026-05-23,2026-05,MoLjUnnhI6M/Ugx9tUZTJvowp1Jcj0h4AaABAg,바디 대용량 선크림은 그대로 더마비 추천하시나요??
5570,yt_comment,youtube,,용량가격,만족,9,2026-01-23,2026-01,V6raQJKTVQ4/UgzDiDVTxX5kuvRTxFV4AaABAg,"느낀 화장품이나 연고는 아클레어클렌징폼, 이데셀크림, 디오디너리 나이아신, 미샤 비타C세럼, 비판텐, 등 선크림은 독도거가 젤 낫구 파데는 젤비싸도 뽀아레가 젤 편안하고 두껍지 않고 고급져 보여서 정착템이에요"
5571,yt_comment,youtube,,기타불만,불만,0,2026-04-23,2026-04,XvuHGvwtrBA/Ugw4sFw4SsKNNZOo8JN4AaABAg,스완님 벤튼 선크림이 어느샌가 추천에서 사라졌는데 이제 별로인가요??
5573,yt_comment,youtube,,끈적유분,불만,0,2026-04-23,2026-04,xEJYmWXRCw0/UgzdAuCkVhB8Vs7e6Wd4AaABAg,아침에 세수하고 로션바르고 선크림 바르는데 얼굴이 끈적거리고 반질반질 해지는데 해결하는 법 있나요
5574,yt_comment,youtube,,건조,만족,0,2026-08-09,2026-08,WH7OyBOz6i4/UgxBSxu7kfSaEKCRB-B4AaABAg,수백만원 처발라도 효과는 미비하고 6개월뒤면 다흘러내림 ㅡ선크림 꼭바르고 3000원짜리 바세린을 목 ㆍ눈가 ㆍ팔자주름에 꾸준히 바르면 주름에 도움됨 ㅡ일단은 건조하면안되니까 항상 촉촉하게 해야함
5575,yt_comment,youtube,,백탁,불만,1,2026-03-23,2026-03,TVcJjrquQc4/UgznJtYm-kB3VS__-nR4AaABAg,스완형님 형님이 추천해준 아떼 무기자차 선크림 백탁이 너무 심한데 원래 이런건가요ㅜㅠㅠ
5576,yt_comment,youtube,,건조,불만,0,2026-03-23,2026-03,BNkRidXuOzM/Ugxc87bfyyk1tyZKNx14AaABAg,"수분 토너,수분 앰플,보습 앰플,로션,유기자차 선크림,무기자차 선크림 (살짝)바르고 가는데 나중에 점심시간되면 건조해져서 미스트를 써야할지… ㅠㅠ"
5577,yt_comment,youtube,,끈적유분,만족,1,2026-05-23,2026-05,hZd5yHYM3CM/Ugyw8BLJPNtQTzlWPuF4AaABAg,그래서 정착한게 픽스베리어 재생크림임 너무 꾸덕하지도 묽지도 않아서 답답하지 않고 여드름 흔적 있는사람들 재생 잘 되서 빠르게 옅어짐 근데 자외선 차단도 기본적으로 해줘야함
5580,yt_comment,youtube,,지속력워터,만족,0,2026-02-23,2026-02,EDTkriWp9X0/Ugx5qzHdqXcIfsJfmvN4AaABAg,센카쓰고 보습하면 괜찮은데 🤔 근데 어차피 유전이라 대충 쓰세여 선크림 시세이도쓰면 센카정도 되야 지워짐
5581,yt_comment,youtube,,건조,불만,0,2025-11-23,2025-11,Xyxp3GFKhUk/UgxkPSPydfqAzvNCNlt4AaABAg,썬크림 바른후 오후에 건조할때 그위에 보습제 발라도 될까요?
5582,yt_comment,youtube,,끈적유분,불만,0,2022-08-23,2022-08,h8t_t4SdDHw/UgypfkdfRI_YxTa9uVF4AaABAg,스킨 아이크림 앰플 로션 선크림쓰는데 5시간지나면 얼굴에 유분이 많더라고요.
5583,yt_comment,youtube,,끈적유분,만족,0,2022-08-23,2022-08,h8t_t4SdDHw/UgypfkdfRI_YxTa9uVF4AaABAg,근데영상보고 오늘부터 로션제외하고 바로 선크림바르니 유분감이 확실히 적어졌네요
5584,yt_comment,youtube,,건조,불만,1,2025-09-23,2025-09,wIO1ISoCKoA/UgxSdJygClBw7q3eVhB4AaABAg,"선생님 아침에 스킨로션,썬크림 바르고 건조하면 그 위에 수분크림 발라도되나요?"
5585,yt_comment,youtube,,끈적유분,만족,2,2026-02-23,2026-02,56-s3SCtoQc/UgxOrlJTnJPLBACrhQF4AaABAg,유분 위엔 안바르고 싶지만 톤업선크림까지 장착한 상태에선 뭘 발라야 할까나요?
5587,yt_comment,youtube,,끈적유분,만족,0,2026-07-23,2026-07,jJ43zyp26Uw/UgwYN_Gz1HSxLDDo17N4AaABAg,수딩젤처럼 잔여감 없는 선제품도 추천해주세요
5588,yt_comment,youtube,,답답무거움,불만,0,2026-07-23,2026-07,jJ43zyp26Uw/UgwYN_Gz1HSxLDDo17N4AaABAg,더운데 선크림때문에 답답해서 힘들어요
5590,yt_comment,youtube,,건조,불만,0,2026-07-23,2026-07,jJ43zyp26Uw/UgxiuIOmiPa5Id4kr694AaABAg.AZ01vOAQwz0AZPFK4PgYTI,유기자차가 만들기 쉽죠 발림성도 더 좋고용 왁스같은 성분을 넣어서 무기자차로 만들면 선스틱은 더 들뜨고 건조하고 하얗게올라와요ㅠ
5591,yt_comment,youtube,,트러블,불만,1,2026-08-02,2026-08,LkAjyOyBq3A/UgxQEDnPugPGt0J46Xh4AaABAg.AZVjnSOo91tAZi7JaE-0RE,그래도 충분하고 트러블 난적 없었어용ㅎ 사춘기딸은 가끔 좁쌀 올라오는 앤데 선크림+엠픟투폼 조합 쓰고 있어용ㅎ
5592,yt_comment,youtube,,용량가격,만족,1,2026-07-23,2026-07,LkAjyOyBq3A/UgxlNgIAhUe6SqlysfF4AaABAg,혹시 몸에 바른 선크림 지울 용도로 성분은 다소 아쉬울 수 있으나 세정력 좋고 용량 크거나 가성비 좋은 클렌징오일 추천해주실 수 있나요🤩🤩🤩
5594,yt_comment,youtube,,트러블,만족,3,2026-06-23,2026-06,MdScKOu1Fj0/UgyJis7yekmT-6iFjgV4AaABAg,언니 진짜 사랑해요 (거의 매일써요) 파우더쓰고 트러블 안나는 제품은 처음은 물론이고 선크림만 바르고다닐때도 많은데 진짜 좋아요
5599,yt_comment,youtube,,끈적유분,불만,2,2026-05-23,2026-05,QwEz9Jo2eJA/UgyKesul3N4GGWA8SSx4AaABAg,썬크림 + 유분제거 + 파우더 눈썹 숱이 있어서 빗질만 저기에 립만 바르거든요
5600,yt_comment,youtube,,백탁,만족,1,2026-06-23,2026-06,Rqa27vPMZsk/UgzqZgi_owFyO6_Dnyl4AaABAg,50세 수부지이고 백탁없는 선크림은 어떤걸로 선택해야할까요??
5601,yt_comment,youtube,,지속력워터,만족,2,2026-04-23,2026-04,xBEtGYdNTeA/UgznYm04uKnYm3fAGlV4AaABAg.AVH9VdqObEXAVHIUuZl12f,매일 선크림을 정량 바르고 지속적으로 덧바르는건 매우 불편하고 어렵습니다
5602,yt_comment,youtube,,밀림,불만,2,2026-04-23,2026-04,xBEtGYdNTeA/UgznYm04uKnYm3fAGlV4AaABAg.AVH9VdqObEXAVHNyhrKRZu,무기자차인데 이번에 메이크프렘 새로 나온 혼합자차 베이스용 선크림(잡티톤업세럼이라 나온거) 바르고 넘 때처럼 밀려서 돈만 버...
5606,yt_comment,youtube,,눈시림,불만,0,2026-07-23,2026-07,_AQnAKA1w7o/Ugybfopwttv3SRASqet4AaABAg,눈시림이 심해서 썬크림은 무조건 이 영상 보고 골라요~
5608,yt_comment,youtube,,자극따가움,불만,0,2026-06-23,2026-06,_AQnAKA1w7o/Ugygecgsrjqfb_IKXIN4AaABAg,선크림 바르고 한번씩 땀 나거나 하면 따끔따끔?
5611,yt_comment,youtube,,백탁,불만,1,2026-07-26,2026-07,_AQnAKA1w7o/Ugyo_NptazNoeowg-NF4AaABAg,"추천해주시는 온가족이나 지성피부 무기자차 선크림만 사용해왔는데, 정량만큼 양을 많이 바르기도 해서 백탁과 유분감이 생각보다"
5612,yt_comment,youtube,,백탁,불만,1,2026-07-26,2026-07,_AQnAKA1w7o/Ugyo_NptazNoeowg-NF4AaABAg,"'이니스프리 톤업 선크림'은 보송한 질감덕에 백탁이 너무 심하고 요철부각도 심하고 등..(정량만큼 발랐을시) 보송한 제품이라 해도 요철부각에 유분감도 있어서, 적게 바르고 파우더처리를 해야 더 깔끔하고 피부표현이 예뻤어요."
5614,yt_comment,youtube,,건조,불만,2,2026-06-23,2026-06,_AQnAKA1w7o/Ugxg7FnunH34FzzpTWZ4AaABAg,"몸에도 바를수있는 선스프레이,가성비좋거나…바디워시로도 지워지는ㅠㅠ선크림 궁금해요…!!!클렌징오일,폼까지 하니 몸이 너무 건조해지더라구요🥹"
5615,yt_comment,youtube,,지속력워터,만족,0,2026-06-23,2026-06,_AQnAKA1w7o/UgwjqLlcRWzXYnwVaN54AaABAg,"닥터지가 자외선차단은 진짜 최고인데,유기자차에 비해..근데 지우기가 정말 힘드네요.워터프루프라 현장일 하는 신랑이 사용중인데,땀과 물에는 강한데 세안이 힘들어요"
5619,yt_comment,youtube,,백탁,만족,14,2026-07-23,2026-07,_AQnAKA1w7o/UgyNZZD-l2NaDkG0o454AaABAg,써본 선크림중에서 2026에 새로나온 브이티 에어클라우드선크림 스윙스가 세수한거가 최고 좋은듯 눈시림 백탁 번들거림없이 촉촉하고 발림성좋고 진짜 가벼움 에어클라우드라는말이 딱 맞는
5621,yt_comment,youtube,,끈적유분,만족,25,2026-06-23,2026-06,_AQnAKA1w7o/UgyEoPlKtbzxXkKCPv54AaABAg,브이티 선크림 남자들 사용하기에 끈적거리지도 않고 눈시림도 없고 너무 좋아요ㅎㅎ
5622,yt_comment,youtube,,트러블,불만,6,2026-06-23,2026-06,_AQnAKA1w7o/Ugy4FmCE2J5a7X-EwE54AaABAg,에뛰드 디렉터 무기자차 선크림이 리뉴얼 됐는데 리뉴얼 전 버전을 사용할때는 문제가 없었는데 리뉴얼 된 버전을 사용하면 피부가 뒤집어지더라구요...
5623,yt_comment,youtube,,톤업색상,만족,4,2026-06-23,2026-06,_AQnAKA1w7o/UgyOPmru0jDBe_M9Cwt4AaABAg,디파님🩷 보라톤업 썬크림 브랜드 중👉🏻 (토리든 유이크 아임미미 클라뷰 달바 이니스프리 풀리 더샘...등등) 조선미녀가 1등인 걸까요?😊 보라 선크림 중에 성분 엄청엄청 좋은 제품은 아직 시중에 잘 안 나오는 거 같아 아쉬워요😿 1월부터 다양한 제품 테스트 하시면서 너무 고생 많으셨을거 같아요
5624,yt_comment,youtube,,눈시림,만족,17,2026-06-23,2026-06,_AQnAKA1w7o/UgyoH4hL1xkkoaLQEQF4AaABAg,리뷰해주신것중에 최근에 브이티꺼 써봤는데 눈시림도 없고 바르고나면 선크림 특유의 답답함이 하나도 없어서 너무 잘 쓰고 있습니다 ~~
5625,yt_comment,youtube,,자극따가움,만족,0,2026-07-23,2026-07,_AQnAKA1w7o/Ugxtfz2Tr4QdDFbS-_Z4AaABAg,"난 초민감성,양볼 홍조있음,토리든 무기자차 마일드 썬크림이 맞아서 바른다.땡기지도 않고 유분도 거의없고 백탁은 첨에만 바르고 흡수되면 없어짐.뻑뻑하지 않다.눈시림 없다.트러블없다.쿨링은없다.흡수도 좋다.만족한다"
5627,yt_comment,youtube,,자극따가움,불만,7,2026-06-23,2026-06,_AQnAKA1w7o/UgzJ24FMV242dbcekxl4AaABAg,항상 선크림 사용하면 따끔거리고 두드러기 올라와서 아침에 바르면 점심때 다시 세안하곤 했는데요 😢 디렉터파이님이 개발한 선크림 사용후 평생템으로 정착했습니다.
5628,yt_comment,youtube,,눈시림,불만,0,2026-05-23,2026-05,26lX6BpxnyE/UgxyO6PfNOwHmavOcjN4AaABAg,눈 진짜 예민해서 오만 썬크림에..눈시림이..ㅜㅜ
5629,yt_comment,youtube,,끈적유분,만족,1,2026-05-23,2026-05,yMwlYqfXGeg/Ugw8_K62Tq-3p556P094AaABAg,언니 영상 보고 선크림 2개 구매해서 썼었는데 진짜 하나도 안 끈적이고 건성인데 촉촉해서 ㅈㅉ 조앗어요
5630,yt_comment,youtube,,밀림,만족,1,2026-05-23,2026-05,yMwlYqfXGeg/UgzFDXO_b1hoeg1qLY14AaABAg,밀려서 그냥 안 바르고 화장할까 생각할 정도로 선크림이 다
5631,yt_comment,youtube,,자극따가움,불만,1,2026-05-23,2026-05,yMwlYqfXGeg/UgzFDXO_b1hoeg1qLY14AaABAg,이러니까 다들 선세럼 이런거처럼 백탁 없고 묽은 스타일의 선크림을 발라봐라 해서 이 종류도 여러가지 사서 써봤는데 밀리는건 덜했지만 바르고 열감 오르거나 트러블이 더 나는 것 같은 그런 느낌이 들어서 진짜 완전 선크림 유목민이었는데 제 구원템 넘버즈인 1번 선크림입니다!!!!!!
5632,yt_comment,youtube,,밀림,만족,1,2026-05-23,2026-05,yMwlYqfXGeg/Ugxhqdj8XznDjuybtUB4AaABAg,1번 선크림 밀림같은 건 없나요??
5633,yt_comment,youtube,,눈시림,불만,1,2026-05-23,2026-05,yMwlYqfXGeg/UgxqBrPUQrRO8dmYwdx4AaABAg,넘버즈인 썬크림 눈시림은 좀 있던데 ㅠㅠ
5635,yt_comment,youtube,,백탁,만족,1,2026-05-23,2026-05,s3ygve3rM8w/UgwPxpA8fyi3gUF2byd4AaABAg,그거 만큼 백탁현상없고 화장 잘먹는 썬크림 잘 못봤어요
5636,yt_comment,youtube,,답답무거움,불만,0,2026-07-23,2026-07,ce44CfYtZfg/Ugw6hR3dp-aXkydbiOl4AaABAg,간호사라 마스크 쓰고 일해야 해서 답답하고 다들 쌩얼로 다니는데 불편해서 선크림 바르기 너무 싫더라구요
5637,yt_comment,youtube,,건조,불만,3,2026-04-23,2026-04,PFrAVynwZUs/Ugz0DAxhQp-8ezo-t0h4AaABAg.AUeWHppG548AUiGyaUdQCb,"기초 탄탄 정말 중요하구요~저의경우 티존 극지성 그외 속건조심한 중건성인데 3~5스킨하고 세럼단계에 스쿠알란 섞어바르면 오히려 유분도 덜올라오고 속건조도 잡히더라구요~화장전 마무리 수분크림은 수분감있는 제형으로 쓰고 유기자차 선크림 바릅니다~쿠션은 사바사라 차이가 있겠지만 톤업쿠션용도로 비내추럴, 밀크터치글로우, 쿼치쿠션 쓰구요~"
5639,yt_comment,youtube,,톤업색상,만족,1,2026-03-23,2026-03,GAd-KHKJih4/Ugxpq-R-OTE5sjD8xE94AaABAg,톤업썬크림도 추천해주세요~
5641,yt_comment,youtube,,백탁,만족,1,2026-07-23,2026-07,LgOnyMp_1jw/UgzA1DNPQITTw2v53h54AaABAg,"이니스프리 톤업 선크림 베이지색 샀는데 너무 피부가 건조해보이고, 커버력없이 허옇게 뜨네요…구달 선비비 살껄😢"
5642,yt_comment,youtube,,백탁,불만,0,2026-07-23,2026-07,esluPWg28mU/UgwoYbBq2o9VQwGfift4AaABAg,"그래서 톤업 선크림을 자주 찾게 되는데, 너무 하얗게 뜨거나 건조해서 아쉬운 제품도 많더라고요… 😢💦 그런 점에서 에이쁘 UV 톤업 선 밀크 01 흰 우유는 이름부터 너무 기대돼요!"
5643,yt_comment,youtube,,끈적유분,만족,0,2026-07-23,2026-07,esluPWg28mU/UgwoYbBq2o9VQwGfift4AaABAg,"저는 피부가 예민한 편이라 선크림을 고를 때 사용감과 자극 여부를 가장 중요하게 생각하는데, 에이쁘 UV 톤업 선 밀크는 촉촉하고 가볍게 발리면서 자연스러운 톤업 효과까지 줄 것 같아 더욱 기대됩니다 :) 메이크업 전 베이스처럼 사용해도 좋을 것 같고, 집 앞 외출이나 출근할 때도 부담 없이 사용할 수 있을 것 같아요 🌿💕 특히 여름에는 자외선 차단도 중요하지만 끈적임 없는 사용감이 정말 중요한데, 이름처럼 산뜻한 밀크 제형으로 피부를 편안하게 감싸주면서 화사한 피부 표현까지 도와줄 것 같아 기대감이 커요!"
5644,yt_comment,youtube,,답답무거움,불만,0,2026-07-23,2026-07,esluPWg28mU/UgxpEX4qaAkcVDBbOZF4AaABAg,챙긴 톤업선크림이라니 여름 파데프리용으로 정말 딱일 것 같아요오..🤍 목까지 톤 맞추려고 선크림 듬뿍 바르는 편인데ㅜ🥺항상 옷깃에 묻거나 답답해서 고민이었거든요 ㅠㅠ
5645,yt_comment,youtube,,답답무거움,만족,0,2026-06-23,2026-06,esluPWg28mU/UgwIeoJbdIORAQU-7Up4AaABAg,여름이라 선크림 더 신경써서 바르는편인데 에이쁘 톤업 선밀크는 답답함 없이 촉촉하게 발리는 것 같아 기대돼요!
5646,yt_comment,youtube,,끈적유분,불만,0,2026-07-23,2026-07,esluPWg28mU/UgxWdEHh9lZazHlIQfp4AaABAg,요즘 아침에 메컵하기두 너무 귀찮고 가볍게 파데프리용 선크림 자주 바르는데 촉촉한거 바르자니 금방 유분 올라오고 금방 어두워져서 고민이였는데 촉촉하게 발리고 보송해지는데 뽀용한 마무리와 건조하지 않은게 속건조 있는 제 피부에 넘 딱이예요 ㅎㅎ
5647,yt_comment,youtube,,끈적유분,만족,0,2026-06-23,2026-06,esluPWg28mU/UgzNZlt5H6jcv4oKAUV4AaABAg,끈적임이 없고 피부자극도 덜한 선크림을 찾고 있었는데 좋은제품 소개해 주셔서 감사해요~
5648,yt_comment,youtube,,끈적유분,만족,0,2026-06-23,2026-06,esluPWg28mU/UgwOCWNPGCziLclDBaB4AaABAg,끈적임 없이 산뜻하게 밀착되어 여름철 데일리 선케어 아이템으로 딱일 것 같아 꼭 사용해보고 싶어요!
5649,yt_comment,youtube,,백탁,만족,1,2026-06-23,2026-06,esluPWg28mU/UgyOX9lHf2NYygcHShd4AaABAg,평소에도 자외선 차단은 물론 톤업까지 한번에 되는 선크림을 선호하는데 에이쁘 UV 톤업 선밀크는 이름부터 너무 기대돼요!😍 백탁없이 자연스럽게 피부 톤을 밝혀주면서 끈적임 없이 산뜻하게 마무리된다고 해서 더욱 궁금합니다💖 요즘처럼 햇빛 강한 계절에 매일 사용해보고 싶어요.
5650,yt_comment,youtube,,백탁,불만,0,2026-06-23,2026-06,esluPWg28mU/UgzK4WVCWqxe6oka1h94AaABAg,"평소에도 선크림은 자외선 차단뿐만 아니라 자연스러운 톤업까지 되는 제품을 선호하는 편인데, 에이쁘 UV 톤업 선밀크는 이름만 들어도 너무 기대되네요🤍 톤업 제품은 자칫하면 백탁이 심하거나 답답한 경우가 많은데, 자연스럽게 피부를 화사하게 밝혀주면서도 산뜻하게 마무리된다고 하니 더욱 궁금해졌어요✨ 요즘처럼 햇빛이 강한 계절에는 선크림을 수시로 덧발라야 하는데 끈적임 없이 가볍게 사용할 수 있다면 매일 손이 갈 것 같아요!"
5651,yt_comment,youtube,,백탁,불만,1,2026-05-23,2026-05,TMyNgxxtUV4/Ugzg7WTWqPg1leMBTbx4AaABAg,요즘 피부가 확 뒤집어졌는데 선크림은 붉은기가 안가려져서 아쉽고 비비크림은 다크닝이나 칙칙한 회색빛 때문에 손이 잘 안 갔는데 에스쁘아에서 만들어서 컬러도 딱 붉은기 가려지는 예쁜 컬러에 에스트라가 같이 만들었다고 하니까 민감 피부도 편하게 사용할 수 있을 것 같아요💙 더마 리커버리 컴플렉스까지 담겼다니 피부 컨디션 안 좋을 때도 부담 없이 바르기 좋을 것 같고 촉촉하게 윤광 표현된다는 점이 특히 마음에 들어요
5653,yt_comment,youtube,,지속력워터,만족,0,2026-05-23,2026-05,ztCSu36-HzA/UgyfLvSaV0KffkQ1HKJ4AaABAg,근데 또 너무 매트 쿠션만 쓰니까 주름 사이사이에 껴서 요즘 쿠션 안 쓰고 선크림만 발랐었는데 에이프릴스킨 쿠션 리뉴얼 된 후 지속력이 너무 좋아보여서 써보고 싶어용 ❤️
5654,yt_comment,youtube,,끈적유분,불만,79,2026-08-09,2026-08,NYVpizaKpCc/UgxBLl90ukSW1_6vZfV4AaABAg,선쿠션 바르면 피부 유분 때문에 다
5655,yt_comment,youtube,,눈시림,불만,1,2026-04-23,2026-04,M1Xn9HwmjXU/Ugw55h_XeBasaSu03JR4AaABAg,눈시림이나 사용감에 예민한 편인데 쏭비님 개발하신 더샘선크림 너무 잘 썼어서 쏭비픽선크림은 완전 믿고 구매해요❤ 이제 곧 여름이니까 프레시 함 사봐야겠어요 ㅎㅎ
5657,yt_comment,youtube,,밀림,불만,0,2026-04-23,2026-04,CyAQz5JazLo/Ugx3LRT3_Og46Uaokd94AaABAg,프라이머 바르면 썬크림이 밀려요ㅠㅠ
5658,yt_comment,youtube,,건조,불만,0,2025-08-23,2025-08,zdEhvztlcoE/Ugy940dzI5V9B-v_eWB4AaABAg,여름에도 선크림만 발라도 피부 안은 간지러운데 겉은 기름 폭탄 + 속건조로 좁쌀 달고 사는데 취업하고나니 스트레스랑 겹쳐서 피부가 요즘 완전 난리났습니다 ㅠㅠ
5659,yt_comment,youtube,,밀림,불만,33,2026-08-09,2026-08,AX1O2k35xSo/UgyFTMOix-oK2ApuKd14AaABAg,그리고 바르고 썬크림 바르면 밀려요.
5661,yt_comment,youtube,,백탁,만족,0,2026-06-23,2026-06,wOwr0_QuhU0/Ugxp35LPBtd9L9m0l_p4AaABAg,반신반의하면서 갈아탔던 로에르네 선크림이 백탁 없이 속탄력 채워주면서 결 매끄럽게 밀착되는 데 은근 요물이라 안착 중이었는데 올영 세일 때 원장님 팁 참고해서 제 피부에 맞게 루틴 정돈하려구요..!
5663,yt_comment,youtube,,트러블,만족,2,2025-08-23,2025-08,THNIWY5WVIc/UgwtvYO9p0khLwo68BB4AaABAg,"근데 제가 피부가 약하기도 하고 잘 뒤집어져서 선크림을 안바르고 대신 온 얼굴 가릴 수 있는 철통방어 모자와 (앞으론 한겹 더 쓰려고요) 양산을 쓰는데, 선크림 만큼의 효과 볼 수 있을까요?"
5664,yt_comment,youtube,,끈적유분,불만,1,2025-08-23,2025-08,THNIWY5WVIc/Ugy8zVwlxywXFVe3pTZ4AaABAg.ALBmZecEABaALBwl3AYCkO,유분기가 적당히 있는 자외선 차단제용!
5665,yt_comment,youtube,,건조,불만,0,2026-04-21,2026-04,2jH7iU2YIzQ/UgzlwW47x-UVCnAxB-J4AaABAg,얼굴 쩍쩍갈라져서 겨울엔 화장하기도 힘들고 너무 건조하면 피부염오고 그래서 저는 회사에서 점심먹고나서 닦아내고 세럼크림선크림 다
5667,yt_comment,youtube,,톤업색상,만족,2,2026-03-23,2026-03,LTx57I6mhy8/UgxCFA6JGYWX6Vdt-mR4AaABAg,근데 또 피부는 예민해서 톤업선크림으로 안가려져서 고민이였는데..
5668,yt_comment,youtube,,건조,불만,0,2026-08-09,2026-08,izYJlfGlGNA/UgwOFeCKGMGtAEqadfR4AaABAg,"너무 탐나네요… 😂 맨날 선크림 바르면 건조감 심해서 화장 더 뜨고 뭉치는데 1,2번 제품은 언니 추천이라 더더욱 써보고싶어져요!"
5669,yt_comment,youtube,,끈적유분,불만,0,2026-08-09,2026-08,izYJlfGlGNA/UgwOFeCKGMGtAEqadfR4AaABAg,그리고 선스틱은 하나쯤 꼭 있어야하는데 스틱 자체가 뻑뻑해서 잘 안발리거나 끈적거리는 경우가 많은데 이건 안 그래보여서 사고싶어져요 ❤👍🏻
5672,yt_comment,youtube,,밀림,불만,0,2026-06-23,2026-06,HotQ1J0hDUE/UgyY8vNjKLbFJSxgGPV4AaABAg,썬크림까지 바르고 쿠션올리니 눈두덩이 부분만 자꾸 밀리고 뭉쳐서요.
5673,yt_comment,youtube,,기타불만,불만,2,2026-05-23,2026-05,3D-UeQesIts/UgxD_pDjbrpQrzAQXT54AaABAg,요즘 림온님 덕분에 썬크림 종류별로 많이 알아가고 있어요.
5675,yt_comment,youtube,,건조,만족,0,2026-05-23,2026-05,3D-UeQesIts/UgwWY-qNeycTb4GEFnR4AaABAg,이름이 피지쏙 선크림이라 너무 매트할까 걱정했는데 건조하지 않았다하시니 넘 궁금하네요!!
5676,yt_comment,youtube,,눈시림,불만,1,2026-04-23,2026-04,g_iwfVyCl4Y/UgyDhVeXNrYgRNXmjAd4AaABAg.AUXeWIV91_DAUg9jplEYk2,"선크림 눈시림 쇼츠영상도 참고해보셔도 좋을 것 같아요,,💜"
5677,yt_comment,youtube,,백탁,만족,0,2026-06-23,2026-06,XO1NIdXsW0I/UgzOUA_bRHmDCtwvrZp4AaABAg,반신반의하면서 갈아탔던 로에르네 선크림이 백탁이나 번들거림 없이 속탄력 채워주고 파데 찰떡같이 먹여주는 은근 요물이라 안착 중이었거든요
5678,yt_comment,youtube,,눈시림,불만,2,2026-03-23,2026-03,XO1NIdXsW0I/Ugxk3C7kJ3V51t89RCF4AaABAg,헤라선크림 눈시림있어요~
5679,yt_comment,youtube,,트러블,불만,3,2026-03-23,2026-03,XO1NIdXsW0I/UgywQGv16k468hLaqxB4AaABAg,건성피부인데 선크림 뭘써도 트러블나더니 라로슈포제 쓰니까 괜찮아서 정착했어요.
5680,yt_comment,youtube,,건조,불만,3,2026-03-23,2026-03,XO1NIdXsW0I/UgywQGv16k468hLaqxB4AaABAg,건조한 부위에 오프온시카크림 소량 발라주고 라로 선크림 쓰면 촉촉하고 화장도 잘먹음
5681,yt_comment,youtube,,밀림,불만,0,2026-05-23,2026-05,XO1NIdXsW0I/Ugx4CNSeB0EAhkFpi9F4AaABAg,저두 한 민감하는데 에스쁘아 수분썬크림 4통째 쓰는데 백탁없고 화장도 잘 안밀리더라구요
5682,yt_comment,youtube,,지속력워터,만족,21,2026-03-23,2026-03,XO1NIdXsW0I/Ugx-GK-CcW9TJQRpPLt4AaABAg,"더운나라로, 물놀이 갈때 사용하기좋은,,,, 얼굴용 선크림+ 바디용 선크림도 추천해주세요~"
5683,yt_comment,youtube,,눈시림,불만,1,2026-04-23,2026-04,XO1NIdXsW0I/UgzNqvJ_joD8hNRMDkB4AaABAg.AUXetxFzeq6AUg6Culp_C7,얼마전에 제가 쇼츠로 올린 눈시림있는 선크림 사용하는 방법도 한번 참고해보셔도 좋을 것 같아요 💜😊
5684,yt_comment,youtube,,밀림,불만,0,2026-04-23,2026-04,XO1NIdXsW0I/Ugwb1OZpEVf0EBv3lYV4AaABAg,근데 순서가 썬크림 다음 쿠션인데 화장 밀리는게 왜 중요한건가여 ??
5685,yt_comment,youtube,,끈적유분,불만,0,2026-04-23,2026-04,XO1NIdXsW0I/UgzBDwI82Yx9zbP8qkt4AaABAg,오우즈너리 괜찮긴 한데 조선미녀 선크림은 잇는데 얼굴이 건조한편에 속건조가잇거든용 크림 바루고 나니 요즘 시간이 지나니 번들거려 생력 햇더니 또 건조하고 ㅜㅜ
5686,yt_comment,youtube,,건조,불만,1,2026-04-23,2026-04,XO1NIdXsW0I/UgyJsYzfxeOvrzr4tLx4AaABAg.AUapwGM4lzlAUg8sZVItVf,라로슈포제로 건조함 느끼셨다면 선크림 바를 때는 세럼을 좀 더 리치한 걸 바르는 것도 도움 되실 수 있거든요~~!!
5687,yt_comment,youtube,,발림텍스처,만족,0,2026-03-23,2026-03,XO1NIdXsW0I/UgzZ5VpTf6dx8wdGNmp4AaABAg,나중에 기회되시면 파데 제형감에 따라서 궁합 잘 맞는 썬크림도 추천해주세요❤
5688,yt_comment,youtube,,용량가격,만족,1,2026-03-23,2026-03,XO1NIdXsW0I/UgyI5S6OrYA9gacCnzF4AaABAg,오오 선크림 추천 넘 조앙 림온늼!‘ 긍뒈 담엔용 가격도 써주심 넘 감자할꼬같아요
5690,yt_comment,youtube,,트러블,만족,0,2026-08-02,2026-08,ZkPTQcRM6Xk/UgySp9zrT0eLmrAJirl4AaABAg,진짜 눈이 예민한데~라섹도 했었고요..무기자차아니면 선크림 안쓰거든요~셀라보를 눈딱감고 주문해서 잘쓰고있어요^^적당한 광에 피부에 트러블없고 잘쓰고있어요~
5691,yt_comment,youtube,,기타불만,불만,0,2026-02-23,2026-02,-OWDyTC-r7A/UgzHcGuEJyNXvwGRoRB4AaABAg,예전 영상에서 림온님이 크림도 부위별로 바르는 꿀팁 주셔서 자주 실천중인데 썬크림도 그런 방법이 있었네요ㅎㅎ
5692,yt_comment,youtube,,트러블,불만,1,2026-05-23,2026-05,-OWDyTC-r7A/UgxP70jfMfs92qLahxR4AaABAg.AT5C-QkLzwGAWwafdk2-dd,"만약 계속 트러블나면 썬캡이랑 양산, 자외선차단마스크 쓰는수밖에 없어요"
5693,yt_comment,youtube,,백탁,만족,0,2026-02-23,2026-02,-OWDyTC-r7A/UgxSsOzgbs-hTU53z014AaABAg,오우즈너리 썬크림은 눈시림 없던데...백탁도 없고...
5694,yt_comment,youtube,,끈적유분,만족,0,2026-08-20,2026-08,lLKUGJJ7g-g/UgzihAwWZdkoLOqh4J54AaABAg,진짜 끈적이지 않는 선크림 찾기 너무 힘든데 겨우 정착했단 말이에요ㅠㅠㅠ
5695,yt_comment,youtube,,톤업색상,불만,0,2026-08-09,2026-08,lLKUGJJ7g-g/UgyPLKZBCADB5EJMSCJ4AaABAg,톤업선크림이랑 선크림 반반 구성이 없어서 아쉬워요😂😂 톤업도 너무 써보고싶어요 😂😂 지금 어떤걸 구매할지 고민중이지만 ㅎㅎ
5696,yt_comment,youtube,,끈적유분,불만,1,2026-08-12,2026-08,lLKUGJJ7g-g/UgzvB42fgRhVYbf4oM94AaABAg,안그래도 지성이라 더 유분기때문에 근데 홈쇼핑 보고 구매해봤는데 인생 선크림 됬어요 1통 다쓴거 35년 인생중 처음이에여 벌써 2통째 오픈했어요
5697,yt_comment,youtube,,눈시림,불만,0,2026-08-09,2026-08,lLKUGJJ7g-g/UgwDePlK-XhjF7TSc4V4AaABAg,가장 중요한 자외선 차단필터에 대한 설명이 없어서 말해드리자면 눈시림을 많이 유발했던 구형 필터들 하나도 사용 안했고요
5698,yt_comment,youtube,,트러블,만족,0,2026-02-23,2026-02,7otaZbkFemw/UgyUtzebX5Pr4wq__Vp4AaABAg,"수부지복합성민감피부입니다.트러블도 올라고오고 예민한피부입니다.😢😢쿠션매트 어떤걸로 써야될지 모르겠습니다.추천해주세요.톤업세럼은 어떤걸로 써야되나요.알레르기도 있습니다.꼭 답변부탁드립니다.😢독도토너,세럼은토리든,녹두클렌징.메이크램 무기자차 선크림.이렇게 쓰고 있습니다."
5699,yt_comment,youtube,,지속력워터,만족,0,2026-02-23,2026-02,7otaZbkFemw/UgxHXM5wUU_6cMBvGMx4AaABAg,다음 선크림 다뤄주실 때 1차세안만 해도 되는 이지워시 선크림 추천해주세요 ㅠㅠ!!
5700,yt_comment,youtube,,지속력워터,만족,0,2026-02-23,2026-02,7otaZbkFemw/UgxHXM5wUU_6cMBvGMx4AaABAg,장벽이 약한 민감성 피부인데 쿠션이든 선크림이든 2차세안을 해야 잘 지워져서 1차세안만 해도 되지만 출근할 때 톤업할 수 있는 그런 톤업선크림 알려주시면 좋겠어요ㅠㅠㅠㅠ!!!!
5701,yt_comment,youtube,,톤업색상,만족,0,2026-02-23,2026-02,7otaZbkFemw/UgxHXM5wUU_6cMBvGMx4AaABAg.ASpfRHubEunASr39MXrmQ9,다만 톤업선크림은 1차세안만으로는 거의 불가해서 ㅎㅎ
5702,yt_comment,youtube,,끈적유분,불만,0,2026-04-23,2026-04,7otaZbkFemw/UgwNZb0DVEKntj0DwdN4AaABAg,바이오더마 재생크림이 좀 꾸덕해서 선크림 바르면 더 기름지기도 해서요😅
5703,yt_comment,youtube,,끈적유분,불만,2,2026-07-23,2026-07,5Dw5G5T5bHs/Ugwra43sI8RTMyc4dfV4AaABAg.AZM_-C_c4InAZMcKDbSMlx,"왜냐하면 시간 지날수록 선크림 발라놓은게 땀이나 유분, 외부 환경에 의해서 날라가고 좀 지워질거 아니에요?"
5704,yt_comment,youtube,,지속력워터,만족,2,2026-07-23,2026-07,5Dw5G5T5bHs/Ugwra43sI8RTMyc4dfV4AaABAg.AZM_-C_c4InAZMcKDbSMlx,그러면 더 잘 지워지지 않을까 하는 개인적인 의견입니다:) 근데 요즘 거의 이지워시로 선크림도 만들고 클렌저들도 그런 부분 세정력을 신경써서 내놓는거 같습니다.
5707,yt_comment,youtube,,용량가격,만족,0,2026-03-23,2026-03,KI-xj06JWUs/UgwUgmh6thBHzNw5Xfp4AaABAg.AU-btXMPPdJAUNcxIiMdN_,첨엔 좀 밝아진 피부에 쿠션 컬러가 그냥 얹어지나 싶더니 조금 있으니까 미리 바른 톤업 선크림 색이랑 자연스럽게 섞이면서 피부컬러에 잘 맞아졌어요🥹 가격이 좀 나가서 컬러 땜 속상 할 뻔했는데… 해결해 주셔서 너모너모 다행이에요.
5709,yt_comment,youtube,,건조,불만,0,2026-08-11,2026-08,U98s2QTBvR8/UgyGZoeHFBu4OFR4sDt4AaABAg.A_Ke07itDh_A_KjuiC3O9q,복합성은(=저) 건조하게 뜬 부분만 선크림+퍼프로 밀어주면 되어요!
5710,yt_comment,youtube,,밀림,불만,0,2026-08-10,2026-08,veEcA85lRTU/UgxZIAfAfY9gnb4wWIp4AaABAg,근데 저는 메디힐 선크림 바르고 베이스 바르면 항상 밀리거나 뜨던데ㅠㅠㅠ
5711,yt_comment,youtube,,답답무거움,불만,1,2025-09-23,2025-09,w7xc-ib3HK0/UgyfDJieVUPBZIUCUSp4AaABAg,어떤 의사분들이 올린 영상에서는 선크림 매일바르면 피부가 오히려 상한다고 하시던데 어떤게 맞는건지 답답하네요 ㅠ
5714,yt_comment,youtube,,기타불만,불만,3,2026-06-23,2026-06,ZB_AS2x1fgQ/UgyrTBzqTo7xkSMDJuB4AaABAg,검은색옷 입고 팔에 많이 발라서 사용해도 묻어남이 없어서 진짜 신기한 썬크림 이였어요👍 5개 구매했는데 10개 구매할껄 후회중이예요.ㅠ
5717,yt_comment,youtube,,트러블,만족,0,2026-07-23,2026-07,gRJ9gXO8MUI/Ugy9z8eVc5cisGUKwJ94AaABAg,저도 구매해 보렵니다ㅋㅋㅋ화장품 잘못 바르면 뒤집어지는 민감성 분들은 차라리 선크림에 먹는 잇레티놀 조합으로 정착하는 걸 추천해요.
5719,yt_comment,youtube,,백탁,불만,0,2026-07-23,2026-07,NYVpizaKpCc/Ugy7_itZXzqqNcYMWOV4AaABAg,저 그린 선쿠션 남친 사다주려고 했는데 백탁 엄청 심하네요 ㅋㅋㅋ
5720,yt_comment,youtube,,트러블,불만,0,2026-08-09,2026-08,-Se20wnhNTw/UgzSOBRU24vv0yoeUBh4AaABAg,지성트러블 피부인데 쿠션으로 21호 쓰는데 이 선크림은 똑같이 써도 되나요?
5721,yt_comment,youtube,,자극따가움,만족,0,2026-01-21,2026-01,aUmqBtw6fk4/UgyrWQvixYQq4tpS7b54AaABAg,"[ 8:49 ] 또한, 아무리 좋은 화장품을 발라도 선크림을 바르지 않으면 소용없다는 따끔한 조언은 안티에이징의 기본기를 다시 한번 다지게 합니다."
5722,yt_comment,youtube,,끈적유분,불만,0,2026-06-23,2026-06,92Hi6I9cuWI/Ugw6RyE67vYSquxnxAF4AaABAg,제가 마*드 새로 나온 보라색 개기름 잡아준다고해서 첫 번째 단계 때 바르구 스킨케어를 하고 메**프렘의 유분 잡아준다는 선크림 무기자차 바르는데 뭐가 잘못된 걸까요??ㅠㅠ
5727,yt_comment,youtube,,용량가격,만족,0,2026-05-23,2026-05,uYHd_gHjwV8/UgwMtYVIm4UOv2d4eol4AaABAg,믹순 히알레배와 ㅁㄷㅋ선크림까지 바르면 진짜 피부 짱 좋아보일 거 같아서 벌써부터 설레용 언니 항상 이렇게 좋은 기획과 이벤트 만들어줘서 감사하구 브랜드 담당자님들도 좋은 가격으로 구매할 수 있게 해주셔서 감사합니다😊 영상 다
5728,yt_comment,youtube,,끈적유분,불만,0,2026-05-23,2026-05,5dliUyN142k/Ugw6gRjUMdPzUQq7-Fd4AaABAg,혹시 땀과 유분에도 강한 선크림과 넘버즈인3번 제품 바르면 좋은 제품 없을까요😢??
5729,yt_comment,youtube,,끈적유분,불만,0,2025-08-23,2025-08,2HlKmsXGtXo/UgyVu1Y4ZSjMpEcha8F4AaABAg.AGlZCJgInlwAH5JtvRAhf5,전 운동갈때 썬크림바르고 살짝 유분 눌러주는거로 쓰고있어요
5731,yt_comment,youtube,,백탁,만족,0,2026-04-23,2026-04,JSGUzV1hxkU/UgzTtQd83AkMy-EW24l4AaABAg.AVmEFTEKoJ2AVmGMTEb46S,"백탁 없는 선크림(=투명 선크림=유기자차)은 약산성, 약알칼리성 상관 없이 영상에서 이야기한 2가지 기준이 충족되면 괜찮아용~!!!"
5732,yt_comment,youtube,,건조,불만,0,2026-08-21,2026-08,VGaBlT-2ibw/UgyK9tdpgz-p1lFT-354AaABAg,진짜 저 선크림 제 인생템임… 건조해서 뭘 발라도 😇죽을게.
5738,yt_comment,youtube,,끈적유분,불만,1,2025-08-23,2025-08,YMELc77fSos/UgywC_JTZVmDIa6efxt4AaABAg,혹시 오일리한 선크림 바르고 기름종이 쓰면 선차단 기능이 그대로인가요?아니면 유분이 사라지면서 반사기능도 사라지는건가요?
5739,yt_comment,youtube,,용량가격,만족,2,2026-08-22,2026-08,jQaYGMwHs9w/Ugz0uz7sQPfts4lsD5R4AaABAg,"샹테카이 ㅡ 안쓰는 이유는, 저 가격에 자외선 차단 안되는데 피부표현이 좋다한들 바를 이유가 없음."
5740,yt_comment,youtube,,용량가격,만족,1,2026-08-22,2026-08,jQaYGMwHs9w/UgxLsNSZNTHKavrNusp4AaABAg,쓰다보면 대체품이 없어서 가격생각 안하고 재구매하게됨😂 색도 넘 예쁘구 결보정+톤보정 대박이라 여름엔 선크림+끌뽀로 피부표현 끝내요😍
5742,yt_comment,youtube,,눈시림,만족,0,2026-08-22,2026-08,jQaYGMwHs9w/UgyFDGeEl185n6v72qB4AaABAg,발몽도 산뜻하고 썬크림 같지않고 눈시림고 전혀 없어서 잘 사용중이긴 해요 ^^;; 근데 시슬리 저 썬크림 다시 쓰고 싶다는 생각은 합니다
5743,yt_comment,youtube,,건조,불만,0,2025-08-23,2025-08,iNbje7EOx4M/Ugx7uOI4X2fkQbbe8054AaABAg,여름에도 건조한 건성이에요 😢 메이크업 할때도 선크림+ 쿠션 얇게해요
5744,yt_comment,youtube,,자극따가움,불만,2,2026-08-02,2026-08,gbsAe5StPTs/UgxT85MRng7_K7GrAFZ4AaABAg,다이소 썬크림도 안따가운거 많음
5745,yt_comment,youtube,,자극따가움,불만,0,2026-08-02,2026-08,gbsAe5StPTs/UgyYWwXj6zlPW2IFsqd4AaABAg,저는 민감성피부가 아닌데도 자작나무 선크림 바르면 얼굴이 간지럽더라고요😅 식물나라 선젤은 가격이 착해서 여름 내 갖고다니면서 팔다리에 발랐는데..
5746,yt_comment,youtube,,기타불만,만족,0,2026-08-02,2026-08,gbsAe5StPTs/Ugz2unPHpVpm6dRId9t4AaABAg,민감성이라 맞는 선크림도 별로 없는데.
5747,yt_comment,youtube,,자극따가움,불만,0,2026-08-02,2026-08,gbsAe5StPTs/Ugzt8r_q_9Z8-5HzfS94AaABAg,자작나무 선크림 바르고 따가운 사람은 자작나무 알레르기 있는걸 수도 있어요
5749,yt_comment,youtube,,건조,불만,8,2026-07-23,2026-07,JF9Ba3E_13A/UgxLegKvt5dTFYMZBHR4AaABAg,"아침에 물세안만 하면 여드름 나고, 그렇다고 폼클 쓰자니 건조해지시는 분들 써보시길 추천 드려요👍 선크림은 진짜 광나구요"
5754,yt_comment,youtube,,백탁,불만,1,2026-07-23,2026-07,JF9Ba3E_13A/Ugz8mu3O_7SxVkki9et4AaABAg,선크림은 어느정도 백탁 있을줄 알았는데 피부에 바르는 순간 백탁 없어지고 광만 남아요.
5756,yt_comment,youtube,,끈적유분,만족,2,2026-07-23,2026-07,oO9X2ipUmpg/UgzswWg0zLH5h39hSv54AaABAg,랑벨EGF앰플+폴라초이스 나이아신아마이드 10%+닥터하우쉬카 세럼+스쿠프로텍트 데이크림(자외선차단제) 여름에 가볍고 끈적이지 않는 최고 조합이에요👍
5757,yt_comment,youtube,,백탁,만족,1,2026-07-23,2026-07,oO9X2ipUmpg/UgzO7mfgLZ7j2wFsJhB4AaABAg,"미스테틱 빙하수 선세럼은 촉감이랑 마무리감이 진짜 콜라겐팩하고 3일 후?처럼 피부 촉감이 보들보들하고 암것도 안 바른 듯 편하고 표면은 보송한 광인데,아직 마르기 전에 물먹 하이드라 스펀지에 스파광 글로우파데 바르면 이것도 하루종일 피부속은 편안하고 피부는 반짝반짝해요~💘 🌈🍀💦🏞✨️🍇✨️💎 라비오뜨 콜라겐 톤업선크림은 핑크로 화사하게 톤 보정+하루종일 건조하거나 뜨지않고 반짝반짝 진주광 도는데 에크멀 PDRN쿠션(촉감이 고급스럽다고 느낀 유일한 쿠션.딱 대봐도 뭔가 보드라운...💘💘)얇게 두드리며 얹어주면 베이스의 톤 보정으로 시간지나며 기름찍어내도 다크닝 없고 금세 반짝거리는 가벼운 수정화장 가능!!"
5758,yt_comment,youtube,,끈적유분,불만,0,2026-07-23,2026-07,kS50X3Tv8lo/Ugy-nY2nDvDGHABUhgN4AaABAg.AYiLcaTtfDiAYibVwfhdE0,발몽선크림 테스트해보니 살짝 건조해서(소샬님댓도 달아주셨죠 ㅎ)그런데 발랐을때 그 이쁜피부톤이 정말 오래가고 나이많아도 t존 번들거림심한데 그런것다
5759,yt_comment,youtube,,건조,불만,1,2026-07-23,2026-07,kS50X3Tv8lo/UgzM60y8_2VHW7_ZxVd4AaABAg,발몽선크림 테스트해보고 살짝건조한것같아(소샬님 루미시티추천댓주셨지요^^) 그런데 이상하게 하루종일 피부가 이뻐보이고 첨느낌이 오래가더라구요
5760,yt_comment,youtube,,답답무거움,불만,1,2026-07-23,2026-07,kS50X3Tv8lo/UgzM60y8_2VHW7_ZxVd4AaABAg.AYic92kQ5agAYicj6gtqin,"선크림 쓰셨을 때 속건조를 먼저 잡으시려면, 또 여름에도 무거운건 싫지만 속이 비는 느낌이 드신디면 발몽 하이드라라인 추천입니다."
5763,yt_comment,youtube,,건조,불만,0,2026-07-23,2026-07,fWpqPAddSXo/UgzbWiiFYOcT-KTwIRR4AaABAg,속건조가 심하다는 톤업 선크리은 무기자차를 기반으로 한 톤업 선크림이라서 그러지 않을까요?..
5764,yt_comment,youtube,,눈시림,불만,1,2025-12-23,2025-12,0rMiZ9Sx-NU/UgysEy2DfwME-8dUFtF4AaABAg,솔직히 선세럼 눈시리거나 피부 뒤집어질까봐 다른거 눈 안돌리고 쓰던 선크림만 썼거든요?
5765,yt_comment,youtube,,지속력워터,만족,0,2025-10-21,2025-10,-SAk-zgRajE/UgxMEZ9X57pj99DG9NB4AaABAg,더마블록 선크림 워터프루프 리뷰 원했는데 없어서 아쉬워요
5766,yt_comment,youtube,,톤업색상,만족,1,2025-10-21,2025-10,-SAk-zgRajE/UgxZueuYVm6QBo2KWdR4AaABAg,"다이소 톤업제품들(선크림,톤업샤워크림 등) 좋다고 비교영상 많이봤는데 디파님이 총정리해주세요!!!"
5767,yt_comment,youtube,,눈시림,불만,0,2025-10-21,2025-10,-SAk-zgRajE/Ugwgkq-kEwOcuY2afl94AaABAg,참고로 썬크림 눈시림은 디파님이 제작하신 영상 보고 잘 골랐더니 전혀 눈시림이 없습니다.!
5768,yt_comment,youtube,,밀림,불만,0,2025-10-21,2025-10,5b-pyD6NzRY/Ugw55-TWQeNXbfGxc3l4AaABAg,바이오더마 젤크림은 얼굴에바르고 선크림바르면 때처럼 밀려나와요.
5769,yt_comment,youtube,,밀림,불만,0,2025-10-21,2025-10,5b-pyD6NzRY/Ugw55-TWQeNXbfGxc3l4AaABAg,약간 방어비닐을 쳐놨는데 선크림때문에 밀려서 때처럼 나오는 느낌이에요.
5770,yt_comment,youtube,,건조,불만,0,2025-08-21,2025-08,Z6TjUKOtgRs/UgzJVx24LWWETIS0Wch4AaABAg,앰플 크림 선크림 이래서 속건조가 있을까요
5772,yt_comment,youtube,,밀림,만족,0,2025-10-21,2025-10,Z6TjUKOtgRs/Ugxv2hiF7DcG4hJR9ul4AaABAg.AM4S2v8zTpOANix2j7DH5S,저도 그랬던적 있는데 스킨케어를 훨씬 수분감있게 올린 다음에 선크림 올리니까 밀림 현상 없어졌었어요~
5775,yt_comment,youtube,,지속력워터,만족,0,2026-07-21,2026-07,kvmo5Kdsn_4/UgyeWgeGe8N7ohaX0cx4AaABAg,항상 디파님 추천템 잘 쓰고 있지만 저는 유이크 선스틱 옷에 엄청 묻어나서 첨에는 빨래가 잘못된 줄 알았습니다😂 구매하실 때 참고하세요!
5776,yt_comment,youtube,,트러블,불만,0,2025-08-21,2025-08,kvmo5Kdsn_4/Ugz0ztRx2AAe5wOd4Yh4AaABAg,무기자차를 쓰면 트러블이 올라오는 저는 선스틱을 사러 가야겠어요… 흑흑 감사합니당
5777,yt_comment,youtube,,트러블,불만,0,2025-08-21,2025-08,kvmo5Kdsn_4/UgwzoBTQalsqqRW7SaV4AaABAg,"저는 지금 자작나무 선스틱을 만족하며 사용하고있어요, 자잘한 뾰루지가 올라오기는 하는데 선제품 사용하면 트러블이 조금씩 올라오는 피부라 ㅠㅠ"
5780,yt_comment,youtube,,백탁,만족,0,2025-08-21,2025-08,kvmo5Kdsn_4/Ugx2s2QoXtRELCrJefZ4AaABAg,디파님이 추천해주신 선쿠션중에서 백탁현상이 심하지 않은건 어떤걸까요??
5781,yt_comment,youtube,,눈시림,만족,0,2025-08-21,2025-08,kvmo5Kdsn_4/Ugxoej5PfQwzQRx4Tq54AaABAg,선스틱 눈시림 없다고 말씀힌신 1개 제품 제외한건 다
5783,yt_comment,youtube,,기타불만,불만,8,2025-08-21,2025-08,kvmo5Kdsn_4/Ugwg_whSww-e31scD9F4AaABAg,19:09 브링그린 티트리시카 톤업 선쿠션 전 별로였어요...
5785,yt_comment,youtube,,발림텍스처,불만,2,2025-08-21,2025-08,kvmo5Kdsn_4/Ugy6zehMANSEkncZZOZ4AaABAg,✅✅✅근데 메이크업 할 때 대부분 촉촉하게 잘 먹게 하려고 ✅ 유기자차 선크림 바르고 그 위에 무기자차/혼합자차 파운데이션이나 쿠션 사용하는데 흡수하고 반사시키는 유기자차 무기자차 서로 다른 성분 상호작용 때문에 안좋은거 아니에요???
5791,yt_comment,youtube,,기타불만,불만,1,2025-08-21,2025-08,e9bti2HKjwQ/UgxcgLf715s9vdif61t4AaABAg,순정 선크림은 정말 실망 실망ㅠ
5796,yt_comment,youtube,,눈시림,불만,1,2025-08-21,2025-08,1b-i4cIl4lE/UgwvEK01cavDPTHeS8h4AaABAg,눈시림에 취약해서 매해 선크림 추천보고 올해의 선크림을 구매해요
5797,yt_comment,youtube,,끈적유분,만족,3,2025-08-21,2025-08,1b-i4cIl4lE/UgxIuIiaHOZPchoj7DB4AaABAg,복합성 피부인데 화장전 수분크림 바르고 랑벨 톤업썬크림 바르니 T존 부위 유분올라오지 않고 속건조없이 전 좋더라구요..
5802,yt_comment,youtube,,발림텍스처,만족,1,2026-04-21,2026-04,1b-i4cIl4lE/UgztkEx6lBXYC3bOUFF4AaABAg,라운드어라운드같이 촉촉하게 발리면서 미백도 되는 순한 선크림 어디 없을까요ㅠㅠ?
5803,yt_comment,youtube,,밀림,불만,1,2025-08-21,2025-08,1b-i4cIl4lE/UgxsQSxC4_NM1Yvgwcd4AaABAg,콜라보하신 순정선크림 너무 잘 쓰고 있었능데 리뉴얼 후부터는 화장만 얹으면 때처럼 밀려요ㅠㅠㅠㅠㅠㅠㅠ
5805,yt_comment,youtube,,눈시림,불만,0,2025-08-21,2025-08,1b-i4cIl4lE/UgzesR9H8TZQwB1PkLR4AaABAg,"메이크프랩 수딩 핑크 톤업 선크림, 라운드어라운드 컴포트 그린티 선크림 써보신 분들 눈시림은 어떠셨는지 알려주세요ㅠ"
5807,yt_comment,youtube,,끈적유분,불만,0,2025-08-21,2025-08,1b-i4cIl4lE/UgxE3ECE0RYNYd1opWN4AaABAg,골라주신 선크림 쓰고 있고 오후에 선크림 덧바르는데 바르기전 유분 닦아내듀 덧바르면 뾰루지 올라오는데 어떻게 해야할까요?
5809,yt_comment,youtube,,눈시림,만족,0,2025-08-21,2025-08,B3Bi_Qb8OBA/UgyakQIiLsywQfSfX2x4AaABAg.AGDBSFSr7JQAGQGR1rFcGG,눈시림없는 선크림 궁금해요!
5810,yt_comment,youtube,,건조,불만,1,2025-08-21,2025-08,kNTumVcdK50/UgyelnE8sM-k_g4YHsd4AaABAg,"스킨케어까지는 참 촉촉한데요, 선크림 바르자마자 엄청 건조하고 당기는 느낌나서 못쓰겠어요...."
5811,yt_comment,youtube,,자극따가움,불만,0,2025-10-21,2025-10,kNTumVcdK50/UgzmtVcLiOBOesRo_VF4AaABAg,저 싸이닉 검정색 저 선크림 이거보고 샀는데 왜 제 얼굴에선 화끈?
5812,yt_comment,youtube,,트러블,불만,118,2025-08-21,2025-08,s_bCPvcjL54/UgwFOtgu9PjkBifM0W94AaABAg,피부 트러블 흔적이나 잡티 고민이신분들 자외선 차단이 색소침착 케어에서 가장 중요합니다.
5813,yt_comment,youtube,,트러블,불만,0,2025-08-21,2025-08,s_bCPvcjL54/Ugz36xoweMR3cViqj_94AaABAg,10대 남자 여자 아이 여드름 화장품이랑 썬크림까지 해주세요~
5815,yt_comment,youtube,,밀림,불만,6,2025-08-21,2025-08,b4bsnitTM5E/UgyNwvRfY8aztxbGAlh4AaABAg,리뉴얼되기전 순정디렉터 무기자차 선크림 잘 쓰고 있었는데 이번에 올려주신 영상에 선크림 리뉴얼 됐다고해서 품절될까바 매장으로 달려가서 구매해서 사용했는데 쿠션퍼프가 삭아서 얼굴에 붙은것처럼 (때처럼) 밀려서 … 제가 컨디션이 안조아서 얼굴에 문제가 있는줄 알고 다음날도 다음날도 써봤는데 계속그래요
5816,yt_comment,youtube,,답답무거움,불만,0,2025-08-21,2025-08,b4bsnitTM5E/UgwAn0aYmyy2O3m1mIh4AaABAg,트러블 진짜 잘나는 피부인데 보통 선크림이 흡수 잘된다해도 바르고나면 기름끼(?)가 겉도는 느낌이라 답답하고 트러블 바로 올라와서 선크림 사용 꺼려했는데 이 선크림은 그냥 로션같이 흡수되서 너무 좋아요!
5818,yt_comment,youtube,,답답무거움,만족,1,2025-08-21,2025-08,b4bsnitTM5E/Ugzrgm5aXQYVEisVbH94AaABAg,항상 좋은 콘텐츠와 화장품 만들어주셔서 감사합니다❤ 선크림은 답답하다며 절대 안바르던 아빠도 디파님의 수분 선크림은 매일 바르고 있어요🫶❤
5820,yt_comment,youtube,,끈적유분,불만,0,2025-08-21,2025-08,b4bsnitTM5E/Ugwwl09XsIEWnbtEAMB4AaABAg,끈적이는 느낌이랑 특유의 선크림의 퍽퍽함 싫어하는데 이거 쓴 이후로는 그냥 로션 바른다
5821,yt_comment,youtube,,트러블,만족,0,2025-08-21,2025-08,b4bsnitTM5E/UgwmQzZokLrXf5raXvB4AaABAg,참 그리고 파이님이 추천한 썬크림 구매해서 바르고 트러블없이 정말 잘쓰고 있어요
5824,yt_comment,youtube,,트러블,불만,7,2025-08-21,2025-08,rKrdaVHJ7UY/Ugz67gzZwoNSeGW1iWd4AaABAg,비비개발이요….?🎉 세상에 마스크 시국 지나고 피부 한 번 뒤집어지고난뒤 선크림도 무서워서 잘 못바르고 강제로 비비 바르며 지내는 중인데 너무 설레요 ❤❤
5826,yt_comment,youtube,,향,불만,0,2025-08-21,2025-08,GAfKgzIYEz0/Ugy03SEJRcwNWoppkTN4AaABAg,순정 수분 선크림 시간 지나면 살짝 노래지고 우유 상한 것 같은 냄새가 나는 이유는 뭘까요?
5827,yt_comment,youtube,,향,불만,0,2025-08-21,2025-08,GAfKgzIYEz0/Ugy03SEJRcwNWoppkTN4AaABAg,좋아하는 선크림인데 바를 때 냄새 때문에 걱정되서요😅
5829,yt_comment,youtube,,향,불만,0,2025-08-21,2025-08,GAfKgzIYEz0/Ugwp_VA5cpHE5pSDA0J4AaABAg,순정선크림 시간 지날수록 은행 냄새나서 너무 ㅠㅠㅠㅠㅠ저만그런가 쓰다가 버렼ㅅ어요
5830,yt_comment,youtube,,건조,불만,1,2025-08-21,2025-08,sp3uYdqSeE8/Ugz70UXqRgnvEqWkrNt4AaABAg,무기자차 너무 건조해서 사용못했는데..추천해주신 아떼 선크림 당김 1도없이 너무 좋네용❤❤
5831,yt_comment,youtube,,건조,불만,0,2026-06-21,2026-06,sp3uYdqSeE8/UgxCaK9GeIKwcbVLI7J4AaABAg,무기자차선크림 사용시 시간이 지나면 매우 가렵고 속당김이 있어요ㅠㅠㅠ이것은 무엇때문일까요?😭
5836,yt_comment,youtube,,끈적유분,불만,14,2025-08-21,2025-08,gTThOipll-A/UgwXMNc3zIrGk-UgIhh4AaABAg,에뛰드 선크림 유분이 너무 많아서 위에 화장하면 밀리고 빨리 무너짐.비추 😢
5839,yt_comment,youtube,,백탁,불만,0,2024-08-21,2024-08,bzj2KctYYsM/UgxYrNKg9amFJ9gABzt4AaABAg,무기자차 선스틱은 뭉치고 백탁이 있어서 유기자차 선스틱을 쓰고싶은데 이미 무기자차 성분이 겉에 있는데 위에 유기자차 선스틱을 써도 효과가 잘 있을지가 궁금합니다..!
5840,yt_comment,youtube,,트러블,불만,0,2024-08-21,2024-08,bzj2KctYYsM/UgxY025tjghiNI8lOsN4AaABAg,썬크림도 자꾸 트러블이 올라와서 속상해죽갰어여ㅠㅜ
5841,yt_comment,youtube,,지속력워터,만족,0,2024-08-21,2024-08,bzj2KctYYsM/Ugw-3_EBeLZaUg-pf554AaABAg,므기자차 썬크림 잘지워지는거 추천좀해주세요
5842,yt_comment,youtube,,건조,불만,2,2025-08-21,2025-08,bzj2KctYYsM/UgzNV6nZx9kIDI6_kkV4AaABAg,선크림이 얼마나 지워지는지 세정력이 어떤지 살리실산이 있는지 건조해지는지 확인해보고 싶었거든요
5844,yt_comment,youtube,,발림텍스처,만족,6,2024-08-21,2024-08,bzj2KctYYsM/Ugx2vdeMJ1nYtxuO1VJ4AaABAg,"요즘 선크림 류에 화장하기 전에 바르기 쉬운 선에센스 제형이 많이 출시되었는데, 선에센스들도 자외선 차단 효과가 괜찮은건지 궁금합니다."
5845,yt_comment,youtube,,밀림,불만,6,2024-08-21,2024-08,bzj2KctYYsM/Ugx2vdeMJ1nYtxuO1VJ4AaABAg,선크림 자외선 차단효과 이슈 후로 디렉터파이님 영상 보고 선스틱으로 갈아탔는데 아무래도 위에 화장하면 뭉치는 느낌있고 몸에 바르기엔 불편하더라고요.
5847,yt_comment,youtube,,백탁,불만,0,2024-08-21,2024-08,xOjTdJXNa8Y/Ugwtm8Wh6VxXRJ_QiCJ4AaABAg,선크림 바르면 허옇게 뜨고 백날천날 베이스 쿠션이 때처럼 너무 밀려서..
5848,yt_comment,youtube,,끈적유분,불만,34,2024-08-21,2024-08,xOjTdJXNa8Y/Ugzd0r9foXidIPVkXE54AaABAg,"항상 도움되는 영상 감사해요 🙇🏻‍♀️💓 여름이라 유분이 올라오는데, 선크림 바르고 나서, 파데 바르기 전에 기름종이를 한번 사용하면, 선크림 자른 효과가 없어지는 건지, 아님 괜찮은 건지 궁금해서요|"
5849,yt_comment,youtube,,눈시림,불만,0,2024-08-21,2024-08,xOjTdJXNa8Y/Ugy5wbxegb8MY0q13JR4AaABAg,"선크림 사용시, 눈시림은 어떤 성분으로 인해 그런걸까요"
5851,yt_comment,youtube,,눈시림,불만,0,2025-08-21,2025-08,uLUrEFcJvu0/UgwQ9tksCUBK2dI581N4AaABAg,달바 톤업 선크림 눈시림 있을까요-??
5852,yt_comment,youtube,,자극따가움,불만,7,2024-08-21,2024-08,uLUrEFcJvu0/UgzLZ0XltCb7oXyeROt4AaABAg,"예전부터 무기자차 선크림만 사용했었는데, 어느 순간 피부가 예민해졌는지 무기자차 바르면 따가워지더라고요."
5854,yt_comment,youtube,,끈적유분,불만,2,2024-08-21,2024-08,hejeFBTJ4uY/Ugw2yosgldfEfLGfSFV4AaABAg,"항상 도움되는 영상 감사해요 🙇🏻‍♀️💓 여름이라 유분이 올라오는데, 선크림 바르고 나서, 파데 바르기 전에 기름종이를 한번 사용하면, 선크림 자른 효과가 없어지는 건지, 아님 괜찮은 건지 궁금해서요|"
5855,yt_comment,youtube,,밀림,불만,0,2025-08-21,2025-08,vmC88052220/Ugy_gzb2vTfdbU-jKC54AaABAg,딕셔니스트 아미노산 토너 사용한 뒤부터 아침에 무기자차 선크림을 바르면 피부에서 밀려요ㅜㅜ
5857,yt_comment,youtube,,끈적유분,불만,0,2024-08-21,2024-08,KsiYjD7stqE/UgwH_OSjnOOyJRVFjL54AaABAg.A5485ZiuaiVA6MNOzsFULT,썬크림 바르면 더 자극되서 주사가 번질겁니다.
5858,yt_comment,youtube,,끈적유분,불만,0,2024-08-21,2024-08,Vw-Uvtjyfvc/UgzjfKwLbj-Pf0bft0d4AaABAg,건조한데 개기름 나고 여드름 있는 피부인데 호호바오일 쓰면 뭐 올라오고 선크림도 트러블 나고 ..ㅎㅎ
5860,yt_comment,youtube,,눈시림,만족,8,2024-08-21,2024-08,ToU4W1FJ4-w/Ugzl4hlyqZb_sABrkKN4AaABAg,눈시림 없는 선크림 특집 보고싶어요~
5862,yt_comment,youtube,,눈시림,불만,18,2024-08-21,2024-08,ToU4W1FJ4-w/UgzlflFkhXOpej2Rgd54AaABAg,오 마지막에 나온 듀이트리 선크림 그냥 가성비 좋길래 사서 쓰고 있었는데ㅋㅋㅋ탑오브탑이라니 잘 산 것 같아서 기분 좋네요.눈시림 여부도 알려주셔서 감사해요!
5863,yt_comment,youtube,,눈시림,불만,0,2024-08-21,2024-08,ToU4W1FJ4-w/Ugx9fHyeRIraboO5sw94AaABAg,시력이많이안좋고 땀도많아서 여름에외출시엔 콘택트렌즈를끼고다녀야되는데 선크림바를때 눈시림이 너무심해서 울고다녔었어요 ㅠㅠ
5864,yt_comment,youtube,,눈시림,불만,0,2024-08-21,2024-08,ToU4W1FJ4-w/Ugx9fHyeRIraboO5sw94AaABAg,"성분과 무기자차 선크림들, 눈시림 여부까지 알려주셔서 정말감사드려요ㅠㅠㅠㅠ❤"
5873,yt_comment,youtube,,끈적유분,불만,0,2024-08-21,2024-08,ToU4W1FJ4-w/UgwV32btyvT7IgX9bHx4AaABAg,그래서 건성이면 번들 걸려서 워터프로프 선크림을 사용해도 괜찮을까요?
5875,yt_comment,youtube,,트러블,불만,5,2025-08-21,2025-08,ToU4W1FJ4-w/Ugy9d5-miA2-G7KqP8x4AaABAg,1:35 휘게 비건 선크림 20:09 무기자차 지성&민감 TOP 후시다인 더마 트러블 징크 카밍 선크림 21:00 유기자자 지성&수부지 TOP 어바웃미 비 클린 릴리프 선 에센스 EX
5876,yt_comment,youtube,,눈시림,만족,3,2024-08-21,2024-08,ToU4W1FJ4-w/UgzChbeZ4bdsTautwv14AaABAg,에스네이처 선크림 유기자차 인데 눈시림 거의 없고 순해요
5878,yt_comment,youtube,,트러블,불만,0,2024-08-21,2024-08,ToU4W1FJ4-w/UgwzVP-Rna11Q1bFWgp4AaABAg,유기자차 썬크림이랑 파데를 같이 쓰면 그 다음날 얼굴에 트러블이 올라오는 이유가 뭘까요..
5879,yt_comment,youtube,,건조,불만,0,2025-08-21,2025-08,ToU4W1FJ4-w/UgxAR9t8ALbxHbqnmhl4AaABAg,"전 수부지(기름많고 건조함), 민감성 피부라서 선크림 고르기가 까다롭더라구요"
5880,yt_comment,youtube,,자극따가움,불만,0,2025-08-21,2025-08,ToU4W1FJ4-w/UgyZs17kOouXi9aXtQ94AaABAg,디파님 영상보고 꼭 화장품구매하는데요~이번에도 선크림 바꿀때 되서 보고 아떼구매했어요~몰랐는데 이제껏 해라선크림 사용했는데 혼합자차였는지 처음 알았네요 ㅜㅜ그런데 무기자차 아떼 처음써본결과 얼굴에 바르면 거칠게 알갱이아 느껴진다고 해야하나요?약1~2분정도 얼굴이 따가운 느낌이 있어서요 ㅠㅠ계속 써도될까요??
5881,yt_comment,youtube,,끈적유분,불만,0,2025-08-21,2025-08,ToU4W1FJ4-w/UgzI14IFMgEYX_MSpGV4AaABAg,혹시 자작나무 톤업 선크림만 쓰면 기름지고 뾰루지가 올라오는데...
5882,yt_comment,youtube,,끈적유분,만족,0,2025-08-21,2025-08,ToU4W1FJ4-w/UgzI14IFMgEYX_MSpGV4AaABAg,시간지나도 기름지지 않는 선크림 추천해주실분!!
5883,yt_comment,youtube,,용량가격,만족,0,2026-06-23,2026-06,itLqvyRnyfI/UgyQe9J-_LsnjBUEgK54AaABAg,제 피부화장은 선크림만 바르는데 정보 찾아보다가 알게 돼서 꾸준히 시청중인데 드디어!!오에라 선쿠션을 좋은가격에 살 수 있어서 좋아요 13일만을 기다렸습니다ㅠㅠ!!!
5884,yt_comment,youtube,,백탁,불만,1,2026-07-23,2026-07,75BejxTqe3k/UgwmXvWS2C72acoMRU94AaABAg,닥터지 그린 마일드업 선크림 백탁 너무 심한데 다른거 추천가능한가요?
5885,yt_comment,youtube,,끈적유분,만족,0,2026-07-23,2026-07,75BejxTqe3k/UgyupNeg8CNeROiUXHZ4AaABAg,선크림 고민 중인데 더랩의 선에센스랑 유이크 수분 선크림중에 어떤것이 유분감이 적고 보송하게 마무리 되나요??
5887,yt_comment,youtube,,향,불만,0,2026-07-23,2026-07,gWnt3fux1tk/Ugy7tAhB39pkYr2eRsl4AaABAg,유이크 무기자차 선크림을 사용하면 얼굴에 이상한 냄새가 나서요
5888,yt_comment,youtube,,트러블,불만,1,2026-07-23,2026-07,VENkkBDegNk/UgxU2hgqzC284_BSZ6R4AaABAg,스완님 영상 자주 보고 제품도 따라 사는데 저번 지성 피부 (트러블피부)선크림 영상 보고 마일드랩 추천하셨다가 다
5890,yt_comment,youtube,,트러블,불만,0,2026-07-23,2026-07,VENkkBDegNk/UgzhxzBWeVoE12QMv5F4AaABAg,"스완님 덕분에 3년째 그루밍 하고 있지만, 추천해주신 로벡틴, 유이크, 이번에 나온 마일드랩 까지 모든 선크림에서 사용만 하면 바로 다음날 부터 붉은 기 부터 트러블 까지 올라오더라고요 ㅠ...."
5891,yt_comment,youtube,,자극따가움,만족,0,2026-07-23,2026-07,VENkkBDegNk/UgzhxzBWeVoE12QMv5F4AaABAg,몸에 쓰는 더마비 선크림은 목에 발진이 올라와서 한동안 따가웠구요.
5892,yt_comment,youtube,,트러블,만족,0,2026-07-23,2026-07,VENkkBDegNk/UgzhxzBWeVoE12QMv5F4AaABAg,(미닉 커버로션이 유일하게 트러블을 안 본 선케어 제품이었습니다!)
5894,yt_comment,youtube,,끈적유분,불만,0,2026-05-23,2026-05,HwLrTVaisyM/Ugydx_lmtWCTqmUPrs94AaABAg,너무 번들거려서 메이크프렘 노세범 선크림 사용하는데 속건조가 있네요ㅠㅠ
5895,yt_comment,youtube,,건조,만족,0,2026-05-23,2026-05,HwLrTVaisyM/Ugydx_lmtWCTqmUPrs94AaABAg.AWQ24OgfjNUAWQ36wwyAvw,아니면 같은 메이크프렘에서 나온 톤업 선크림도 좀 보송한데 노세범 보다는 속건조가 덜할거에요!
5896,yt_comment,youtube,,용량가격,만족,0,2026-05-23,2026-05,Ck4uk8OQEds/UgzNXSnF2sHRQbSMVBV4AaABAg,행님 목이랑 팔에 바르는 대용량 선크림 옷에 안묻슴까?
5897,yt_comment,youtube,,건조,불만,0,2026-05-23,2026-05,Ck4uk8OQEds/UgwLq7dnOr_Vfcyy7SZ4AaABAg,근 1주일간 썬크림 지우기 위한 클렌징오일한 직후에 볼부분을 오와악했을때 매우 건조하고 스킨케어할때 열감이 매우 굉장히 드는데 어떤 해결방안이 있을까요??
5898,yt_comment,youtube,,끈적유분,불만,0,2026-05-23,2026-05,Ck4uk8OQEds/UgyZnzNczXQ8JaGLpDt4AaABAg,행님 더랩 선 에센스랑 마일드랩 유기자차 선크림중 유분감은 어떤게 더 적나요?
5902,yt_comment,youtube,,트러블,불만,1,2026-05-23,2026-05,H0L544Hnz9E/UgzQztZOS7yPlszlFR54AaABAg,썬크림 트러블 때문에 고민이많았는데 믿고 구매했습니닷 ㅎㅎㅎ올여름 썬크림 해결했네용 항상 감사합니다😊
5903,yt_comment,youtube,,용량가격,만족,0,2026-05-23,2026-05,H0L544Hnz9E/UgykVeT7Voe3_Oftnpx4AaABAg,마침 여름이 다가오고있어서 무기자차 선크림 보고있었는데 완전 적절한 타이밍에 스완님이 좋은선크림 좋은가격에 막안남으로 가져와 주셔서 잘구매해서 잘쓸수있을거같아요!
5904,yt_comment,youtube,,건조,불만,0,2026-05-23,2026-05,H0L544Hnz9E/UgxtJlXOoW5wC4NrOsR4AaABAg,아침에 세안하고 스킨케어 후 썬크림(무기자차) + 미닉 커버로션 바르고 외출하면 얼굴이 건조합니다.
5906,yt_comment,youtube,,답답무거움,불만,0,2026-05-23,2026-05,H0L544Hnz9E/Ugwai4TbmGJGaxLRpB14AaABAg,유기자차 무기자차 차이도 잘 몰랐어서 평소에 집에 있는 거 아무거나 막 발랐었는데 덕분에 제 피부에 맞는 선크림을 구매할 수 있어서 다행이에요 ㅎㅎㅎ
5907,yt_comment,youtube,,백탁,불만,0,2026-05-23,2026-05,H0L544Hnz9E/Ugx_Wmrp6-hmJVgJLQB4AaABAg,"8612 매번 추천해주신 유이크 선크림 사용중이었는데, 백탁이 조금 더 좋다고 하니 믿고 구매 해보겠습니다!!"
5909,yt_comment,youtube,,백탁,불만,0,2026-05-23,2026-05,H0L544Hnz9E/Ugz72LJdeevj99_kvuJ4AaABAg,8396-유이크 무기자차 선크림 잘 쓰고 있다가 말씀하신 백탁이 꽤 신경쓰여서 이번엔 마일드랩으로 한번 구매해봐여 ㅎㅎ
5910,yt_comment,youtube,,답답무거움,불만,0,2026-05-23,2026-05,H0L544Hnz9E/Ugz72LJdeevj99_kvuJ4AaABAg,선크림 아무거나 못쓰는 1인인데 유이크처럼 잘 맞았으면 좋켔습니다😊
5911,yt_comment,youtube,,답답무거움,불만,0,2026-05-23,2026-05,H0L544Hnz9E/UgxfaeZPUA92vnwWgKh4AaABAg,5909 선크림 안그래도 다떨어져가서 살까 했는데 또 아무거나 사긴 좀 그래서 봤더니 딱 알맞게 갖고와주셔서 감사합니다
5912,yt_comment,youtube,,답답무거움,불만,0,2026-05-23,2026-05,DPMG-qZmDX0/UgyZFUTroQHYDsbM5vN4AaABAg,선크림 바르면 너무 답답하고 피부가 숨막힌?
5913,yt_comment,youtube,,끈적유분,만족,0,2026-05-23,2026-05,DPMG-qZmDX0/Ugyse22CteboXFUOJqF4AaABAg,무기자차 아무리 발라봐도 목이랑 차이가 너무 심한데 유분기 적은 다른 선크림 추천해주실 수 있나요?
5914,yt_comment,youtube,,백탁,불만,0,2026-05-23,2026-05,Jt6GNYLHd6Y/UgyDIKebeTWPP2jH0wF4AaABAg.AW8_dXckK9VAWARa0DMtfc,@화이팅-j1q 무기가 하얘지고 건조하고 부담스러우시면 넘버즈인 1번 선크림 강강강력추천 나 그거 쓰고 신세계 느껴봄 하나도 기름 올라온적 없고 3통 씀 참고로 난 홍조 수부지 개기름 많이 올라오는 편임 왠만한 유기자차는 항상 겉돌고 개기름 오후12시쯤되면 슬슬 올라오는데 넘버즈인 덕분에 인생정착템 만났음
5915,yt_comment,youtube,,트러블,불만,11,2026-05-23,2026-05,Jt6GNYLHd6Y/Ugzkm_iIyrtwMbSt_I94AaABAg,개인적으로 극지성에 여드름 심한 피부인데 마일드랩 무기자차 선크림ㄹㅇ좋음 백탁도 없고 순함.
5916,yt_comment,youtube,,끈적유분,불만,0,2026-05-23,2026-05,Jt6GNYLHd6Y/Ugx6fYmBqLBumFKk4iV4AaABAg,"개기름많은데 속건조가있다면, 속건조는 기초제품으로 커버하고 무기자차 선크림 쓰는게 나을까요?"
5917,yt_comment,youtube,,백탁,만족,1,2026-06-23,2026-06,Jt6GNYLHd6Y/Ugx9MkRv0mEH8nbhFRV4AaABAg.AXlJScVuGKIAXp8r2ddkBw,백탁현상 없음 추천 제품은 자작나무 수분선크림입니다
5918,yt_comment,youtube,,끈적유분,불만,6,2026-05-23,2026-05,Jt6GNYLHd6Y/Ugxo-hEwAomDb3keOF94AaABAg.AW8frrWx3fBAW8vJcwjaYS,평생 선크림 안바르던 사람인데 저거 바른 직후에 기름기같이 유분 싹 돌거든요?
5920,yt_comment,youtube,,용량가격,만족,0,2026-05-23,2026-05,ABRSLlIFJ1M/UgwRWtAmC_YB4GY-FAd4AaABAg,스완님 유이크 선스틱이 너무 좋은데 양 대비 가격이 넘 비싸서 그러는데 듀이트리 선스틱은 어떤가요??
5922,yt_comment,youtube,,자극따가움,불만,0,2026-04-23,2026-04,mF5y9beEROI/UgyN9E7E325029t2aAF4AaABAg,로벤틱선크림 따가울정도로 민갑피부인데 오일 맨날 사용해도 피부 안무너질까요?
5923,yt_comment,youtube,,백탁,불만,3,2026-04-23,2026-04,mF5y9beEROI/Ugzv3zxRKmSHNRvtqpl4AaABAg,선크림 유이크 무기나 로벡틴 무기 좋긴 한데 백탁이 좀 있어서...기다리고 있겠슴다!!
5926,yt_comment,youtube,,용량가격,만족,0,2024-08-21,2024-08,cbmOtYnQWvU/UgxCTzahQkIu5cbOD_54AaABAg,저거 대용량 선크림 리뷰에는 자외선 차단 안 되는 거 같다길래 안 샀는데 괜찮은가욤?????
5928,yt_comment,youtube,,지속력워터,만족,12,2026-06-23,2026-06,I2rrc8Nutaw/UgwkNYUdvUolsn1-d3p4AaABAg,비비는 거의 파데랑 색깔도 그렇고 차이가 없는데 파데 프리 일까 톤업 선크림이 진짜 파데프리지 마스크에 안 묻어나야지 프리지
5929,yt_comment,youtube,,기타불만,만족,3,2026-06-23,2026-06,I2rrc8Nutaw/UgzjCRSbkIl9emxf6nl4AaABAg,파데 프리 자주 하는데 묻는 것도 별로고 따지고 보면 거의 파데 가까운 제품이 많아서 톤업 선크림만 자주 발랐거든요
5930,yt_comment,youtube,,건조,불만,0,2026-08-15,2026-08,I2rrc8Nutaw/Ugwy0ucBlab9XrFTdC54AaABAg,걍 톤업썬크림.살란당 속건조는 못참것다.
5931,yt_comment,youtube,,지속력워터,만족,2,2026-06-23,2026-06,I2rrc8Nutaw/Ugwd0zwM0_HfpGrurg94AaABAg,비비는 거의 파데랑 색깔도 그렇고 차이가 없는데 파데 프리 일까 톤업 선크림이 진짜 파데프리지 마스크에 안 묻어나야지 프리지
5932,yt_comment,youtube,,눈시림,만족,0,2026-08-17,2026-08,_UP4tD6EmMM/Ugzl-JAijfRx9ctmw3R4AaABAg,선스틱이요❤ 두준이오빠 얼굴처럼 자외선 막고 눈시림없이 뽀송해지구싶어요ㅎㅎ
5933,yt_comment,youtube,,트러블,만족,1,2026-04-23,2026-04,pT7uDAvCNpk/UgwIJaDTTY6qi-jcaUl4AaABAg,1년에 한번 써마지 하는 관리 열심히하는 남자로써 느낀게 있다면 충분한 잠 보습 스트레스 관리 썬크림 세안이 진짜 중요한거같음 30대 중반 다가오니까 피부 트러블은 없는데 피부탄력이 확 떨어짐 이건 피부과레이저가 답 ㅜㅜ
5934,yt_comment,youtube,,지속력워터,만족,0,2026-04-23,2026-04,pT7uDAvCNpk/Ugz0lmzlJjuaW9BHvHJ4AaABAg.AVXrXqlAO_9AVbaqzIpgHV,선스틱이 아예 안 묻어나긴 어렵슴다 ㅠㅠ
5935,yt_comment,youtube,,용량가격,만족,0,2026-04-23,2026-04,pT7uDAvCNpk/Ugz0lmzlJjuaW9BHvHJ4AaABAg.AVXrXqlAO_9AVbaqzIpgHV,차라리 목이랑 팔에만 쓰신다면 선크림 대용량인거 더마비꺼나 이런거 쓰시는 것도 괜찮을거에요!
5936,yt_comment,youtube,,답답무거움,불만,1,2025-08-21,2025-08,gW7Z7AlgNBI/UgwdplPV1ILcXenYWt14AaABAg,저는 파우더나 파운데이션을 바르면 얼굴이 가렵고 무거워서 선크림과 비비만 하는데 들떠보여 걱정이었는데 비비와 파운데이션 섞어봐야겠네요.
5938,yt_comment,youtube,,건조,불만,0,2026-06-23,2026-06,3ZARrsf193I/UgwZpTNc9XpKapC7W6Z4AaABAg,주닥선크림 건성인데 샀다가 너무 건조해서 쓰지도못하네요
5939,yt_comment,youtube,,트러블,만족,0,2026-06-23,2026-06,3ZARrsf193I/UgwcDLtywkA9f2Maiwx4AaABAg,"정말 가벼운데 촉촉해서 특히 여름에 가벼운 수분크림 바르고 이썬크림 바르고 화장하면 정말 화잘먹 그자체예요..그리고 트러블도 없고, 무엇보다"
5943,yt_comment,youtube,,톤업색상,불만,1,2026-04-23,2026-04,8ab5PxoFMBA/UgzcTAzLtj5bxkAX8894AaABAg,지금은 톤업썬크림만 바르는데 커버가 안되서 아쉬움이 많아요.
5944,yt_comment,youtube,,눈시림,만족,0,2026-08-18,2026-08,62LTJ3ZGAwc/UgwBYYeQhrW7eCHydQx4AaABAg,제가 지금 조선미녀 선크림 사용하고 있는데 눈 시림도 없고 피부 보습이 잘되어 파데 대용으로 사용할 수 있어 좋아요
5947,yt_comment,youtube,,끈적유분,만족,0,2026-07-23,2026-07,NYVpizaKpCc/UgwKVmZfPGvMNVysRJV4AaABAg,여행가서 대용량으로 선크림 바르고 싶어서 다이소에서 사가고 싶은데 리뷰 찾기가 힘드네요...끈적임 없고 자외선 차단이 잘되는 제품으로 해주세요..
5948,yt_comment,youtube,,답답무거움,불만,9,2026-04-23,2026-04,3KyYb8eUFzQ/UgzyoRQtXhekz1Bv8vd4AaABAg,"안답답하고(최고중요) 톤보정되는 선크림, 톤업크림 컨첸츠 만들어 주시면 너무 감사할거 같아여 👉🏻❤👈🏻"
5950,yt_comment,youtube,,트러블,불만,0,2026-05-23,2026-05,YLTleHdCvmE/UgxXXRFbmEz_ENbX7RF4AaABAg,선크림만 바르면 뒤집어져서 닥터지 선세럼 쓰니까 처음으로 안뒤집어지더라구요
5955,yt_comment,youtube,,용량가격,불만,1,2026-04-23,2026-04,YLTleHdCvmE/Ugz2jG07f_X6hQut3gR4AaABAg,그냥 조선미녀 수분선크림 뭐 이런거 쓰는게 메컵 궁합 효과 가격측면에서 나을듯 코스메틱 업계에서 돈벌료고 선세럼 카테고리 새로 만든느낌 너무너무남
5956,yt_comment,youtube,,끈적유분,불만,1,2026-04-21,2026-04,x0rtnmJ44yA/Ugz9wrF4Q_UMuIvVm3h4AaABAg.AV5ezVBAkaaAVh3VflpH6b,"1.아이크림이나 아니면 마지막 크림,썬크림이 너무 유분이 많거나 바르는 양이 많다 2.쿠션이나 파운데이션을 너무 글로우한 제품이거나 눈밑 다크써클을 가리기 위해서 양조절이 안됬다 3.파우더 처리를 잘 안했다 4.이건 번지지 않는 팁인데요"
5957,yt_comment,youtube,,백탁,불만,2,2026-08-02,2026-08,kD9RZJsVlWM/UgxQ-LEhCK5Oymujcvh4AaABAg,가부키 등장 꺄 라라 누가봐도 백탁 겁나심한 다이소 무기자차 선크림 두껍게 얼굴만 바른모습 .....
5958,yt_comment,youtube,,톤업색상,불만,13,2026-07-23,2026-07,Z2cibQM8y2w/UgwInhvnCr-ycDwhzJ54AaABAg,비탐찌들이랑 같이 써보고 싶어서 이벤트도 준비해왔으니까 많이 신청해주세요~~~♡ ✅00:00 맛보기 영상 ✅00:33 인씨 피부 타입 1⃣00:37 ①BB크림의 컬러와 내 피부 톤이 맞지 않음X 2⃣04:28 ②파데프리 전 스킨케어를 평소 루틴대로 함 3⃣06:43 ③피부상태 안 좋은데 BB크림과 파우더로 무작정 덮음 4⃣11:31 ④선크림 바르듯 무작정 손으로 바름 5⃣14:09 ⑤BB크림 위에 컨실러 바르니 경계짐 -------------------- ㄲㅑ아 비탐찌들!!!!
5959,yt_comment,youtube,,밀림,불만,3,2026-07-23,2026-07,fSLo1bbiui4/UgzvFeeQ5pGrjynM_414AaABAg,햇빛알러지가 심해서 썬크림 떡칠하고 5분만 햇빛 봐도 얼굴 붓고 껍데기 까지고 피부 갈라지고 너무 아픈데 그럴 때 써도 효과가 있었으면 좋겠다요 ㅠㅠ
5960,yt_comment,youtube,,트러블,불만,0,2026-07-23,2026-07,vinVBetEYcQ/UgwkKEF7XBWlJSE1ZKZ4AaABAg,"사두고 있어서 10월쯤으로 예정되어 있다는 소식에 10월만 기다리고 있었는데 갑자기 클레어스 소식이라 후다닥 달려왔네요ㅋㅋ민감성 트러블성 수부지인 제 피부에 블루드롭 진짜 선물 같은 존재였어서 앰플 써보고 너무 좋았어서 카밍크림이랑 워터크림, 썬크림 다"
5962,yt_comment,youtube,,끈적유분,만족,176,2026-02-21,2026-02,w6UFlP2f6kU/Ugx05OJP8HJVeOyPMXN4AaABAg,n년째 유분감 덜한 썬크림 찾는 유목민입니다ㅠㅠ
5963,yt_comment,youtube,,끈적유분,불만,49,2026-03-21,2026-03,xMAL5LD4LfE/UgzfrKymV38nmVreH8V4AaABAg,"라로슈포제 시카플라스트 B5+ 밤 [PDRN 추천] 리쥬란 힐러 턴오버 앰플 듀얼 이펙트 51,000원 <저녁에 바르는 걸 추천> [그 외 추천] 아비브 부활초 크림 21,000원 -> 수분길을 뚫어줌 비알워터풀 쿠션 SPF50+ PA+++ 15G 49,000원 -> 피부 깨끗하게 잘 표현 오하이오후 라로즈 밀크 앰플 78,000원 -> 피부 물광, 목 주름케어 등등 라로슈포제 세로징크 세범 컨트롤 토닝 미스트 17,000원 (화장 후 끈적거리는거 막아줌) [더모 프로텍션 리바이벌 밤 플러스 60,000원] 가벼운 BB크림 [더모 프로텍션 선 레스큐 크림 38,000원] 선크림 #### 총정리 1."
5964,yt_comment,youtube,,끈적유분,불만,1,2026-08-20,2026-08,08aMtp4NkjI/UgzGfh5keJLzTo-WLXR4AaABAg,유분많고 왕모공인데 기초.썬크림 끝나고 한번 뿌리고 메이크업 끝나고 한번 뿌리면 좋을까요?
5965,yt_comment,youtube,,건조,불만,2,2020-08-21,2020-08,h8t_t4SdDHw/Ugz1AoD-Rp-8tL5S9Op4AaABAg,낮에 하는 케어같은경우 건조해서 수분크림을 몇번 덧바르는편인데 선크림바른 그 위에 수분크림을 발라도 괜찮나요?
5966,yt_comment,youtube,,용량가격,만족,0,2020-08-21,2020-08,h8t_t4SdDHw/UgzmlTK5yVTQn32iAfx4AaABAg,"귀여운 곰돌이 타입의 미남이세요.일본이나 미국은 올인원이 대세라서 올인원 클렌져,자외선 차단 데이크림,나이트크림 이 정도로만 하던데...선생님이 직접 효과와 성분좋고 가격착한 화장품을 만들어 팔아주세요"
5967,yt_comment,youtube,,지속력워터,불만,0,2025-08-21,2025-08,N87bu1IKt_s/UgwnjqtebnBEkCUA_NJ4AaABAg,선크림 잘 지워지는 클렌징 제품 알고 싶어요~무기자차 유기자차 별로 알고 싶어요
5969,yt_comment,youtube,,답답무거움,불만,3,2025-08-21,2025-08,P2wUVmCrx0I/Ugz1IGyuBQMW2mJse-14AaABAg,뒤집어져서 아무거나 못 썼는데 작년부터 디파님 후시다인 선크림 꾸준히 추천하신 거 보고 한 번 써 봤는데 그 뒤로 선크림 고민 안 하게 됐어요!
5975,yt_comment,youtube,,트러블,불만,7,2024-08-21,2024-08,N5Pz0lnUi5Y/UgwSTuukloVBOXTKntV4AaABAg,저 진짜 민감해서 톤업 선크림 바르면 좁쌀 폭발이라 톤업 선크림 유목민이었는데 올영가서 테스트용으로 듬뿍 발라보고 하루종일 돌아다녓는데 피부 매끈해보이고 답답하지않고 건조하지않아서 바로 구매 갈겻어요...
5976,yt_comment,youtube,,눈시림,불만,5,2024-08-21,2024-08,N5Pz0lnUi5Y/UgxGUqMBXkA5VxlkFJp4AaABAg,눈시림에 하두 좋은선크림도 엄두도 못냈는데ᆢ ㅠ
5979,yt_comment,youtube,,자극따가움,만족,3,2024-08-21,2024-08,N5Pz0lnUi5Y/UgwXVBKPWQvMOpf3p5F4AaABAg,"구달수분선크림도 같은 베이스를 하고 나가도 시간지나면 건조했는데, 비슷한시간 건조함없고 편했습니다."
5980,yt_comment,youtube,,자극따가움,불만,1,2024-08-21,2024-08,N5Pz0lnUi5Y/Ugxs28pOtfKWm3olnLN4AaABAg,오 홍조있어서 핑크빛은 못쓰는데 너무 좋아효🎉🎉🎉 근데 유기자차 바르고 홍조 있는 볼쪽에만 톤업선크림을 발라도 될까요?
5981,yt_comment,youtube,,눈시림,만족,6,2024-08-21,2024-08,N5Pz0lnUi5Y/UgyHpsPN-UcBJIXmPPx4AaABAg,남자친구한테 에뛰드 무기자차 선크림 선물로 줬었는데 눈시림도 없고 안 따갑다고 좋아합니다!
5982,yt_comment,youtube,,트러블,불만,2,2024-08-21,2024-08,N5Pz0lnUi5Y/UgzUPSOnLhsxAebwcph4AaABAg,"순정선크림 진짜 촉촉하고 부드럽게 잘발리고 칭찬백만개 해주고싶을정도로 너무 좋은데 이거만 바르면 볼같은데 모기물린듯하게 뭐가 나고 , 꾸리한 냄새가 나서 ㅜ"
5983,yt_comment,youtube,,눈시림,만족,3,2024-08-21,2024-08,N5Pz0lnUi5Y/Ugydz9RRJ5KGC3F_x-d4AaABAg,에뛰드 순정 디렉터 수분선크림 하늘색통도 눈시림 없다고해서 구매했는데 바르자마자 눈이 엄청 시려서 ㅠ
5984,yt_comment,youtube,,건조,불만,1,2024-08-21,2024-08,N5Pz0lnUi5Y/UgwoJmJ4XLjR3tf_gmh4AaABAg,안구건조증으로 눈에 선크림을 바르지 않는데요.
5986,yt_comment,youtube,,건조,불만,0,2024-08-21,2024-08,N5Pz0lnUi5Y/UgxHqH-hjAZwBSHJo_d4AaABAg,전 전에 무기자차 순정 사용후 화끈거림이 있어서 중단했거든요..아무리 몇번 발라도 화끈거림있어서 안바르는데..이번껀 어떨련지..ㅠ지금은 김정문알로에 썬크림바른데 이것또한 건조함 어느정도 있길래 그냥 잘안사용하네요ㅠㅠ😢
5987,yt_comment,youtube,,답답무거움,불만,0,2024-08-21,2024-08,N5Pz0lnUi5Y/UgzCgcmBzUa-mdiFB494AaABAg,비비나 파데만 쓸때는 이런 증상이 없는데 선크림만 쓰면 너무 건조하고 피부가 답답해요ㅠ
5989,yt_comment,youtube,,트러블,불만,0,2025-08-21,2025-08,N5Pz0lnUi5Y/UgzJIo_riRMZYTxbDiZ4AaABAg,타사 톤업선크림만 발라도 트러블이 올라와서 파데프리는 못할것 같았지만 그럼에도 불구하고 제품을 구입해서 사용해봤어요.
5990,yt_comment,youtube,,자극따가움,불만,0,2024-08-21,2024-08,N5Pz0lnUi5Y/Ugyx32rKfEm8gish3cx4AaABAg,수분선크림 샀는데 바르면 얼굴이 따갑고 화끈거리는데 이건 그냥 저한테 안맞는걸까요?
5991,yt_comment,youtube,,눈시림,불만,1,2024-08-21,2024-08,N5Pz0lnUi5Y/UgyvvWXXDsFNuCRTMiF4AaABAg,선크림 바르면 눈시림 진짜 심한데 이거는 눈시림증상 없나용???
5992,yt_comment,youtube,,트러블,불만,0,2024-08-21,2024-08,N5Pz0lnUi5Y/UgxggtMNCXgCrQ7vSFh4AaABAg,민감건성이고 톤업순정선크림 저이거쓰고 피부트러블이랑 피부개작살낫는데 왜그러는거져 디파님?????
5993,yt_comment,youtube,,눈시림,만족,2,2024-08-21,2024-08,N5Pz0lnUi5Y/Ugx1JfaWCcvJDwKQyyx4AaABAg,"태어나서 처음으로 선크림에 정착할 수 있게 해줬던 에뛰드 무기자차❤ (눈시림 절대없음, 피부자극 제로) 혼합도 너무너무 기대되네요."
5994,yt_comment,youtube,,트러블,불만,9,2024-08-21,2024-08,N5Pz0lnUi5Y/Ugy8rVL7opLYyDpvD4B4AaABAg,수부지 사용후기 세안후 과잉피지 트러블 토너패드만으로 결정리만 하고난후 선크림 발랐습니다
5995,yt_comment,youtube,,자극따가움,불만,0,2024-08-21,2024-08,N5Pz0lnUi5Y/Ugx_sGbrPhGADzp44iR4AaABAg,"전 관심없어요.디파 무기자차 출시했을때 구매해서1번 바르고 따갑고 열나서 죽는줄 알았어요.제가 초극민감성,피부라 무기자차를 선택했는데,버렸어요.톤업썬크림도 기대안할래요.봄이니깐 여러가지 썬크림,스틱,썬쿠션,썬프라이머도 소개해주세요.꼭!부탁드려요"
5996,yt_comment,youtube,,자극따가움,불만,0,2024-08-21,2024-08,N5Pz0lnUi5Y/UgxSHm01apG8R_ef1vl4AaABAg,전 수분선크림 쓰고있는데 요즘들어 기초하고 선크림 바르면 얼굴이 화끈화끈 엄청 따갑더라고요 ㅠ
5999,yt_comment,youtube,,기타불만,만족,0,2026-05-23,2026-05,wXxIo7opa1g/UgyhcfLAtdLXX05sOoV4AaABAg,자외선 차단제 뭔가 발림성 바르고난후 좀 별로라 ...안쓰는데.
6000,yt_comment,youtube,,건조,불만,0,2026-08-09,2026-08,tr41i9g8GQA/UgyV0Ru9lIG8WjvytFJ4AaABAg,조선미녀 선크림 각질부각이 있다거나 땡기는 느낌은 없을까요??
6002,yt_comment,youtube,,자극따가움,불만,0,2022-08-21,2022-08,ZCzv8EkfJmE/Ugx6MjQ6pNBZHF51Jl54AaABAg,"저는 괜찮은데 아이가 선크림 바른후 작열감,따가움,가려움,부어오름을 호소했고 두 가지 제품 다"
6004,yt_comment,youtube,,건조,불만,0,2025-12-21,2025-12,pFzFXafxow4/UgwQMfz0KM2WqaTV7qx4AaABAg,자외선 차단제 말씀하신대로 일본 제품들 건조합니다.한국 상품이 더 좋아요.
6006,yt_comment,youtube,,용량가격,만족,0,2022-08-21,2022-08,YH3dNEAgAUU/UgyCDPviR0wW0N9qME14AaABAg.9V2dqwcW9Cr9W_6RUdzDPf,비싸서 그러치😵😵 선크림은 라운드랩 자작나무 추천해용!!
6007,yt_comment,youtube,,트러블,불만,1,2022-08-21,2022-08,YH3dNEAgAUU/UgzzqmP-tjp3ixu41aR4AaABAg.9VRcgltx9Rh9VRdVA-3ynQ,혹시 선크림 바르면 트러블 올라온다
6008,yt_comment,youtube,,건조,불만,0,2026-07-22,2026-07,esluPWg28mU/UgzTWV5997u0HcsoHpZ4AaABAg,파데프리 베이스는 보통 건조해서 각질부각이 되는 경우가 많았는데 자차도 있고 스킨케어 성분도 가득 들어갔는데 땀에도 녹지 않고 톤업까지 유지된다니 너무 신기해요✨️ 컬러도 뽀얀 우유색이라 엄청 화사하고 노란기도 잘 가려줄 것 같아요💗 피부가 뒤집어져서 파데프리 베이스를 찾고 있었는데 UV 톤업 선밀크는 피부가 답답하지 않게 커버 되면서 톤업 선밀크답게 자외선 차단과 톤업은 기본에 스킨케어 성분도 들어 있어서 아침에 따로 선크림 톤업베이스들 바를 필요
6009,yt_comment,youtube,,건조,불만,0,2026-06-22,2026-06,nNHbbQD7ddw/UgwAw8qFH7_KVnf6MLh4AaABAg,아떼 선크림좋아서 비비도 구매했는데 완전건조 ㄷㄷ 두번쓰고 버림 ㅠ
6010,yt_comment,youtube,,눈시림,불만,2,2026-06-22,2026-06,waM3NPjySdM/UgyN9z3ywj0BsAp9pX54AaABAg,눈시림 때문에 우는 여자인데 선크림 추천 너무 귀해요
6012,yt_comment,youtube,,눈시림,불만,1,2026-06-22,2026-06,waM3NPjySdM/UgzkKgUaQZAstGXYSDV4AaABAg,썬크림눈시림이 진짜예민한데요
6013,yt_comment,youtube,,눈시림,만족,1,2026-06-22,2026-06,waM3NPjySdM/UgyYnSiQ4vcH4aXqZGB4AaABAg.AXM5A6g2pLqAXM5cnkwTcY,"선크림 왕중왕전편에서도 말씀드렸으나, 가장 눈시림 적은 제품으로 꼽았고, 저는 눈시림이 없었던 제품이었어요😊"
6014,yt_comment,youtube,,끈적유분,불만,0,2026-07-22,2026-07,A7fTDNeZmX8/UgwomXkz5azBLuFl0iF4AaABAg,지성 유분이 많은 피부인데 닥터지 브라이트닝업 선크림은 모공커버랑 톤업이 조금 되는거같던데 위 3개 선스틱과 느낌이 좀 비슷할까요??
6015,yt_comment,youtube,,끈적유분,불만,2,2026-08-01,2026-08,XMMzKOzWh7k/UgzYjjFPmOcrccENjRB4AaABAg,오브제는 남자광고모델 쓰면서 덱스선크림도 그렇고 선스틱도 그렇고 개번들거려서 한번쓰고 바디용으로 돌려버림
6016,yt_comment,youtube,,트러블,불만,3,2026-06-22,2026-06,XMMzKOzWh7k/UgxflHh0pcYNvhvM_Ld4AaABAg,벤질벤조에이트 성분이 더 문제예요😂 전 이거만 들어있으면 접촉성 피부염나더라구요 ❤ 대게 헤어팩이나 헤어마스크에 이 성분 들어있으면 목덜미나 귀주변에 뽀루지나고 트러블나면서 엄청 고생하더라구요 ❤ 영상 만드시느라 수고하셨어요 ❤ 저도 유이크 선스틱 좋아하고 쓰고있는데 추천해주셔서 너무 좋았어요❤❤
6017,yt_comment,youtube,,지속력워터,만족,1,2026-06-22,2026-06,XMMzKOzWh7k/UgxWdAy5Orag4tYimcB4AaABAg,토리든 선스틱 옷에 하얗게 묻어남 없을까요??
6018,yt_comment,youtube,,지속력워터,만족,1,2026-06-22,2026-06,XMMzKOzWh7k/UgxWdAy5Orag4tYimcB4AaABAg.AXhVjUrXnKvAXi5Vz1pAKy,아무래도 선스틱 자체가 피부에 얇게 막을 씌우는 형태라 아예 없을 수는 없지만 비교적 발림성이 보송한 제품들이 묻어남이 덜해요!
6022,yt_comment,youtube,,눈시림,만족,0,2026-06-22,2026-06,NaaDRvNmkus/Ugzpya9tokNAS6Ujj194AaABAg,자작나무수분선크림 땀때문에 눈에 들어갔을때 눈 따가움은 없으셨나요?
6023,yt_comment,youtube,,백탁,만족,0,2026-06-22,2026-06,NaaDRvNmkus/UgzYVZfajHEn-tdDNUN4AaABAg,궁금한게 백탁없고 얇게 발리는 유기자차들 자외선 차단력은 문제 없는 건가요??
6024,yt_comment,youtube,,트러블,만족,0,2026-06-22,2026-06,NaaDRvNmkus/UgygD4f2p-OGW3TUkaN4AaABAg,라운드랩 수분 선크림 쓰면 막 피부 열 올라오거나 그런건 없나요?
6025,yt_comment,youtube,,끈적유분,불만,0,2026-05-22,2026-05,Jq72xsDz1Y8/UgwZn1KS3hUSHDNUzq14AaABAg,악건성이라서 스킨케어 마무리는 에스네이처 크림을 바르고 촉촉 선크림을 바르게 되는데 그러다보니 언니 같은 피부표현은 절대 안되고 항상 약간 번들?촉촉?한 피부 표현이 되는데 ㅜㅜ
6026,yt_comment,youtube,,답답무거움,만족,0,2026-07-25,2026-07,IWzJ6R5WDp8/UgzHBpPWwgAEVk8DOjB4AaABAg,여름만 되면 선크림 더 잘 발라야되는 건 머리론 이해하지만 선크림 특유의 끈끈한 기름짐이 답답하게 느껴져서 손이 잘 안 갔는데 VT 피디알엔 에어 클라우드 선스크린은 선세럼처럼 촉촉한 제형이라 바를 때부터 피부에 수분이 터지는 느낌이라니 진짜 산뜻하게 사용할 수 있을 것 같아요💖 선크림 정랑대로 안바르면 자외선 수치가 제곱으로 떨어진다
6027,yt_comment,youtube,,건조,만족,0,2026-07-25,2026-07,IWzJ6R5WDp8/UgzHBpPWwgAEVk8DOjB4AaABAg,촉촉하게 발리면서도 마무리는 끈끈하지 않게 잡아준다고 해서 특히 여름철에 끈적임 없이 편안하게 쓰기 좋을 것 같고 메이크업 전에 발라도 밀림 없이 깔끔하게 정돈될 것 같아 기대돼요✨️ (보통 보송한 선크림은 뻑뻑하거나 건조하던데 요
6028,yt_comment,youtube,,용량가격,만족,0,2026-04-22,2026-04,MoLjUnnhI6M/Ugw63L75mco6RdfwmKR4AaABAg,실내에서만 사용하는 순한 30spf pa++ 대용량 선크림은 어디없나 해외만이 답인가
6032,yt_comment,youtube,,끈적유분,만족,0,2026-05-22,2026-05,6TaDXDu65tA/UgxAEgEZJbg-lZDyTQZ4AaABAg,저 작년에 추천해 주신 선크림 끈적임 없는거 사서 진짜 잘쓰고 있거든요~
6033,yt_comment,youtube,,용량가격,만족,1,2025-08-22,2025-08,Mokndrvyezw/Ugzf4RpgKD6TIzlAo0h4AaABAg,피부가 얇고 노란톤 뭘발라도 뜨는 수분부족 모공부자 인데 파데는 꿈도 못꾸고 비비아님톤업선크림 즐겨바르는데 디어클레어스 비비크림 강력추천합니다 ~~가격도 싸고 이거만한 비비못봄
6036,yt_comment,youtube,,끈적유분,불만,0,2026-06-22,2026-06,dcgBEhaBSHU/Ugx7Cf6CQciSKYTZbI54AaABAg,유분기 선크림으로 밀어내고 쿠션으로 덧바르기.
6037,yt_comment,youtube,,톤업색상,만족,5,2026-06-22,2026-06,xDf4nqEVR8M/UgxGiOhYYCHnMjzkA0p4AaABAg,맥 톤업쿠션은 화장전이나 단독으로 사용하기도하지만 자외선 차단을 위해 쿠션을 자꾸 덧바르면 화장이 진해져서 자외선차단과 톤정리 수정용으로 거의 쓰는데 너무 좋아요
6038,yt_comment,youtube,,답답무거움,불만,0,2026-08-21,2026-08,YP7XpR-p7as/UgyTZkoRid3mehjJ43l4AaABAg,평소 민감하고 건조한 피부라 선크림 하나만 잘못 써도 당김이나 답답함이 심했는데 에스트라 더마UV365 장벽수분 무기자차 선크림은 이름처럼 피부 장벽까지 함께 케어해줄 수 있다는 점이 너무너무 기대돼요🤍 무기자차인데도 로션처럼 촉촉하고 부드럽게 발린다고 해서 평소 느꼈던 뻑뻑함이나 건조함 걱정 없이 편하게 사용할 수 있을 것 같아요🌷 특히 백탁이 거의 없이 자연스럽게 흡수된다는 점이 너무 마음에 들고 자외선 차단력까지 강력해서 데일리 선크림으로 딱일 것 같아요🧡 세라마이드엔피 성분으로 자외선에 자극받은 피부를 진정시키고 장벽 케어까지 도와준다니 예민한 피부에도 부담 없이 사용할 수 있을 것 같아서 기대돼요✨️
6040,yt_comment,youtube,,답답무거움,불만,0,2026-08-21,2026-08,YP7XpR-p7as/UgxqF2wFyVxr9M071td4AaABAg,평소 무기자차 선크림은 답답하거나 건조하다는 느낌 때문에 꾸준히 사용하기 어려웠는데 에스트라 장벽수분 무기자차 선크림은 촉촉한 수분크림처럼 부드럽게 발린다는 점이 가장 기대돼요❤ 자외선 차단뿐 아니라 피부 장벽 보습과 진정 케어까지 함께 챙길 수 있어서 민감하고 예민한 피부에도 부담 없이 사용할 수 있을 것 같아요
6041,yt_comment,youtube,,눈시림,만족,0,2026-08-21,2026-08,YP7XpR-p7as/UgxqF2wFyVxr9M071td4AaABAg,특히 무기자차 특유의 뻑뻑함이나 눈시림 부담을 줄였다고 해서 데일리 선크림으로 정말 만족도가 높을 것 같고 건조함 없이 편안한 피부 표현이 가능할 것 같아 마음에 쏙 들어요ㅎㅎ
6042,yt_comment,youtube,,답답무거움,만족,0,2026-08-16,2026-08,YP7XpR-p7as/UgzsNhvz_9hoeWDmU3d4AaABAg,화장 전에 사용해도 답답하거나 밀리지 않고 피부 표현을 예쁘게 살려준다면 올여름 데일리 선크림으로 정말 잘 사용할 것 같아요☀️✨
6043,yt_comment,youtube,,백탁,불만,0,2026-08-16,2026-08,YP7XpR-p7as/Ugy8hPkrwnuDDzbo7bZ4AaABAg,햇빛이 강해서 선크림은 진짜 필수인데 백탁이나 답답한 사용감 때문에 손이 잘 안 가더라구요🥹 에스트라 더마UV365는 촉촉하면서도 가볍게 발린다고 해서 너무 기대돼요💛 메이크업 전에 발라도 밀림 없이 피부에 착 붙는 선크림이라면 매일 손이 갈 것 같아요✨
6044,yt_comment,youtube,,답답무거움,불만,0,2026-08-17,2026-08,YP7XpR-p7as/Ugx2RmmWfqViJCBrCLJ4AaABAg,눈시림 심해서 선크림 아무거나 못 쓰는데ㅠㅠ
6045,yt_comment,youtube,,눈시림,만족,0,2026-08-17,2026-08,YP7XpR-p7as/Ugx2RmmWfqViJCBrCLJ4AaABAg,에스트라 선크림은 눈시림 없는 무기자차인데 발림성까지 좋다?
6046,yt_comment,youtube,,답답무거움,불만,0,2026-08-17,2026-08,YP7XpR-p7as/UgztSkiee_5oMWmDvIR4AaABAg,피부가 예민해서 선크림 진짜 아무거나 못 바르는데 무기자차는 바르면 너무 건조해서 피부 오돌토돌 올라오고 가렵더라구요 ㅠㅠ
6047,yt_comment,youtube,,백탁,만족,0,2026-08-16,2026-08,YP7XpR-p7as/Ugyxot7_R6a31hvTnTx4AaABAg,으악 백탁 현상 있는 선크림은 절대 절대 못 바르는 사람으로서 백탁도 없고 촉촉한 에스트라 더마 선크림 넘 넘 기대되어용 !!
6050,yt_comment,youtube,,건조,불만,0,2026-08-16,2026-08,YP7XpR-p7as/UgyHUKVtwVFb74CKtlV4AaABAg,아니 제가 트러블 피부이고 붉은기가 잘 올라오는 편인데 썬크림을 바르면 뭔가 피부가 뜨고 건조해지는 느낌들긴했는데 이 썬크림은 그 다른 썬크림들의 단점을 잡고 있네요!!
6051,yt_comment,youtube,,백탁,불만,0,2026-08-17,2026-08,YP7XpR-p7as/UgzLjM0VKHuF3RxN3L94AaABAg,백탁때문에 무기자차 선크림을 써본적이 없는데 제게 너무 필요해요!
6053,yt_comment,youtube,,건조,불만,0,2026-08-17,2026-08,YP7XpR-p7as/UgzZT-xk2n1D4LWVEp14AaABAg,"민감성 아토피 건성이라 유기자차는 아예 못바르다보니, 선크림 바르기전에 별짓을 다해도 두세시간 지나면 너무 건조해서 집에 가고 싶은 맘이었는데 괜찮다니 궁금해요."
6054,yt_comment,youtube,,끈적유분,불만,0,2026-08-21,2026-08,YP7XpR-p7as/UgxRCXyfS8dYphIjdE94AaABAg,요즘에 스믈스믈 날씨가 애매하게 더워서 아직도 유분 올라오고 피부가 예민해서 스트레스였는데 에스트라 무기자차 선크림이라니 너무 기대돼요🩵 민감성 피부면 에스트라 기초들 무조건이잖아요✨️ 보통 무기자차는 성분은 순하지만 발림성이 안좋아서 메이크업 전에는 안 쓰게 되는데 무기자차인데도 화잘먹에 뻑뻑하지 않고 부드럽게 발린다고 해서 써보고싶어요💞 백탁 없는 자외선 차단에 피부 속수분까지 가득 채워준다니 너무 기대돼요☀️ 피부가 예민한 편이라 선크림 덧바르면 간지러워서 그냥 안 덧바르고 흐린눈 했는데 순하고 지속력도 좋은데 허얘지지 않아서 너무 좋아요🧡
6057,yt_comment,youtube,,지속력워터,만족,1,2026-05-22,2026-05,bTuCz-RiMZY/UgyBOOyN5BNayeKvuyZ4AaABAg,썬크림 바르고 화장하면 썬크림이 지속 되어서 덧바를 필요가 없나요?
6058,yt_comment,youtube,,답답무거움,불만,0,2026-05-22,2026-05,bTuCz-RiMZY/UgwCljGH4m9MvWcnSUh4AaABAg,팔다리에 선크림 바르기는 너무 무거워서 스프레이 뿌릴까 고민했는데 그건 너무 휴대하기 힘들기도 하고 가스가 나와서 선미스트 쓰려하는데 선크림만큼의 효과가 있는지 모르겠어요ㅜㅜ
6062,yt_comment,youtube,,트러블,불만,0,2026-07-22,2026-07,zyjnDzqJIRA/UgwqxwEIfkcNRB06x314AaABAg,트러블용 파데프리로 쓸 톤업되는 선크림 추천해주실수있나용??
6066,yt_comment,youtube,,트러블,만족,11,2026-06-22,2026-06,OCFDA6BStxY/UgyMvUh3ZOLTaVo-35l4AaABAg,가져와주셔서감사드려용 아직도 선크림 정착못한 ㅠㅠㅠㅠ근데 무조건 발라야된다고생각했는데 너무 여드름 심하면 안발라도된다고 말씀주셔서 감사해요
6067,yt_comment,youtube,,트러블,불만,11,2026-06-22,2026-06,OCFDA6BStxY/UgyMvUh3ZOLTaVo-35l4AaABAg,진짜 선크림 찾느라 돈버리고 여드름심한데 또뒤집어지고이러는게 넘힘들었어요 ㅠㅠ그냥 잘 가리고다닐래요ㅠㅠㅠㅠㅠㅠㅠㅠㅠㅠ
6068,yt_comment,youtube,,끈적유분,만족,1,2026-06-22,2026-06,OCFDA6BStxY/Ugygm45gYQi-G0JZpu54AaABAg,닥터지가 잘 맞기만 하면 여름에 유일하게 번들거리지 않는 선크림인 것 같아요!
6069,yt_comment,youtube,,끈적유분,불만,1,2026-06-22,2026-06,OCFDA6BStxY/Ugygm45gYQi-G0JZpu54AaABAg,구달 달바는 비타민 세럼이랑 미스트도 그랬지만 선크림도 너무 번들거리고 따갑더라구요ㅠㅠ
6070,yt_comment,youtube,,눈시림,만족,6,2026-06-22,2026-06,OCFDA6BStxY/UgxOFvJ5ayhHaQKiFvN4AaABAg,닥터지 선크림 무기자차 라고 해서 샀는데 무기자차 답지 않은 눈시림과..
6071,yt_comment,youtube,,눈시림,만족,8,2026-06-22,2026-06,OCFDA6BStxY/UgyZpNoEX3jEdXv2L1J4AaABAg,구달 선크림 4-5년째 쓰고 있는 사람입니당 눈시림 전혀 없고 피부 하나도 안 타용 13-15호 정도 피부 계속 유지중입니다
6072,yt_comment,youtube,,자극따가움,불만,1,2026-06-22,2026-06,OCFDA6BStxY/Ugzd-Ys_ATntlpe9PMJ4AaABAg,얘도 무기자차이긴 한데 찾아보니까 유기자차 성분이 포함되어있긴 하네요…유기자차 쓰면 피부염이 너무 심해지고 따갑고 얼굴에 열이 올라서 못 써서 무기자차만 쓰는데 무기자차임에도 불구하고 발림성 좋고 백탁이 엄청 심하지도 않고 피부염 앓고 있어서 피부가 엄청 예민하고 민감한데 유일하게 잘 쓰고 있는 선크림이에요!!!
6074,yt_comment,youtube,,답답무거움,불만,0,2026-06-22,2026-06,5R860STESw8/UgwraW_P3T1G_IcCx-d4AaABAg.AX_Q8WD-R0VAYBeajSEOvx,@g @gyulbbang  선크림무거운거나 화장무겁게한날은 폼써주시면 좋은데 평소에는 밀크로 세안하고 물로 러빙하고 헹궈내시구!!!!
6077,yt_comment,youtube,,트러블,만족,126,2026-05-22,2026-05,mgL5TUuFhqA/UgzF8jYUiukPdUF9goB4AaABAg,선크림 2차세안용으로 쓰는데 잘지워지고 피부 뒤집어진 적 없네용
6082,yt_comment,youtube,,끈적유분,불만,0,2025-12-22,2025-12,k7a-gWVhhnk/UgyIewbQStRkS5ZXmAx4AaABAg.AQz-iUGDM1jAQzzZOIkvMG,✔️평소 / 선크림만 바른 날 → 약산성 폼 or 클렌징밀크 외 1차세안제 ✔️ 메이크업 진한 날·각질/유분 많이 느껴질 때 → 주 1~2회 약알칼리 이렇게 번갈아 쓰는 게 가장 안정적입니다 😊
6083,yt_comment,youtube,,트러블,불만,14,2026-02-22,2026-02,oCLG7k55Eq8/UgwW0H4fo_STu-BClZh4AaABAg,선크림만 바르면 트러블 올라오는 편이라 “TOP5로 정리”해주신 게 진짜 속 시원했어요 ㅋㅋ
6084,yt_comment,youtube,,건조,만족,14,2026-02-22,2026-02,oCLG7k55Eq8/UgwW0H4fo_STu-BClZh4AaABAg,선크림 바른 날 저녁엔 바데콜린 앰플을 얇게 넣고 보습만 잡아주면 다음날 당김이 덜한 느낌이라 루틴으로 같이 묶어서 해보려구요 😊
6085,yt_comment,youtube,,트러블,만족,2,2026-05-22,2026-05,oCLG7k55Eq8/UgxRv4i_zcyWVWrEhkt4AaABAg,와 선크림만 바르면 맨날 뒤집어져서 거의 포기 상태였는데..
6086,yt_comment,youtube,,트러블,불만,0,2026-07-22,2026-07,oCLG7k55Eq8/Ugy6wZzGR1bp5kkPujx4AaABAg,와 이제야 왜 선크림 바꾸니까 피부가 뒤집어졌는지 알겠어요
6087,yt_comment,youtube,,트러블,불만,0,2026-05-22,2026-05,oCLG7k55Eq8/UgzoaJOq0Uhoo0Sw1dB4AaABAg,저는 피부과에서 너무 악건성인데 뭐가 나는 이유가 피지 때문이 아니라 선크림 잘못 바르거나 기초 포함해서 뭘 잘못발라서 트러블이 생기는거라고 하더라고요.
6088,yt_comment,youtube,,트러블,불만,0,2026-05-22,2026-05,oCLG7k55Eq8/Ugyfv-iSHJv8fEQkya14AaABAg,유기자차는 제가 트러블이 잘나는 피부라 특히나 여름에는 쓰기가 꺼려져서 선크림을 도대체 뭘 써야할지 모르겠어요.
6089,yt_comment,youtube,,건조,만족,0,2026-05-22,2026-05,oCLG7k55Eq8/Ugyfv-iSHJv8fEQkya14AaABAg,에뛰드도 그렇고 무기자차중에 수분감 많다는 제품 많이 써봤는데 아직 만족스러운 제품을 못만나서 선크림 유목민인데 추천해주신거 말고도 건조해지지않는 무기자차 추천 좀 해주세요 ㅠㅠ
6090,yt_comment,youtube,,건조,불만,0,2026-06-22,2026-06,oCLG7k55Eq8/UgwwcVmABUIs3Bn8r_94AaABAg,출근할때 바로 나가야하는데 유기자차는 시간이지나야 효과가잇고 무기는 너무 건조한느낌이라면 혼합자차는 좋은선택인지 아니면 유기와 무기 선크림 각각 섞어 발라도되는건지 그럴땐 유기를 먼저바르고 무기를 발라야하는게맞는지?
6091,yt_comment,youtube,,눈시림,만족,0,2026-07-22,2026-07,oCLG7k55Eq8/UgwihRKRnBRkcYvqjkB4AaABAg.AZ3Uc3m0AgvAZTasLvd07J,눈시림없는 선크림 더 찾아볼게요
6092,yt_comment,youtube,,기타불만,불만,1,2026-08-08,2026-08,aOJkLt41HFo/UgxbbRkRKtNhdgmSN8B4AaABAg,AHC 선스틱 진짜 시원하고 산뜻한데 1도 안묻어나요 ㄹㅇ 원래 유명한건 까만옷에 좀 묻어나서 별로였는데 저 쿨링은 ㅈㅉ 바르고 겁나 비벼도 안묻어남
6093,yt_comment,youtube,,답답무거움,만족,2,2026-08-14,2026-08,3ey-hWhdpaU/Ugxx-xjVHdIy164NM5l4AaABAg,"저도 목에 자외선 차단제 바르기 답답해서 안 바르다가 목주름 잡혀서 부지런히 관리해서 겨우 없앴는데, 유이크 선스틱 목 관리용으로 딱일 듯요"
6094,yt_comment,youtube,,트러블,불만,0,2026-08-08,2026-08,deW65aCxNf4/Ugzk07r3LG2AnwzMyat4AaABAg,웅니 팩토 후에 세럼 말고 파티온 트러블 크림 바르고 선크림 바르고 화장해도 괜찮을까여 ?
6096,yt_comment,youtube,,끈적유분,불만,0,2026-08-01,2026-08,oRey2f9U740/Ugxj6Stn-wLy6yU71OB4AaABAg,걍 선크림 유분기 싫어하시는 분들 이거에요
6097,yt_comment,youtube,,눈시림,만족,1,2026-06-22,2026-06,gn_b2reNryA/UgwDLRADmZ34ExU3IF54AaABAg,비플레인 선크림 눈시림 없어서 너무 좋더라구요!
6099,yt_comment,youtube,,기타불만,불만,1,2026-06-22,2026-06,rhQrmiA_t-Q/Ugz8oks5wNHtpAYFhFl4AaABAg,울 엄마에게 사준 선크림이 아주 별로였구나..
6105,yt_comment,youtube,,향,만족,13,2026-06-22,2026-06,rhQrmiA_t-Q/Ugwwyd9AUYBK-XnfYHJ4AaABAg,턴 결과 냄새ㅎ안나는 선크림 딱 두개있었는데 하나가 비플레인...
6106,yt_comment,youtube,,트러블,불만,27,2026-06-22,2026-06,rhQrmiA_t-Q/Ugx0UmXTmiMdEcFZrEh4AaABAg,이즈앤트리 개쌉추천 파워지성 여드름 기름 좀 끼면 바로 트러블나는 피부인데 이거 화장 전에 바르고 좀 매트한 쿠션 두드리면 레전드 조합임 지성분들 그냥 화장전에 로션바르지말고 선크림을 로션대용으로 쓰십셔 우린 에센스 바르고 선크림 바로 바르고 화장해도 ㄱㅊㄱㅊ 남자분들도 이게 진짜 산뜻해서 쓴사람 다들 나 따라삼 ㅋㅋ
6108,yt_comment,youtube,,끈적유분,불만,2,2026-06-22,2026-06,rhQrmiA_t-Q/UgzVYKMoJw1bzuEcErh4AaABAg,아 달바 선크림 진짜...너무 번들거려서 엄마줬어요...ㅋㅋㅋㅋㅋ...달바 미스트도 너무 번들거림...그..더하..루?나이인가 그 미스트 좋아요
6110,yt_comment,youtube,,밀림,만족,1,2026-06-22,2026-06,rhQrmiA_t-Q/Ugygl7QkSRReMquBdEx4AaABAg,메디힐 선크림 손가락 2마디 정량 발라도 밀림 현상 없었나요?
6113,yt_comment,youtube,,끈적유분,만족,0,2026-07-25,2026-07,rhQrmiA_t-Q/UgwdWIelDYCdm18_UDZ4AaABAg,바디에 바르기 좋은 안끈적거리고 안촉촉한 선크림이요 ㅠ
6114,yt_comment,youtube,,끈적유분,불만,0,2026-08-01,2026-08,rhQrmiA_t-Q/Ugw8x55bRsip6SI5S6t4AaABAg,제가 코만 번들거리고 나머지 부분은 건조한데 특히 인중이랑 턱밑이 많이 건조한 편이라서 너무 뻑뻑한 제형이나 매트한 제형을 바르면 속건조랑 겉에 화장이 뜨는 그런 피부라 촉촉한 선크림만 바르는데 이 재품 좋긴한데 수부지인 제가 썻을 때도 좀 건조한 감이 느껴져서 건성이신 분들께는 비추해요 ㅠ
6115,yt_comment,youtube,,끈적유분,불만,1,2026-06-22,2026-06,rhQrmiA_t-Q/Ugw5Nh2lZ4e1_PijVcR4AaABAg,언니 저 진짜 극지성에 번들거리는거도 싫어하는데 요거 보고 선크림 잘 구매할 수 있을거 같아용..💕💕
6116,yt_comment,youtube,,트러블,만족,2,2026-06-22,2026-06,MTCz1h5WLIY/UgxN8R7D_b1ba8kKG-J4AaABAg.AWWJiDbDKWkAXaC2jWk0pD,지금 블랑네이처 쓰고 있는데 트러블 안나는건 정말 좋지만 얇게 발려도 너무너무너무 얇게 발려서 아무리 두드려도 거의 톤업 선크림 바른 수준으로 커버력이 좋진 않아요 ㅠㅠ
6117,yt_comment,youtube,,끈적유분,만족,4,2026-05-22,2026-05,QLNcXivf4bA/Ugw5osngF_xv-AObt8B4AaABAg.AWQmehc2JYaAWTVg6tpfvh,절대 억지로 짜내지 말고 기름지지 않고 수분감 잘 충전해주는 기초 발라주고 외출할때 선크림 꼭꼭 발라주기!
6119,yt_comment,youtube,,기타불만,불만,0,2026-08-01,2026-08,8jQ12QsO16c/UgzfsuQtcIbgXzyo0M94AaABAg.AVs3NLPqnAYAZuvU8nUkPW,브링그린토너-토리든앰플-비플레인선크림-헤리실키파데-넘버즈인파우더 각 단계별로 흡수 최소 3분은 해주고 파우더 양조절해서 올려보세요
6121,yt_comment,youtube,,끈적유분,불만,0,2026-07-25,2026-07,_w1qKQehNvc/UgyVk49XPwuq_RnhtvR4AaABAg,판테놀리페어시카크림(좋음)라로슈포제B5(이건제가지성인데 잘못삼.완전별로) 더마팩토리 트라넥삼산크림(너무끈적이고 이상) 디오디너리 나이아산아마이드10.징크1.레티노이드(별루) 셀퓨전시 수분크림(좀조음) 위치하젤토너 >> 지금 2가지 마음이 잇어요 1.좀더 빨리 좋아지구 싶어서 디오디너리 알부틴2%매트락실10%나 코스알엑스알파알부틴.트라넥산삼세럼 을 사서 추가할까 고민중(잘 몰라서 고르질 못하구 잇어요) 2.그냥 순수비타.기미흔적.레티놀.재생크림만 발라도 되지않을까 싶기도 하고 (기미흔적에 나이아산등 여러가지 있여서) 저는레이어랩의 순수비타와 기미흔적.레티놀.선크림은 메인으로 계속 바를예정이구요
6122,yt_comment,youtube,,건조,불만,1,2026-08-01,2026-08,_w1qKQehNvc/UgyVk49XPwuq_RnhtvR4AaABAg.AZ_Ztxqj_WEAZlFL8OYZ8f,저도 피부는 한 번에 좋아지는 것이 아니라 몇 달 동안 꾸준히 관리하면서 조금씩 변화하는 것이라고 생각해요.😊 판테놀 크림은 가을이나 겨울처럼 피부가 건조해지는 시기에 추가하시면 훨씬 만족도가 높으실 것 같습니다.그리고 지금처럼 자외선 차단만 잘 해주신다면 현재 루틴만으로도 충분히 좋은 방향으로 가실 가능성이 높아요.환골탈태라는 표현까지 써주시고 응원해 주셔서 정말 감사합니다.
6123,yt_comment,youtube,,용량가격,만족,0,2026-05-22,2026-05,uZiST37zOLs/UgzuEoC-QtVn5y4ds1R4AaABAg,어제 올리브영에서 기미색소침착세럼 4병 구매했는데 영상보고 무신사에서 세트 가격이 너무 좋아서 추가 구매했네요❤️ 레이어랩 썬크림 고민만 하고 한번도 안써봤는데 기대됩니다!
6125,yt_comment,youtube,,색상어두움,불만,0,2026-05-22,2026-05,0k9yAXdFGJw/Ugwdzk5KALc3EKTbGMp4AaABAg,그런데 비타민씨바르고 무기자차 썬크림 바르니까 노랗게 옷이며 다
6127,yt_comment,youtube,,용량가격,불만,0,2026-04-22,2026-04,ERh36IJ0PzI/UgxfHofgbj84YMnrPxF4AaABAg,이번에도 순수비타민이랑 썬크림 구매했는데 아쉬운점이 순수비타민 용량이 줄어들어서 눈물흘리더라구요😅 2세트한에 저렴하게 잘 구매했지만...소비자입장에선 아쉬웠습니당 😢
6128,yt_comment,youtube,,트러블,불만,1,2026-04-22,2026-04,ERh36IJ0PzI/Ugy3_6fItSrcxBJEDeZ4AaABAg,"레에어랩 기미색소침착세럼, 비타민c 출시되었을 때부터 꾸준히 사용하고 있고, 선크림도 꾸준히 권장량대로 잘 바르고 있는데 최근에 기미가 더 올라왔어요"
6130,yt_comment,youtube,,자극따가움,불만,0,2026-03-22,2026-03,myIIETc_fok/UgyQv48Mu_z82pbsfaZ4AaABAg,저 썬크림에 대해서도 알려주셨으면 좋겠습니다ㅠㅠㅠ저는 지금 거의 30대가 되어가고 있는데 썬크림을 못쓰고 있어요ㅠㅠㅠㅠ무기자차든 유기자차든 집에서는 발라도 괜찮은데 밖에만 나가면 간지럽고 붉게 달아올라서 못쓰겠습니다ㅠㅠㅠ제발 살려주세요ㅠㅠㅠ
6132,yt_comment,youtube,,트러블,불만,0,2026-02-22,2026-02,wNz2hfygbic/UgyQjyTvXzdXDGlVYJp4AaABAg.ASlWVYGwM_lASn4j_uKduO,"화장도 하지않고 저는 출퇴근 시간도 10분내외고 하루종일 실내에 있어서 썬크림도 잘 바르지 않습니다😂 (썬크림을 바르면 트러블나고, 지울때 장벽 손상이 더 심해서 바르면서 얻는것보다"
6133,yt_comment,youtube,,지속력워터,만족,1,2026-04-22,2026-04,qSHPCBov-qM/Ugy8_jaLPH1M_0Ukqp94AaABAg,제이나님♡ 썬크림 2가지 너무너무너무 잘 쓰고있는데 오후에 수정용으로 바를 때 조금 불편해서 빈 쿠션 용기에 덜어서 사용해도 될까요?
6137,yt_comment,youtube,,발림텍스처,만족,0,2026-01-22,2026-01,QIjre0vIIZ8/UgyIEgVTwJcGLbyTFGx4AaABAg.ARvYfjQWJbCARwT5hmeun8,"하지만, 판테놀세럼, 판테놀인텐시브크림은 쟁여두고 사용하겠다고 함) 제이나님 레티놀은 발림성좋고, 이번 신제품은 더 좋다고 하니 구매했어요~~.분홍색 선크림은 약간의 광과함께 피부표현이 예쁘게되어 좋아요~^^ 저는 40대후반인데 모공도 좀 줄어들고, 친구들 만나면 피부좋아졌다고해요."
6138,yt_comment,youtube,,트러블,불만,0,2026-01-22,2026-01,rLLW1liLE6o/Ugw020T8vgnAfhirjfp4AaABAg,"심지어 피부도 맑아졌어요😮😮❤ 클렌징오일,선크림도 얼른 입점해주셔요🫡🫡신기한게 살아오면서 트러블날까 뭐든 콩알안큼만발랐는데 요근래에 듬뿍발랐는데 진짜 필요한것만 쏙먹고 불필요한건 뱉어내더라고요..😮아침에 좀 개운하게 씻어내면되더라고요,막 ㅇ트러블 심한 지성분들 아니면 너무 겁내지마세요..평생 지성인줄알았던 건성이였나싶을정도라니까요😮😮"
6139,yt_comment,youtube,,답답무거움,불만,0,2025-11-22,2025-11,UK6IrPRTr7I/UgzShHdXPODOIy1Y1t14AaABAg,"제이나님, 레이어랩 모든제품 사용해 보았는데 제기준 베스트5는 판테놀세럼,S-판테놀크림, 하얀색 썬크림,히알루론산,클렌저입니다.이 다섯개는 평생 쓸꺼같아요ㅎㅎ개인적인 생각이지만 S판테놀은 보습크림에 재생크림이 합해진 느낌이라 가을,겨울 건조할때 두껍게 바르고 자면 아침에 피부컨디션이 엄청 좋더라구요."
6140,yt_comment,youtube,,트러블,불만,0,2025-11-22,2025-11,UK6IrPRTr7I/UgzShHdXPODOIy1Y1t14AaABAg,분홍색썬크림 트러블나서 중지 하였는데 하얀색썬크림은 쓰면쓸수록 좋다고 느껴요.
6142,yt_comment,youtube,,건조,불만,0,2025-11-22,2025-11,UK6IrPRTr7I/UgyvqfoJ0bJ9o_UghSJ4AaABAg,썬크림 바르고 시간지나 건조하면 썬크림위에 판테놀크림발라도 되나요??😊
6147,yt_comment,youtube,,자극따가움,불만,0,2025-11-22,2025-11,EzQ7kP_kvhY/UgxwOynYyTB21nYzOGJ4AaABAg,"수부지+홍조 피부라서 콜세지크림 사용 중인데, 판테놀 세럼 바른 후에 콜세지 바르면 항상 하얗게 밀리는 현상이 있고, 그 위에 레이어랩 선크림 바르면 약간의 뭉침도 있더라구요ㅠ"
6148,yt_comment,youtube,,용량가격,만족,0,2025-11-22,2025-11,B-f8b_VbJQk/Ugxpf_RMKdkZ98dUWvt4AaABAg,저번에 선크림 작은 용량 증정 이벤트했던건 또 없나요?
6150,yt_comment,youtube,,자극따가움,불만,0,2026-06-22,2026-06,tyrNwnI9y6E/Ugz7V4d2fq41gBHiEXh4AaABAg,레티놀 제품 너무 좋아하는데 다음날 아침에 폼클렌징으로 세안 맨날하니(안하면 기미생길까바)피부장벽이 약해져요(선크림바를때 피부 따가울때가 있어요)ㅠ어떻게하면 좋을지 조언주시면 감사하겠습니다!!ㅠㅜ
6152,yt_comment,youtube,,답답무거움,불만,2,2025-10-22,2025-10,hzAjsiDJfnM/UgxcJOWX91Qzj2jO3SN4AaABAg,선크림이 무거운것 같아 조금 아쉬웠어요
6153,yt_comment,youtube,,답답무거움,만족,0,2025-08-22,2025-08,6a0QPppHscs/Ugw3rFum5uUkjoy-K1t4AaABAg,"얼굴은 선크림 바르는 데,목이나 팔에는 끈끈하고 답답해서 안바르거든요 ㅠ😢 선스틱타입으로 제품 출시했으면 좋겠다는~❤그리고 밑에 댓글 달아주신 분처럼 재생비비도 추천영상 만들어주세여요😊"
6154,yt_comment,youtube,,트러블,불만,0,2025-08-22,2025-08,RfM8WX8ALq4/UgwM5rd2hC_Xk7jKbTl4AaABAg,저는 아떼 무기자차를 잘 쓰고 있었는데 레이어랩 핑크 선크림(혼합자차맞죠?)을 바르면 트러블이 생깁니다.
6155,yt_comment,youtube,,트러블,불만,0,2025-08-22,2025-08,RfM8WX8ALq4/UgxV5QYLaTWOQyfS3R14AaABAg.ALAY-yscuvaALAmTITfnBD,저두 선크림 트러블나서 고생했네요ㅜ
6156,yt_comment,youtube,,눈시림,불만,1,2025-08-22,2025-08,3al9yHWtvnY/UgxX0p0wncxGpub7Lg14AaABAg,야외에서 일하느라 너무 힘든데 그와중에 선크림을 바르면 이마부터 땀이 흐르면서 눈이 시려서 미쳐버릴것같아서 선크림도 못바르고있어요ㅠㅠ
6159,yt_comment,youtube,,트러블,불만,1,2025-08-22,2025-08,womXF2FqUss/Ugyjqud6oU74dn0edzJ4AaABAg,"폼클렌져를 입문으로 해서 판테놀세럼 출시됐을때부터 꾸준히 발랐거든요..제가 피부염이 자주올라오는 민감피부인데 판테놀세럼바르면서 피부염이 아예 안올라왔었어요ㅠㅠ감격,,그런데 여름이 오고 더워져서 판테놀세럼 쉬고 몇주 다른거발라줬더니 다시 피부염이 올라온거에요,,,그래서 부랴부랴 쟁여둔 판테놀세럼 꺼내서 며칠 열심히 발라줬더니 피부염이 쏙 들어갔습니다,,,이런 화장품은 처음이에요ㅠㅠ너무감사해요ㅠㅠ저한테 너무 잘맞나봐요♡ 이번세일때도 쟁여뒀어요~판테놀세럼은 진짜 없어서는 안돼요ㅜㅠ제이나님 영상보고 클렌징부터해서 스킨케어에 대해 완전 신세계를 만난 느낌이에요♡민감피부라 레이어랩제품은 폼클렌져, 판테놀세럼, 퍼스트세럼, 선크림만 사용했는데 이번세일때 비타민씨랑 기미흔적세럼, 레티놀도 구입해봤어요♡ 제이나님 영상보면서 잘 공부하고 사용해볼께요😊크라이오소닉도 사보려구여..제이나님 넘 감사해요ㅠㅠ저의 피부구원자...🫶🏻"
6161,yt_comment,youtube,,자극따가움,불만,0,2025-08-22,2025-08,NDnkILsmMkU/UgyCx3GJmvPA05h81ZN4AaABAg,"지루성피부염에 선크림을 바르면 2중세안을 강하게 하지않는데도 며칠동안 찢어질듯한 건조함,따가움,가려움 이 있어요 😢 잘지워지는 선크림을 사용하라고 하는데 ..무기자차?유기자차?어떤게 좋을까요?민감피부는 무기자차 좋다고하는데..무기자차는 잘 안지워지고 유기자차는 잘 지워지는게 맞는건가요?(레이어랩 제품으로 답변 부탁드립니다..레이어랩 선크림 구매했는데 지루성피부염때문에 무서워서 못쓰고있어요😢)"
6162,yt_comment,youtube,,건조,불만,0,2025-08-22,2025-08,NDnkILsmMkU/UgwMDwSNNotOTCdnKZ14AaABAg,"제이나님, 선크림만 바르고 다니는데 회사에서 건조해요...."
6163,yt_comment,youtube,,트러블,불만,0,2025-08-22,2025-08,7zYxxNtG6fk/UgwrtVulULqfFNRFFAN4AaABAg,예민 트러블 피부라 혼합자차 선크림 처음 사용하며 걱정했는데 웬걸~진짜 넘 맘에 들어요
6164,yt_comment,youtube,,눈시림,불만,0,2025-08-22,2025-08,7zYxxNtG6fk/UgwgSYNhAxf03wMgE7B4AaABAg,샀는데 저는 오렌지색 선크림 바르면 눈시림이 너무 심해서 못쓰고 있어요 ㅜ
6166,yt_comment,youtube,,끈적유분,불만,0,2025-08-22,2025-08,m70dz9hglsc/Ugy_bao0QkrbJVMx7Cx4AaABAg,개기름으로 인한 트러블 때문에 선크림은 가급적 잘 안 발라서요…ㅠㅠ
6168,yt_comment,youtube,,트러블,불만,0,2026-03-22,2026-03,J0_rjfHnE8A/UgzR4B1xaZYRWIlLJRZ4AaABAg,말씀대로 에스쁘아 썬크림 사서 써봤는데 바로 트러블 올라와서 버렸네요
6170,yt_comment,youtube,,눈시림,만족,0,2026-03-22,2026-03,J0_rjfHnE8A/Ugz-X8uAEHtSyF6p_G54AaABAg,에스쁘야선크림 눈시림은없나요?
6171,yt_comment,youtube,,눈시림,만족,0,2026-02-22,2026-02,OAVzWWIzosM/Ugwx2H1wnCOsBBpy2V14AaABAg,선크림 눈 시림 없나요?
6172,yt_comment,youtube,,끈적유분,만족,0,2026-02-22,2026-02,OAVzWWIzosM/Ugyibxk290Jn-Wi2K_F4AaABAg,선크림부터 파데 바르면 끈적임 없어요?
6173,yt_comment,youtube,,톤업색상,만족,0,2025-12-22,2025-12,lFZKUi6qlcM/UgxR3_6vP8nFfqGPk3p4AaABAg,또님덕에 크림도 써보고 싶어 앰플4병이나 있는데 또 구매햇어요 ~피부톤이 맑아져 너무 좋아요.오쏘타민 6개월정도 사용후 썬크림만 바르고도 충분해요.
6175,yt_comment,youtube,,트러블,만족,0,2026-08-11,2026-08,RxIebNLsBWk/Ugy-MhGPs2ITNhCgFmR4AaABAg,"💙선크림 좋아, 노화싫어💙 선크림만쓰면 뒤집어져서 답없었는데 너무기대되네요"
6176,yt_comment,youtube,,용량가격,만족,0,2026-08-11,2026-08,RxIebNLsBWk/UgxKSSCpPs1gxGmvKix4AaABAg,"💙선크림 좋아, 노화 싫어💙 연주님 추천으로 좋은 가격에 구매할 수 있었어요!"
6177,yt_comment,youtube,,백탁,만족,1,2026-08-11,2026-08,RxIebNLsBWk/Ugxf7nFJ7mm37-Ee0AZ4AaABAg,백탁 없고 보송한 마무리 선크림 찾다가 바로 구매했어요 !
6179,yt_comment,youtube,,끈적유분,불만,2,2026-08-11,2026-08,RxIebNLsBWk/UgyElM1XXhe317WsJAR4AaABAg,선크림 이것저것 써봤는데 너무 미끌거리거나 건조하거나 그랬었는데 이건 전직 화장품 연구원이셨던 연주님 믿고 구매했어요ㅎㅎ
6182,yt_comment,youtube,,향,만족,0,2026-08-11,2026-08,RxIebNLsBWk/UgzPmt3m9BYe1XsTZNN4AaABAg,썬크림 바르면 너무 느낌이 이상하고 냄새도 별로라 잘 안쓰는데 이 제품은 얼른 와서 사용해보고 싶네요!
6183,yt_comment,youtube,,자극따가움,불만,0,2026-08-11,2026-08,RxIebNLsBWk/UgxwWNAmgfU5xyL6cl94AaABAg,"💙선크림 좋아, 노화 싫어💙 선크림 매일 바르면 피부 따가운 민감성 여기요ㅜ"
6184,yt_comment,youtube,,용량가격,만족,0,2026-08-11,2026-08,RxIebNLsBWk/UgzZEBlzoT6GFAMXkvx4AaABAg,"💙선크림 좋아, 노화 싫어💙 요새 선크림의 중요성을 깨달아서 꼼꼼하게 선크림 바르고 있숨당 양도 정량바르려고 노력중이고ㅎㅎㅎㅎ좋은가격으로 이번에 겟했어용 고마워여 쿡연듀🥹🩷"
6188,yt_comment,youtube,,백탁,불만,0,2026-08-11,2026-08,WsSTxUngVZw/UgztjUb0u5GjWehfkvd4AaABAg,무지자차 선크림만 사용하는 사람으로 적당한 백탁 있는 선크림 찾고 있던 사람으로 이번에 기대 되네요!!
6190,yt_comment,youtube,,트러블,불만,0,2026-08-15,2026-08,WsSTxUngVZw/UgxZvHv9YcAsVl_i56B4AaABAg,일단 첫 사용후기는 이렇습니당 저는 선크림 바르면 무조건 뒤집어져서 이부분만 해결되면 종신선크림 갈거에요
6192,yt_comment,youtube,,끈적유분,불만,0,2026-08-10,2026-08,WsSTxUngVZw/Ugy-jGPdyQdgj7SyVut4AaABAg,백탁 싫어서 세럼형태 선크림을 써왔는데 어떤 선크림을 써도 때처럼 밀리고 기름지고 해서 쿠션만 썼었어요..
6195,yt_comment,youtube,,트러블,만족,0,2026-08-10,2026-08,WsSTxUngVZw/UgwH7QoocRyjhq_K3rp4AaABAg,"감사해용 이 선크림도 열심히 따라 발라볼게용!🎉🎉🎉 연주님덕에 예민한 피부인데도 세안법, 기초바르는 법 등 따라하고 나니까 바로 트러블도 싹 없어지고 피부 엄~~~청 좋아졌어요!!"
6196,yt_comment,youtube,,건조,불만,1,2026-08-10,2026-08,WsSTxUngVZw/UgzT9hEAscTUKp-14Vd4AaABAg.A_InSECtEcsA_JTF1BdNUb,선크림을 바르면서 건조하시면 크림미스트를 활용하시는 걸 적극 권장드리고 있어요.
6197,yt_comment,youtube,,건조,만족,1,2026-08-10,2026-08,WsSTxUngVZw/UgzT9hEAscTUKp-14Vd4AaABAg.A_InSECtEcsA_JTF1BdNUb,화-수요일쯤에 건조하지 않은 선크림 바르기 전 스킨케어 숏폼 준비하겠습니다!
6198,yt_comment,youtube,,백탁,만족,0,2026-08-10,2026-08,WsSTxUngVZw/Ugw8swydKOJBq_fUU8J4AaABAg,선크림 필요했는데 감사해여 언니 백탁현상 눈시림 현상 없나요
6199,yt_comment,youtube,,백탁,불만,0,2026-08-10,2026-08,WsSTxUngVZw/Ugw8swydKOJBq_fUU8J4AaABAg,남편이 선크림은 백탁현상 눈시림 때문에 선크림을 안발라요 ㅠㅠ
6200,yt_comment,youtube,,눈시림,만족,2,2026-08-10,2026-08,WsSTxUngVZw/Ugw8swydKOJBq_fUU8J4AaABAg.A_J6A9FUOzbA_JTREUlMKR,해당 선크림은 눈시림은 없었고 눈시림 일으킬만한 성분 또한 없어요.
6203,yt_comment,youtube,,끈적유분,불만,0,2026-08-09,2026-08,M5JwhX1Y6Rg/UgyPNeXk6GSNoygmFnl4AaABAg,"진심 썬크림 바르면 너무 힘듬 간지럽고, 기름지고, 한20개는 넘게 발라봤는데 모공부자인 나는 스킨로션 수분크림만 발라도 얼굴이 무거운데ㅠㅠ"
6205,yt_comment,youtube,,끈적유분,불만,1,2026-08-08,2026-08,M5JwhX1Y6Rg/UgyaJNtbMoWtc8sl7IB4AaABAg.A_D-eXRI9jYA_EFeHTZC5i,우리 엄마도 끈적거리는 거 싫어해서 선크림 안 바르는데 할머니가 된 지금까지 피부 좋다랑 사람들이 항상 10살 이상은 젊게 봐요
6207,yt_comment,youtube,,기타불만,불만,0,2026-08-08,2026-08,UsQtP5Cp4Qg/Ugyi7Uqk0bgg36ksLwJ4AaABAg.A_7l_y5uE3vA_8XrOJ5rC5,아떼선크림 써보고 너무 실망해서 원래 사용하던 애스트라선크림으로 돌아가야겠다~고 하고있었어요!
6208,yt_comment,youtube,,건조,불만,0,2026-08-08,2026-08,UsQtP5Cp4Qg/Ugyi7Uqk0bgg36ksLwJ4AaABAg.A_7l_y5uE3vA_B6Iq_pPez,"썬크림 유목민… 썬크림만 바르면 너무 건조해서 매번 바를지말지 고민하는데,,, 요"
6209,yt_comment,youtube,,자극따가움,불만,1,2026-08-08,2026-08,UsQtP5Cp4Qg/UgwAqvIzVgCHPWepYpB4AaABAg,요새 선크림만 발라도 얼굴이 따가울정도로 예민해졌는데 연주님이 추천해주시는 선크림이라니 너무 궁금하네요.
6210,yt_comment,youtube,,끈적유분,불만,0,2026-08-10,2026-08,UsQtP5Cp4Qg/Ugzr7J-aYI9e6d449Fh4AaABAg,썬크림은 끈적한 갑갑한느낌?
6212,yt_comment,youtube,,건조,불만,0,2026-08-08,2026-08,UsQtP5Cp4Qg/Ugy2msl5hnIRX-s6Cj54AaABAg,저 선크림에 진심이라 원래 무기자차 좋아하는데 나이를 먹으니 점점 얼굴이 건조하고 자극적이라서 유기자차를 고집하고 있었는데 쿡연주님이 좋다해서 한번 써보고싶네요 ㅠㅠ
6213,yt_comment,youtube,,끈적유분,불만,0,2026-08-08,2026-08,UsQtP5Cp4Qg/UgxxU6C4gJ6JC5h8vuJ4AaABAg,"4월부터 오랫동안 성분 하나하나 직접 테스트해서 뽑으신 1등 선크림이라니 너무 기대돼요 🥹 그동안 선크림 바르면 밀리고 끈적거려서 제대로 못 바르고 다녔는데, 백탁 없이 부드럽게 발리고 톤업까지 예쁘게 된다니 진짜 꼭 써보고 싶습니다!"
6214,yt_comment,youtube,,백탁,만족,0,2026-08-08,2026-08,UsQtP5Cp4Qg/UgwZ-Rs8Nn3AeCfSH794AaABAg,눈이 민감한 편이라 유기자차는 전혀 못바르고 무기자차만 바르는데 촉촉하고 백탁 적은 무기자차 선크림이라니 너무 좋네요😇 10일날 알람 설정 해놓겠습니다ㅎㅎ
6215,yt_comment,youtube,,밀림,불만,1,2026-08-08,2026-08,UsQtP5Cp4Qg/UgwcQ6q4cn-J0rnxIsN4AaABAg,"집에 무기자차부터 유기자차 혼합자차까지 가지고 있는 선크림,선앰플만 거의 10종류 되는거 같아요,, 민감성에 건성 피부여서 화장할때 밀림현상 때문에 좋다는 썬크림 다"
6216,yt_comment,youtube,,트러블,불만,0,2026-08-08,2026-08,UsQtP5Cp4Qg/UgyPhGrs3XQuk9rt05N4AaABAg,🥵🥵민감성 악건성이라 썬크림으로 트러블 나는 유목민인데 너무 너무 제게 필요해용🤍 20대 후반되니 자외선이 더 걱정인데 써보고시표용
6217,yt_comment,youtube,,밀림,불만,0,2026-08-10,2026-08,UsQtP5Cp4Qg/Ugzzb2ZUDdUn09DSO-94AaABAg,와 진짜 선크림 때문에 화장 맨날 밀려서 선크림 외면하는 사람으로서 이런 영상을 갑자기 자만추한다...?
6218,yt_comment,youtube,,답답무거움,불만,0,2026-08-08,2026-08,UsQtP5Cp4Qg/UgxJ2HraecsrxN41pgB4AaABAg,완전 민감성 피부라 선크림 아무거나 못바르는데 연주님 픽이라니 💙 육각형 순둥 선크림 💙써보고싶어요ㅠㅠ
6220,yt_comment,youtube,,트러블,만족,0,2026-08-08,2026-08,UsQtP5Cp4Qg/UgwINmrGvTqe4ucGxAx4AaABAg,피부가 뒤집어지고 안돌아와서 예민한데 무기자차 선크림 사용해보고 싶어요ㅠ!!
6221,yt_comment,youtube,,트러블,불만,0,2026-08-08,2026-08,UsQtP5Cp4Qg/UgzVmlzMv8YBH-2kbl54AaABAg,"얼마전 선크림 잘못사서 피부한번 뒤집어지고는 다른거 사서 쓰기 겁나서 못쓰고 있는데, 연주님이 추천해주시는거면 믿고써볼수 있겠어여❤❤"
6222,yt_comment,youtube,,백탁,불만,0,2026-08-08,2026-08,UsQtP5Cp4Qg/Ugx2yJMa-3NVEUANmYZ4AaABAg,연주님 저 진짜 선크림때문에 트러블도 계속 생겨서 고생하고 화장 밀리고 백탁에 기름기에ㅠ
6223,yt_comment,youtube,,밀림,불만,0,2026-08-08,2026-08,UsQtP5Cp4Qg/UgwbJOEv1VYBpnD4ig94AaABAg,썬크림 진짜 진짜 밀려서 때처럼 모든게 다
6224,yt_comment,youtube,,답답무거움,불만,0,2026-08-08,2026-08,UsQtP5Cp4Qg/UgwyHHeG3E-Z1oVIcy14AaABAg,이 제품도 좋지만 마일드랩 에어배리어 품절 풀리면 꼬옥 써보고 싶었어서 신청해요 🙋‍♀️🤍 피부가 예민해서 기초든 색조든 절대 아무거나 못쓰고 특히 선크림 때문에 뒤집어진적이 많아서 까다로운데ㅠ
6225,yt_comment,youtube,,백탁,불만,0,2026-08-08,2026-08,UsQtP5Cp4Qg/UgyNlaZDHxCH_7Oeds94AaABAg,"어릴때부터 선크림의 중요성을 깨닫고 있어서 꾸준히 선크림 목까지 꼼꼼히 그리고 매일 바르는 편인데 솔직히 선크림 필요하니까 바르지, 백탁 or사용감 답답 or 피부트러블 이 특징들은 어느 선크림을 발라도 피할 수 없었어요😂 평소에 애청하는 연주님 추천제품이라 매장을 4군데 돌아다니면서 찾아봤는데 정말 아무데도 해당 제품이 없더라구요...ㅜ"
6226,yt_comment,youtube,,트러블,불만,0,2026-08-08,2026-08,UsQtP5Cp4Qg/UgzGGu8VgkZgwMBBRQh4AaABAg,선크림 제대로 바르기도 어렵고 매번 트러블이 올라오고 차라리 안 바르면 붉은기도 가라앉고 트러블도 잠잠해지더라고요ㅠㅠ… 가려움까지 동반하다보니 아주 그냥 뒤집어지겠어요!!!!
6227,yt_comment,youtube,,건조,불만,1,2026-08-08,2026-08,UsQtP5Cp4Qg/UgxrVZ0sfVd1vbHeHpJ4AaABAg,발라봤는데 건조하거나 트러블생기고 이래서 좋은선크림 얼른 정착하고싶어요..이제 선크림 유목민질 그만하고파요ㅠ
6228,yt_comment,youtube,,끈적유분,불만,0,2026-08-08,2026-08,UsQtP5Cp4Qg/Ugy3_eLTtdzVjd-UcAt4AaABAg,"발라봤는데 아직도 정착을 못했어요😂 촉촉하면 기름지고, 뽀송하면 속건조하고 흑흑 연주님 추천해주신 선크림에 정착하고파요!"
6229,yt_comment,youtube,,건조,불만,0,2026-08-08,2026-08,UsQtP5Cp4Qg/Ugw0kowv5iYhBu1Pq-d4AaABAg,"너무 건조하거나 너무 촉촉해서 자외선 차단이 되고 있는건지도 의심되는 이 모든 딜레마를 갖고 있었는데, 너무 딱 맞는 제품 같아서 기대중입니다 !"
6230,yt_comment,youtube,,끈적유분,불만,0,2026-08-08,2026-08,UsQtP5Cp4Qg/Ugyxwnk_eBhs7Me0RaF4AaABAg,여름이라 땀 많이 흘리면서 안 나던 화농성까지 여러개 반복해서 나면서 피부가 예민해졌어요😢색소침착 방지하려면 많이 발라야하는데 어떤 선크림 써도 결국엔 끈적이면서 땀과 섞이면서 여드름 유발 엔딩이라 순하면서 쉽게 발리는 선크림 꼭 필요했어요!!!!❤
6232,yt_comment,youtube,,밀림,불만,14,2026-08-20,2026-08,bJGFY5ccayU/Ugx_2xl1lqRxr3RkEpp4AaABAg,전날 각질제거 해주고 선크림 발라주면 잘 안밀려요 !!
6233,yt_comment,youtube,,건조,불만,1,2026-08-13,2026-08,bJGFY5ccayU/UgyDqShuu2F0akH6_D14AaABAg,진짜 스킨케어에따라 선크림발랏을때의 건조함도 넘 다르더라구요
6234,yt_comment,youtube,,끈적유분,불만,0,2026-08-14,2026-08,bJGFY5ccayU/UgygLDPG3FJTP8vIVQp4AaABAg,그동안 썬크림 바르면 기름지거나 건조하거나 둘 중 하나였는데 감격스러움..
6235,yt_comment,youtube,,건조,만족,0,2026-08-14,2026-08,bJGFY5ccayU/UgzM_Qt1JWXBcPJRteF4AaABAg,아직까지 선크림이 건조하지도 뜨지도않고 발림성도 엄청 좋더라고요
6237,yt_comment,youtube,,백탁,만족,0,2026-08-16,2026-08,bJGFY5ccayU/UgyfEtRZtflRo4kecoR4AaABAg,"선크림 유목민이라 여러 무기자차·유기자차를 써봤는데, 이번에 추천받아 구매한 마일드랩 선크림은 백탁현상, 무기자차를 써보면 느끼는 속 당김도 거의 없고, 눈 시림도 없어서 전반적으로 만족했어요."
6238,yt_comment,youtube,,끈적유분,불만,0,2026-08-16,2026-08,bJGFY5ccayU/UgyfEtRZtflRo4kecoR4AaABAg,그래서 선크림을 바른 후 피지 흡착 파우더를 덧발라 끈적임을 줄이면 자외선 차단 효과가 떨어지는지 궁금해요
6239,yt_comment,youtube,,끈적유분,만족,0,2026-08-16,2026-08,bJGFY5ccayU/UgyfEtRZtflRo4kecoR4AaABAg.A_XmYcXU7_BA_YrAsVhlrE,파우더 처리해도 괜찮습니다❤ 다른 선크림에 비하면 끈적임이나 무거움이 정말 적은 제품인데 피부 타입에 따라 다르게 느낄 수 있을 것 같아요 🥺
6240,yt_comment,youtube,,건조,불만,0,2026-08-13,2026-08,bJGFY5ccayU/UgweqPhAdkYmX2hkGuR4AaABAg,제가 안그래도 선크림바르고 파데를 올리면 시간지나서 건조하게 뜨는것때문에 고민이 많아서 연주님 포스텝을 따라해보려는데 보습크림 단계에서 연주님은 바이오더마 울트라 크림 쓰시는것같더라구요..!!
6241,yt_comment,youtube,,끈적유분,만족,1,2026-08-08,2026-08,r7dPVMAYN1w/UgxNLD5dGWwNI13HvGZ4AaABAg,으아 목도 스킨케어랑 선크림 발라야라는거 아는데 끈적거리는거 싫어서 자꾸 안하게되네요 ㅠㅠ
6242,yt_comment,youtube,,백탁,만족,0,2026-08-08,2026-08,r7dPVMAYN1w/UgxPnKgAt4A6DJtHsb54AaABAg,선크림 백탁현상 없구 눈 시림 없구 자외선 좋은 선크림 추천해주실수 있나용❤❤
6243,yt_comment,youtube,,건조,만족,0,2026-08-08,2026-08,r7dPVMAYN1w/UgyJimLhWx_FMTTRB7V4AaABAg,따로 피부 화장을 안해서 톤업되는거 여러개 써봤는데 선크림만 바르면 얼굴이 건조해지고 땡겨서 선크림을 안바르게 돼요ㅠㅠ극건성에 저건 괜찮나요?
6244,yt_comment,youtube,,밀림,불만,0,2026-08-08,2026-08,r7dPVMAYN1w/Ugy9UrhAiSg1l02gb314AaABAg,평소에 무기자차 선크림이 자주 밀려서 궁금해요 ㅜㅡㅜ
6245,yt_comment,youtube,,트러블,불만,1,2026-08-08,2026-08,SD9waSJD8WM/UgxwQ_RSwysJGw3jSI94AaABAg.A_-RSnYaYIhA_-WO9CkirY,저도 선크림 15개나 바르면서 진짜 피부 뒤집어지고 여드름 엄청 났는데 마일드랩은 순둥 그 자체💓 믿고 구매해주시고 후기까지 주셔서 넘 감사해용🥹 쀼듯합니당
6246,yt_comment,youtube,,눈시림,만족,1,2026-08-01,2026-08,SD9waSJD8WM/Ugw1UR36w626Fxs_iGF4AaABAg,저도 무기자차만 고집하다가 눈시림없다는 ’에스네이처에서 아쿠아 365 UV선크림‘ 요즘 한두번 써보니 잘 맞는것같긴 하더라구요
6247,yt_comment,youtube,,백탁,만족,1,2026-08-01,2026-08,SD9waSJD8WM/UgwmZaNr4lFJS475iaJ4AaABAg,마일드랩 선크림 백탁이 거의 없다는게 어느 정도인가여?
6248,yt_comment,youtube,,기타불만,불만,19,2026-08-01,2026-08,BZbG1N_X_Aw/Ugx5FwD60aK2NqmT96d4AaABAg.AZtGcf9W9ceAZtHU9wWrdI,사실 옛날세대없이 3세대로만 이루져 있는 선크림이 많이 없기도 하고 제가 몇개 사본 결과 사용감도 그닥 ㅜㅜㅜ
6249,yt_comment,youtube,,백탁,불만,0,2026-08-08,2026-08,Y2VI0mApbzk/Ugyu8RKE_V3I_KHi3kR4AaABAg,💙육각형 순둥 선크림💙 예민한 피부에는 무기자차가 더 좋다고 해서 여러 선크림을 써봤지만 조금만 발라도 백탁이 심하거나 많이 바르면 답답하고 건조해져서 그냥 유기자차를 썼는데 연주님이 1등으로 뽑은 촉촉하고 성분까지 좋은 무기자차 선크림이라니 사용해보고 정착하고 싶어요ㅎㅎ
6251,yt_comment,youtube,,건조,불만,0,2026-07-22,2026-07,XCpZGmZsjfQ/UgzYQp8Q-cmJkB0oC1x4AaABAg,선크림 바르고 다니다가 (나중에 건조함이 느껴질때) 크림미스트 뿌려도 괜찮나요??
6252,yt_comment,youtube,,건조,불만,0,2026-07-22,2026-07,Gw5UYwlR-Ak/UgzUfg139ixQk73yrJF4AaABAg,"가벼운 젤크림 쓰고있는데, 아떼 무기자차 선크림까지 바르면 좀 건조해져서 크림을 다른걸로 바꿔봐야 해서요"
6253,yt_comment,youtube,,건조,불만,0,2026-07-22,2026-07,Gw5UYwlR-Ak/UgwWrf8myaXXKVKr4ON4AaABAg.AZTChTOk5m_AZTD41LC0Rf,저는 너무 건조한 겨울철에는 크림미스트 뿌려주고 있는데 손으로 두드리는 과정에서 선크림이 지워질 수 있긴해요!
6254,yt_comment,youtube,,트러블,불만,0,2026-07-22,2026-07,TSLeyMxudVM/UgyFsJ4Gcubj2EZyjo94AaABAg,최고이세요❤❤❤ 저는 후시다인 더마트러블 징크 카밍 선크림 쓰고 있는데..
6256,yt_comment,youtube,,트러블,불만,0,2026-07-22,2026-07,TSLeyMxudVM/UgydY99SVgl-5FRtr5N4AaABAg,연주님 제가 다른 유투브 영상을 보고 후시다인 선크림을 사서 발랐는데 얼굴이 완전 뒤집어졌어요...
6257,yt_comment,youtube,,트러블,불만,0,2026-07-22,2026-07,TSLeyMxudVM/UgydY99SVgl-5FRtr5N4AaABAg,피부가 뒤집어진 이유가 이 선크림의 성분이 저에게 안 맞는건지 아님 제가 세안을 잘못한건지 잘 모르겠어요ㅠㅠ
6258,yt_comment,youtube,,트러블,불만,0,2026-07-22,2026-07,TSLeyMxudVM/Ugy1BiqW72rcAynFfrt4AaABAg,후시다인 더마 트러블 징크 카밍 선크림도 궁금하네요
6259,yt_comment,youtube,,끈적유분,불만,2,2026-07-22,2026-07,TSLeyMxudVM/Ugy7uUpkMAqra1fY0JJ4AaABAg,피부 번들거림이 너무 싫은데 혹시 썬크림 바르고 파우더 발라도 되나요?
6260,yt_comment,youtube,,건조,불만,0,2026-08-08,2026-08,TSLeyMxudVM/Ugx4e7W_hB3M8U7HdK14AaABAg,"선크림 좀 발라보려고 이것저것 찾아보는데, 제가 안구건조증이 있어서 의견 부탁 드립니다."
6261,yt_comment,youtube,,트러블,불만,1,2026-07-22,2026-07,TSLeyMxudVM/UgzzqaFwPQXkOJWhAGt4AaABAg,"민감성에 장벽도 무너진 상태라 다른 순한 선크림 찾고 있었는데 또 피부뒤집어질까봐 걱정되고 아떼선크림은 뭐가 문제였는지 궁금했었는데, 성분 하나하나 설명해 주셔서 선택에 큰 도움이 됐어요"
6262,yt_comment,youtube,,백탁,만족,3,2026-07-22,2026-07,TSLeyMxudVM/UgzqX8sP4yMnvN9U-kx4AaABAg,그야말로 선크림 총정리😮 1등으로 고르신게 확실히 백탁없어보이네요❤
6263,yt_comment,youtube,,백탁,불만,0,2026-07-22,2026-07,TSLeyMxudVM/Ugwwinv2L36Y3eiArTJ4AaABAg,선크림 2중으로 바르고 백탁땜 비비만 발라줘요
6264,yt_comment,youtube,,끈적유분,불만,0,2026-07-22,2026-07,TSLeyMxudVM/UgxU7dK1R4hgfoMvK1R4AaABAg,저는 선크림 바르고 나서 기름지고 들떠서 일회용 메이크업 스펀지로 두드리는 편인데 혹시 피부&효과 면에서 안 좋을까요?
6265,yt_comment,youtube,,건조,불만,1,2026-07-22,2026-07,TSLeyMxudVM/UgzEKZIKiF2zp7BQjYF4AaABAg.AYc6bRjA56uAYc6uGqVsSb,"네네 보습크림을 잘 선택하셔야해요❤ 다음 영상에서 선크림, 화장 안밀리고 안건조한 스킨케어법 알려드리겠습니다 🎉"
6272,yt_comment,youtube,,눈시림,불만,22,2026-05-22,2026-05,O3rOsWW_Axg/UgyXm3zvb6mGxKLy8s94AaABAg,하지만 유기자차 썬크림은 바르면 너무 눈이 따가워서 무기자차 썬크림 쓰는데 그건 저렇게 많이 바르면 파데떡칠 못지않은 달걀귀신+화장둥둥뜨기의 콜라보가...
6273,yt_comment,youtube,,밀림,불만,3,2026-05-22,2026-05,O3rOsWW_Axg/UgyZEVkZSy7iKv18zvl4AaABAg,난 썬크림 저렇게 바르면 그냥 화장이 밀려버림....
6274,yt_comment,youtube,,트러블,불만,4,2026-05-22,2026-05,O3rOsWW_Axg/UgwEcbw-siPkIbEHkf14AaABAg,"연주님 몇달동안 모낭염에 시달리면서 선크림 바르고 클렌징 밀크나 워터를 써도 뒤집어 지는게 두려워서 계속 못바르고 있는데 이럴 때 어떻게 해야할까요,,,?ㅠㅠ"
6281,yt_comment,youtube,,기타불만,불만,0,2026-05-22,2026-05,g3jKXmVEL5I/UgxV155sjnFXr6lX9yp4AaABAg,선크림별로 클렌징오일 클렌징밀크 클렌징워터 세정력 비교해주세요❤
6282,yt_comment,youtube,,트러블,불만,2,2026-05-22,2026-05,g3jKXmVEL5I/UgzwNc3KQBQwnfM1ooZ4AaABAg,뭔가 느낌상 유기자차가 촉촉하고 순한 느낌이라 20년대 이후론 그것만 샀는데 순하다고 유명한 선크림을 써도 첨엔 괜찮다가 햇빛에 좀 돌아댕기거나 더워서 얼굴에 열나기 시작하면 뒤집어지고 주사피부염 도지고 난리가 나더라고요..
6283,yt_comment,youtube,,트러블,불만,0,2026-06-22,2026-06,g3jKXmVEL5I/Ugwviu8Ysorhg8mI3ft4AaABAg,썬크림 잘못 썼다가 피부 심하게 뒤집어졌었는데 이 영상보고 성분 확인해보니 1세대 유기자차 제품이었어요...
6284,yt_comment,youtube,,발림텍스처,만족,0,2026-06-22,2026-06,g3jKXmVEL5I/UgwG6YnZxxYqghjpqLt4AaABAg,(유기자차는 눈시림 때문에 못써서ㅠㅠ) 올리브영 가서 톤업 해주면서도 발림성 좋은 거 두 개 골랐는데 알려주신 성분들 (무기자차 2가지 + 3세대 유기자차) 복사해서 챗지피티에 넣고 제가 고른 선크림 두 개 전체 성분도 복사붙여 해서 비교해봤더니 하나는 무기자차 성분+1시대 유기자차 성분이고 다른 하나는 무기자차 성분+3세대 유기자차 성분 섞은거더라고요!!
6285,yt_comment,youtube,,백탁,불만,0,2026-06-22,2026-06,g3jKXmVEL5I/UgxazPhcukLuQUHAprR4AaABAg,백탁 싫고 사용감 때문에 유기자차나 혼합자차만 쓰는데 요즘 선크림만 바르면 화끈거리고 따갑더라고요..
6286,yt_comment,youtube,,백탁,만족,0,2026-07-25,2026-07,g3jKXmVEL5I/UgxkF7WIpGTDbge3pod4AaABAg,에뛰드 피지쏙 무기자차 선크림이 백탁도 덜해 거의없고 촉촉하면서 보송해서 여름선크림 찾았다!
6287,yt_comment,youtube,,눈시림,만족,0,2026-05-22,2026-05,g3jKXmVEL5I/Ugzo1M8araxXOzelb8x4AaABAg,눈시림때문에 선크림 안바른다는 남편 무기자차로 발라줘야겠어요!
6288,yt_comment,youtube,,기타불만,불만,2,2026-05-22,2026-05,g3jKXmVEL5I/UgydbSLfoo95o4swQG14AaABAg,"지금 30대 초인데, 20대 초~중반까지 선크림 잘 안 바른게 후회되네요😭 그땐 유튜브를 많이 보지도 않았고 이런 콘텐츠도 없었다죠… 좀 늦었더라도 선크림 열심히 바르면서, 비타민C 같은 성분들도 잘 챙겨주면 시간을 되돌릴 순 없어도 좀 보완할 수 있을까요…?🥲 저 같은 사람들이 선크림 외에도 챙기면 좋을 성분이나 화장품, 관리법 추천해주시면 좋겠습니다…!🙏💕"
6289,yt_comment,youtube,,트러블,불만,1,2026-05-22,2026-05,g3jKXmVEL5I/UgysIy-ICdfW7sZkOa14AaABAg,저는 유기자차 썬크림 바르면 트러블나서 무기자차만 쓰는데요.
6291,yt_comment,youtube,,톤업색상,불만,1,2026-05-22,2026-05,g3jKXmVEL5I/UgwNBagATmeZGM2LYz54AaABAg,그리고 자차성분 두개 바른다고 합쳐지는게 아니라 더 불안정해질수도 있다고 봤는데 대부분 여성분들은 선크림바르고 화장하시는데 베이스에도 차단되는 성분 들어있는경우 대부분인데 그러면 선크림 바르고 화장하면 의미 없을 확률도 있는건가요????저같은경우 톤업선크림이나 살색파데프리 선크림 많이 바르기 부담스러워서 무기자차 선크림이링 반반 섞어서 바를때도 있었는데 안좋은 행동이였던거같네요
6292,yt_comment,youtube,,건조,만족,0,2026-08-08,2026-08,g3jKXmVEL5I/UgyrclALlG5hR_HSVq14AaABAg.A_-liBsiEeKA_024cFUD9R,원래도 속건조가 있는데 기초만 할때는 덜한데 선크림 바르면 유독 더 그래요😢
6295,yt_comment,youtube,,끈적유분,불만,1,2025-09-22,2025-09,9NyJFU8EvQU/UgwPKnYk5cN8BXwHmBl4AaABAg,선스틱은 끈적거리는게 있지만 스킨천사 선스틱이 뽀송해서 파우더처럼 뽀용뽀송 해요!
6296,yt_comment,youtube,,끈적유분,불만,1,2025-08-22,2025-08,9NyJFU8EvQU/Ugxoy9ouwbZL08JYRj14AaABAg,선크림 기름지면 파우더 사보는 게 어때요??
6297,yt_comment,youtube,,기타불만,만족,1,2025-08-22,2025-08,9NyJFU8EvQU/Ugwal7N6q-gXbuPQ1ZB4AaABAg,수분썬크림은 기름 별로 안져요
6298,yt_comment,youtube,,끈적유분,불만,0,2025-08-22,2025-08,9NyJFU8EvQU/UgzB-FjeYa6fikMnvK14AaABAg,썬크림 같이 끈적할 땐 파우더 바르면 되요
6299,yt_comment,youtube,,끈적유분,만족,0,2025-08-22,2025-08,9NyJFU8EvQU/UgwVXpYbKirJEBwUi4N4AaABAg,선크림 기름지지 않은거 쿠션 타입이 있는데 그거 쓰시면 되요
6300,yt_comment,youtube,,끈적유분,불만,0,2025-08-22,2025-08,9NyJFU8EvQU/Ugxb_IlTb0ywA4F4FCp4AaABAg,썬크림 바르고 파우더 하면 안끈적거리고 뽀송해져요
6301,yt_comment,youtube,,자극따가움,불만,36,2026-02-22,2026-02,uhh3VReiea0/Ugzq0cLB4R2_uODYGfV4AaABAg.AT-hj3ofxEOAT3aPqrLqTN,나이아신아마이드가격도 싼데 건성 민감성은 따가워서 못 써서 슬픈 ㅠㅜ특히 고함량일때 욕나오게 따가움ㅋㅋ근데 요샌 무기자차 선크림에까지 넣어서 선크림 살때도 그거 때문에 다른 제품 골라야 하는ㅠㅠ
6302,yt_comment,youtube,,건조,불만,80,2026-06-22,2026-06,K40cCvdGAeI/UgxGV-PlzKCNK2ntJlx4AaABAg,극지성인 나같경 토너에 선크림만 바르고 매트쿠션에 파우더까지 해도 안건조함
6303,yt_comment,youtube,,건조,불만,2,2026-06-22,2026-06,K40cCvdGAeI/UgzatUF8_MoWxqiiWEl4AaABAg,"더해야해요..기름진 크림바르고 장벽크림바르고해도 1시간만 지나면 각질우수수,, 그리고 화장은 안하지만 무기자차선크림도 진짜건조해서 에스트라 미스트뿌려요ㅋㅋ.."
6304,yt_comment,youtube,,건조,불만,0,2026-06-22,2026-06,K40cCvdGAeI/UgyiRxNQVi6oD939MVt4AaABAg,악건성에 건조한 나라에 사는데 저는 토너 5~6겹 수분앰플 비타민c앰플 로션 선크림 발라요
6305,yt_comment,youtube,,백탁,만족,0,2026-08-08,2026-08,WDgT-ML3o6U/UgwTLFn3YGZ7qTLCnrx4AaABAg.A_-SgrlzwaHA_2PLJXtsyt,아니면 백탁없는 수분크림 질감의 선크림 시중에 많으니 그런 종류로 bb나 톤업크림이랑 믹스하거나 얇게 스펀지로 두드려서 바르세요.
6306,yt_comment,youtube,,끈적유분,만족,0,2026-08-01,2026-08,UMevj_vsCmE/Ugwv8XPBw2NLCNR-ch94AaABAg.AZtwZknI5rpAZuOGu6nGtQ,"이번 영상에서 '자외선 차단 기능'과 '실제 손 노화 방지, 끈적이지 않는 사용감'의 밸런스에 초점을 맞추다"
6307,yt_comment,youtube,,트러블,불만,1,2026-01-22,2026-01,D_TBJyVXsWI/UgzNsV-YwysvUPAlm-t4AaABAg.AHcI35buTxHAResvMKbZz_,"톤업 선크림 기초, 애교살 라이너로 애교살 그리고 컨실러로 트러블이랑 주근깨 같은 거만 가려주시고 생기만 올려주는 틴트나 컬러립밤 바르면 엄청 자연스러워요ㅎㅎ"
6309,yt_comment,youtube,,건조,불만,1,2026-08-09,2026-08,vkukxW34BLY/Ugxnia9JXJPt8653TFp4AaABAg.A_FSRFm_nIKA_FXG7TD1v3,"😭 스킨만 바르면 수분이 금방 날아가 속건조가 심해지고, 선크림을 안 바르면 자외선이 무방비로 침투해 피부 콜라겐을 파괴하고 잡티를 짙어지게 만듭니다."
6310,yt_comment,youtube,,트러블,불만,1,2026-08-09,2026-08,vkukxW34BLY/Ugxnia9JXJPt8653TFp4AaABAg.A_FSRFm_nIKA_FXG7TD1v3,민감성 피부가 선크림에 뒤집어지는 건 대부분 '유기 자차(화학적 차단제)' 성분 때문입니다.
6311,yt_comment,youtube,,트러블,불만,9,2026-01-22,2026-01,aAZMaJsH5pY/UgwIiAYkNBgNfxIkSYx4AaABAg.ARi0y9iUmXqARi4tbN8PcZ,"지금부터 화장을 많이 하면 트러블 나니까 그냥 톤업 선크림이랑 틴트,컬러 립밤이랑 애교살만 해도 되요,트러블이 날 수도 있으니까 피부 성분에 따라 스킨케어 제품을 사는 것도 좋아요!"
6312,yt_comment,youtube,,트러블,불만,2,2026-01-22,2026-01,aAZMaJsH5pY/UgwIiAYkNBgNfxIkSYx4AaABAg.ARi0y9iUmXqARiSTM4Th0E,/1/톤업 썬크림!파대는 아직 쓰긴 너무 어리다보니 트러블이 날수있어요
6313,yt_comment,youtube,,트러블,불만,0,2026-02-22,2026-02,aAZMaJsH5pY/UgxUuJiZ0auy9uYLeIV4AaABAg,전 작년 부터 화장을 조금씩 하게 되었는데 파데/쿠션을 바르면 피부가 뒤집어 질수 있어서 식물나라 톤업 선 쿠션이나 자작나무 수분 톤업 선크림을 바르는게 좋고요!
6315,yt_comment,youtube,,건조,만족,2,2026-01-22,2026-01,aAZMaJsH5pY/UgzbZxBfgKGbzmFkTkV4AaABAg,"선크림에비해 건조하지만 악건성이 아닌이상 기초만 잘 해주면 괜찮아욤❤ 2)틴트, 컬러립밤 틴트도 나쁘진 않지만 컬러립밤을 더 추천드립니다"
6316,yt_comment,youtube,,건조,불만,16,2025-12-22,2025-12,DHripVnVP4k/UgwpK2IC-ldPFP-JMCp4AaABAg,저는 피부가 얇고 건조하며 기미가 있는 타입인데 토너 세럼 바르고 5분 돌아다닌후(청소를 하거나 설거지를 하거나 화초를 보거나 유튜브를 보거나..) 크림 바르고 또 돌아다니고 선크림 바른후 돌아다니고 이런식으로 기초를 합니다.
6317,yt_comment,youtube,,트러블,불만,0,2025-10-22,2025-10,IlfYNIhPIJE/UgyQCMu7IKRdxqj1qV14AaABAg,"여드름 피부가 쓰기 좋은 파데 프리 비비, 선크림 추천해주세요!!!"
6318,yt_comment,youtube,,밀림,불만,1,2026-04-22,2026-04,Rs1-nH-YEYs/UgyBzuIxhs2HGFfIn4l4AaABAg,썬크림이 문제인지 요즘 계속 화장이 밀려요 ㅡㅡ 환장하겄네😊
6320,yt_comment,youtube,,눈시림,만족,7,2026-04-22,2026-04,5r6v0jJJEmQ/Ugzko8sM2e3_30F47054AaABAg,디렉터파이님 덕분에 화장품 성분을 조금은 볼 줄 알게 되었고 눈시림 없는 선크림도 고를 줄 알게 되었습니다.
6321,yt_comment,youtube,,용량가격,만족,1,2026-05-22,2026-05,5r6v0jJJEmQ/Ugygb6xPzrE2PdtUO8p4AaABAg,예전에 추천해주신 단종된 라운드어라운드 선크림 같은 성분도 좋고 가성비 좋은 제품 추천해주세요~
6322,yt_comment,youtube,,눈시림,불만,1,2026-05-22,2026-05,5r6v0jJJEmQ/Ugygb6xPzrE2PdtUO8p4AaABAg,(이 영상의 싸이닉 제품은 찾아보니 눈시림 있다는 리뷰도 있길래요.) 그리고 디파님이 제품 론칭하신 거 말고 2026 선크림 TOP of TOP 영상은 올해 안 만드시나요?
6323,yt_comment,youtube,,끈적유분,만족,0,2026-05-22,2026-05,5r6v0jJJEmQ/UgzqkXymUksypPHXkT54AaABAg,선크림도 사놓고 그냥 남아서 스티커 끈적임 제거제로.
6324,yt_comment,youtube,,끈적유분,만족,4,2026-04-22,2026-04,VgjjS-VNIF0/UgxESG1SQo-9LOFZKZF4AaABAg.AVPg86D1ad8AVPkwBYcVS3,"예를들어 수분 베이스의 앰플이 각질층에 온전히 스며들기 전에(즉, 충분히 흡수시킬 시간을 주지 않고) 유분이나 실리콘 베이스의 크림, 선크림을 냅다"
6325,yt_comment,youtube,,건조,불만,1,2026-06-22,2026-06,VgjjS-VNIF0/UgwhXTURxkSp7PJlKSZ4AaABAg,유기자차썬크림을 바르면 따가워 제로이드이지워시썬ㄱ느림을 바르는데 건조하고 당기는 느낌인데 해결책이 있을까요
6326,yt_comment,youtube,,눈시림,불만,0,2026-04-22,2026-04,VgjjS-VNIF0/UgyjKE5I0XGNsd_boQt4AaABAg.AVWxl7zWpkyAVXHlM81OTn,@피부는희쌤 우와 정성스런 답변 너무너무 감사드려요~~^^ 그렇잖아도 눈시림때문에 선크림도 가려서 쓰는데 추천제품들 잘 구입해서 요거저거 써보겠습니다^^
6329,yt_comment,youtube,,건조,불만,0,2025-11-22,2025-11,oDUze8l2hmM/UgyCe7bWXLFRZjXHqJN4AaABAg,아떼 무기자차 선크림 스완님은 겨울에 안건조하신가요??
6333,yt_comment,youtube,,답답무거움,불만,0,2026-06-22,2026-06,QEYhvFdySME/UgzGPLjTy2firV9lO8t4AaABAg,로션하고 선크림은 아무거나 발라도 되나요?
6334,yt_comment,youtube,,기타불만,불만,0,2026-05-22,2026-05,I6JE4CD1ZY0/UgxaC2IQnALzLcVjGf94AaABAg,저 퓌 궁금햇눈데 솔직 후기 올려줘서 속 시원하규 조아요오 전 지복합성 수부지 피부인뎅 별로이군뇨😂 후기 감사합니댜요🙇🤍😚🩷😘 저 VT 피디알엔 글로우 앰플 미스트랑 AHC 마스터즈 에어리치 선스틱듀 궁금해요옹😚🤍🩵
6335,yt_comment,youtube,,끈적유분,불만,0,2026-03-23,2026-03,-qaD-T_yY1M/UgwcB9gD3TGFPKY_dVd4AaABAg.AUN-p3EWT5EAUS9e-nec7z,​ @ascjsickalxianx 아뇨 흡수가 되기전에 다른걸 레이어드 하거나 유분기 많은 썬크림 바르면 밀리게 되어있어요😊
6336,yt_comment,youtube,,용량가격,불만,3,2026-03-23,2026-03,k71F-EDSB_c/UgzYcNFzDQEoV09R0XR4AaABAg,"내 8분이면 양치하고 달려가서 선크림쿠션 뚜그당 두들기고 만만한(잘 어울리고, 세게 발라도 홍당무 안 되게 발색 너무 강하지 않고, 가격도 착하고 파우더리한.."
6337,yt_comment,youtube,,트러블,만족,8,2026-06-23,2026-06,qiXl39mQeI8/UgwCyt1NgccKiMn8EPx4AaABAg,했는데 이걸로 지우고 나서부터 트러블이 안 나서 확신함 클렌징밤으로 지울 때는 얼마 안 가서 트러블 남 트러블도 안 나고 선크림 사용했을 때 간단하게만 지우면 돼서 좋음 저번에도 대용량 쓸 때 꽤 오래 썼어서 이번에 많이 쟁여둬야지…
6338,yt_comment,youtube,,백탁,만족,1,2026-06-23,2026-06,5Ko0-WBoDHo/UgxbE9SuFGnGqeajX1p4AaABAg,백탁없는 선크림은 클렌징폼으로만 하면안되나요..ㅜ
6339,yt_comment,youtube,,건조,불만,0,2026-07-23,2026-07,5Ko0-WBoDHo/UgyER6cJbf-UiXUhiYF4AaABAg,"이즈앤트리 참마 클렌징밀크는 세정력이 너무 좋아서, 선크림 세정할 때는 좋은데, 나처럼 속건조 있어서 아침에도 클밀 쓰는 사람한테는 건조해짐.."
6344,yt_comment,youtube,,트러블,불만,1,2026-05-23,2026-05,RDzbs5ur7VY/UgxmG-j7chWTN5xq1B94AaABAg,시간 오래 지나면 선크림이 피부를 오히려 트러블나게 하는 것 같아서요ㅜ
6345,yt_comment,youtube,,트러블,불만,1,2025-12-23,2025-12,wvzCS9r4qyY/Ugx3Mkkapwtrl0KESzV4AaABAg,트러블 위에 보습제랑 선크림 발라도 될지 몰라서 요즘 미치겠네요ㅠ
6346,yt_comment,youtube,,밀림,불만,1,2025-12-23,2025-12,wvzCS9r4qyY/UgwYpTHYc3hhXQl3t6h4AaABAg,"저는 평소에 토너-앰플-보습크림 소량-선크림-픽서-커버크림 순으로 바르는데, 각 단계별로 흡수는 기본으로 하고 있거든용 그런데도 떼처럼 밀리는 건 각질 때문일까요, 아님 과도한 스킨케어 때문일까용 ㅜㅜ"
6347,yt_comment,youtube,,밀림,불만,0,2025-12-23,2025-12,wvzCS9r4qyY/UgwYpTHYc3hhXQl3t6h4AaABAg.AQg-zgh95bfAQmKTi31MI6,"픽서랑 커버크림 순서가 바뀐 것 같고, 앞에 스킨케어 어떤 제품을 쓰시는 지 몰라서 정확한 답변은 어렵지만 밀려나오면 선크림을 유기자차로 바꿔 보시는 것도 방법일 것 같아요!"
6349,yt_comment,youtube,,끈적유분,불만,0,2026-08-09,2026-08,ImCE4YtzACU/UgxOMHhd8110qHzENMJ4AaABAg,수부지라 수분 세럼 or 크림 바르면 화장할 때 기름지거나 속은 건조하고 겉만 번들번들한 경우가 많아요😂 그래서 그냥 토너패드 + 선크림으로 화장하면 나중에 건조하거나 화장이 가루마냥 무너지더라구요ㅜㅜㅜ
6350,yt_comment,youtube,,자극따가움,불만,0,2026-07-23,2026-07,0oIm0N-OxlI/UgxgPBHKM7lcRDp50-R4AaABAg,"세럼, 에센스같은 물같은 제형?만 얹으면 자극되는건지 벌겋게 달아오르고 따가워서 토너패드로 각질만 좀 누르고 바로 선크림 얹습니다.....그게 제일 자극이 덜 하더라구요.."
6352,yt_comment,youtube,,톤업색상,만족,1,2026-05-23,2026-05,n16izTRUg78/Ugz-oM-UVLcMLg_w9JR4AaABAg,평소에 아이 등하원하는 일정 말고 외출 없으면 톤업 선크림에 다크만 컨실러로 가리고 최대한 화장 안하는데 조금 더 커버가 되면 좋겠다
6354,yt_comment,youtube,,트러블,불만,0,2025-09-23,2025-09,W9a6YCAGAds/UgzzBVMN2KcBaWDB8C54AaABAg,트루님 저 선크림만 바른날도 얼굴에 남아있음 찝찝해서 클렌징오일로 세안하고 폼클로 세안했는데 봄까지는 괜찮다가 여름되니 확 뒤집어져서 좁쌀 우두두두 나서 짜고 얼굴 멍게되었는데 너무 과도한 세안을 해서 그런걸까여 흑흑
6355,yt_comment,youtube,,답답무거움,불만,0,2025-11-23,2025-11,W9a6YCAGAds/UgzcgUiigJEd8DHbx8R4AaABAg,"흡수된거 같으면 로션 발라줘요 (온그리디언츠,일리윤,에스트라 아무거나 바릅니다) 그러고 머리 말려주고 겨울에는 좀 건조하니까 그 위에 크림 한 겹 얇게 바르고 화장 시작하고 여름에는 정샘물 미스트 한 번 촥 뿌리고 썬크림 바르고 베이스프렙하고 (베이스프렙도 바르고 가만히 좀 냅둬줘야 화장이 잘 먹어요) 베이스프렙 좀 마를동안 사이드뱅 에어랩해주고 머리 끝쪽에 에센스 발라주고 그 담에 화장해주면 화잘먹입니다"
6356,yt_comment,youtube,,눈시림,불만,2,2025-10-23,2025-10,W9a6YCAGAds/UgxcMC_QlTMMpHjRv3V4AaABAg,혹시 썬크림 눈시림때문에사용하기 어려운데 혹시 없는애들있나요ㅜㅜ
6357,yt_comment,youtube,,톤업색상,불만,0,2026-06-23,2026-06,uhJ69zs1HLU/UgyTgV6gup2BFhLv8yp4AaABAg,평소에 선크림or퓌 톤업베이스만 바르고 다녀서 pdrn클렌징밀크 이거 하나로 이중세안 없이 잘쓰고있는데 유일한 단점..
